Stats,MonthYear,Date,SKU,Qty,Rate,Total,Party Name,Address,Number,Sides (If any),Address,Number,Courier Pref,Info 1,Info 2,Info 3,WB,
Done,Aug24,1-Aug,Mi 23.8'' Desktop Monitor 1C,1,12547,12547,Daraz,"Asfia tower - 76, Road-11, Block-E,  Banani ",8801847420050,daraz,daraz,daraz,Self Delivery,daraz,0,E-Com,,
Done,Aug24,1-Aug,Xiaomi Mijia Gel Ink Pen (10 Pcs),1,650,650,Daraz,"Asfia tower - 76, Road-11, Block-E,  Banani ",8801847420050,daraz,daraz,daraz,Self Delivery,daraz,0,E-Com,,
Done,Aug24,1-Aug,Mi Smart Scale 2,1,2790,2790,Daraz,"Asfia tower - 76, Road-11, Block-E,  Banani ",8801847420050,daraz,daraz,daraz,Self Delivery,daraz,0,E-Com,,
Done,Aug24,1-Aug,Mi Smart Air Fryer 3.5L,1,8490,8490,Silver Water Technologies Bangladesh Limited,"HOUSE- 26, ROAD-07, BLOCK- C, NIKETON, GULSHAN1, PS-GULSHAN, DHAKA",8801715601888,,,,Self Delivery,,0,E-Com,,
Done,Aug24,3-Aug,Mi Motion-Activated Night Light 2,1,590,590,Daraz,"Asfia tower - 76, Road-11, Block-E,  Banani ",8801847420050,daraz,daraz,daraz,Self Delivery,daraz,0,E-Com,,
Done,Aug24,3-Aug,Redmi Buds 3 Pro,50,3790,189500,Sumash Tech Ltd.,"L#5, Shop # 108-111, B.City, Dhaka",8801676163308,,,,Self Delivery,,0,B2B,,
Done,Aug24,10-Aug,Xiaomi Wireless Keyboard and Mouse Combo,1,2250,2250,Daraz,"Asfia tower - 76, Road-11, Block-E,  Banani ",8801847420050,daraz,daraz,daraz,Self Delivery,daraz,0,E-Com,,
Done,Aug24,10-Aug,Mi Dual Mode Wireless Mouse Silent Edition,1,944,944,Daraz,"Asfia tower - 76, Road-11, Block-E,  Banani ",8801847420050,daraz,daraz,daraz,Self Delivery,daraz,0,E-Com,,
Done,Aug24,10-Aug,Xiaomi Mijia Gel Ink Pen (10 Pcs),2,620,1240,Daraz,"Asfia tower - 76, Road-11, Block-E,  Banani ",8801847420050,daraz,daraz,daraz,Self Delivery,daraz,0,E-Com,,
Done,Aug24,10-Aug,Mi 23.8'' Desktop Monitor 1C,1,12980,12980,Daraz,"Asfia tower - 76, Road-11, Block-E,  Banani ",8801847420050,daraz,daraz,daraz,Self Delivery,daraz,0,E-Com,,
Done,Aug24,10-Aug,Xiaomi Portable Electric Air Compressor 1S,1,3500,3500,Robi Shop,"FlingEx Warehouse. 159/C Tejgaon Industrial Area, Dhaka, Bangladesh.",8801833623322,,,,Self Delivery,,0,E-Com,,
Done,Aug24,11-Aug,Xiaomi TV A Pro 43 Inch,1,36990,36990,Shohan Electronics ,Hard Metal Gallery ,8801726728024,Rana Kundu ,Nirala Khulna Sadar ,01886296702,Sundarban,,00,0031 - Adnan Billah,,
Done,Aug24,11-Aug,Xiaomi Mijia Gel Ink Pen (10 Pcs),1,620,620,Daraz,"Asfia tower - 76, Road-11, Block-E,  Banani ",8801847420050,daraz,daraz,daraz,Self Delivery,daraz,0,E-Com,,
Done,Aug24,11-Aug,Mi Dual Mode Wireless Mouse Silent Edition,1,1140,1140,Gadget & Gear (E-Com),"Police Plaza Concord (Tower 2), Gulshan 1, Dhaka 1212.",8801318236986,,,,Self Delivery,,0,E-Com,,
Done,Aug24,12-Aug,Mi Smart Scale 2,1,2610,2610,Daraz,"Asfia tower - 76, Road-11, Block-E,  Banani ",8801847420050,daraz,daraz,daraz,Self Delivery,daraz,0,E-Com,,
Done,Aug24,12-Aug,Mi 23.8'' Desktop Monitor 1C,1,12980,12980,Daraz,"Asfia tower - 76, Road-11, Block-E,  Banani ",8801847420050,daraz,daraz,daraz,Self Delivery,daraz,0,E-Com,,
Done,Aug24,12-Aug,Xiaomi Wireless Keyboard and Mouse Combo,1,1990,1990,Sumash Tech Ltd.,"L#5, Shop # 108-111, B.City, Dhaka",8801676163308,,,,Self Delivery,,0,B2B,,
Done,Aug24,12-Aug,Mi Motion-Activated Night Light 2,1,780,780,Sumash Tech Ltd.,"L#5, Shop # 108-111, B.City, Dhaka",8801676163308,,,,Self Delivery,,0,B2B,,
Done,Aug24,12-Aug,A2 18K VIOMI AC Split (Non-Inverter) 1.5 Ton,5,45000,225000,Brand Bazaar ,"House # 3, Road # 3, Mirpur Road, Dhanmondi, (Beside City College), Dhaka, Bangladesh, 1205",8801711903044,,,,Self Delivery,,,0033 - Imran Hossain - DHK,,
Done,Aug24,12-Aug,Xiaomi Wireless Keyboard and Mouse Combo,1,1990,1990,Sumash Tech Ltd.,"L#5, Shop # 108-111, B.City, Dhaka",8801676163308,,,,Self Delivery,,0,B2B,,
Done,Aug24,13-Aug,Xiaomi Mijia Gel Ink Pen (10 Pcs),1,608,608,Daraz,"Asfia tower - 76, Road-11, Block-E,  Banani ",8801847420050,daraz,daraz,daraz,Self Delivery,daraz,0,E-Com,,
Done,Aug24,13-Aug,Mi Dual Mode Wireless Mouse Silent Edition,1,944,944,Daraz,"Asfia tower - 76, Road-11, Block-E,  Banani ",8801847420050,daraz,daraz,daraz,Self Delivery,daraz,0,E-Com,,
Done,Aug24,13-Aug,Xiaomi Mijia Gel Ink Pen (10 Pcs),1,620,620,Daraz,"Asfia tower - 76, Road-11, Block-E,  Banani ",8801847420050,daraz,daraz,daraz,Self Delivery,daraz,0,E-Com,,
Done,Aug24,13-Aug,Mi Smart Air Fryer 3.5L,1,9690,9690,Daraz,"Asfia tower - 76, Road-11, Block-E,  Banani ",8801847420050,daraz,daraz,daraz,Self Delivery,daraz,0,E-Com,,
Done,Aug24,13-Aug,Mi 23.8'' Desktop Monitor 1C,1,12980,12980,Daraz,"Asfia tower - 76, Road-11, Block-E,  Banani ",8801847420050,darazdaraz,daraz,,Self Delivery,daraz,0,E-Com,,
Done,Aug24,13-Aug,Xiaomi Monitor A22i,2,9190,18380,Daraz,"Asfia tower - 76, Road-11, Block-E,  Banani ",8801847420050,daraz,daraz,daraz,Self Delivery,daraz,0,E-Com,,
Done,Aug24,13-Aug,Xiaomi Portable Electric Air Compressor 1S,1,3500,3500,Robi Shop,"FlingEx Warehouse. 159/C Tejgaon Industrial Area, Dhaka, Bangladesh.",8801833623322,,,,Self Delivery,,0,E-Com,,
Done,Aug24,14-Aug,Mi Smart Scale 2,2,2610,5220,Daraz,"Asfia tower - 76, Road-11, Block-E,  Banani ",8801847420050,daraz,daraz,daraz,Self Delivery,daraz,0,E-Com,,
Done,Aug24,14-Aug,Mi Dual Mode Wireless Mouse Silent Edition,1,944,944,Daraz,"Asfia tower - 76, Road-11, Block-E,  Banani ",8801847420050,daraz,daraz,daraz,Self Delivery,daraz,0,E-Com,,
Done,Aug24,14-Aug,Xiaomi Portable Electric Air Compressor 1S,5,3500,17500,Robi Shop,"FlingEx Warehouse. 159/C Tejgaon Industrial Area, Dhaka, Bangladesh.",8801833623322,,,,Self Delivery,,0,E-Com,,
Done,Aug24,14-Aug,Xiaomi TV A Pro 32 Inch,10,20990,209900,Jahidul Electronics ,Uttor kanchon Bazar Rupganj Narayanganj ,8801716738591,,,,No Preference,"Date-14-08-24

Dealer Name- Jahidul Electronics 

Order - 
32""-15pcs 

Amount= 3,14,850.

Previous advance in HQ = 4,13,210tk 

",00,0023 - Abdur Rahman,,
Done,Aug24,14-Aug,Xiaomi TV A Pro 32 Inch,10,20990,209900,Smart home appliances ,"Alipur, Faridpur ",8801318300516,,,,Sundarban,,,0026 - Ohidul Islam,,
Done,Aug24,14-Aug,Xiaomi TV A Pro 32 Inch,10,20790,207900,New Friends Electronics,"Stadium market, Shop no - 29, Saif Electronics ",8801817097172,,,,Self Delivery,,,0033 - Imran Hossain - DHK,,
Done,Aug24,14-Aug,Xiaomi TV A Pro 32 Inch,1,20990,20990,Cegate Technology,Sadar Rangpur. ,8801713428230,0,0,0,Sundarban,,0,0019 - Hafizur Rahman,,
Done,Aug24,14-Aug,Xiaomi TV A Pro 32 Inch,1,20990,20990,Computer Park,"Shop No: 6,9,10 BSC Complex, 24-25 KDA Avenue, Tetultola Mor, Khulna.",8801750106455,Nill,Nill,Nill,No Preference,Only Shawdagor courier,00,0031 - Adnan Billah,,
Done,Aug24,14-Aug,Xiaomi Monitor A22i,1,8500,8500,Computer Park,"Shop No: 6,9,10 BSC Complex, 24-25 KDA Avenue, Tetultola Mor, Khulna.",8801750106455,Nill,Nill,Nill,No Preference,Only Shawdagor courier e diben ,00,0031 - Adnan Billah,,
Done,Aug24,14-Aug,Xiaomi TV A Pro 32 Inch,10,20990,209900,Brand Bazaar ,"House # 3, Road # 3, Mirpur Road, Dhanmondi, (Beside City College), Dhaka, Bangladesh, 1205",8801711903044,,,,Self Delivery,,,0033 - Imran Hossain - DHK,,
Done,Aug24,14-Aug,Xiaomi TV A Pro 32 Inch,1,20990,20990,Bangladesh Telecom Plus ,"Sadar,Chuadanga ",8801707858382,,,,Sundarban,,,0031 - Adnan Billah,,
Done,Aug24,15-Aug,Xiaomi TV A Pro 32 Inch,5,20990,104950,Shafin Enterprise ,"Ekota Super Market,(3rd Floor) ,Dokan No-317, Modonpur,Bondar , Narayanganj ",8801902604413,,,,No Preference,"His Money In advance in Amaya HQ .

Reference - Emran Bhai ",00,0023 - Abdur Rahman,,
Done,Aug24,15-Aug,Xiaomi TV A Pro 32 Inch,15,20990,314850,FM Electronics,"Rifle Club, Nandan Kanon, Chittagong.",8801824946334,,,,No Preference,,,0025 - Imran Hossain - CTG,,
Done,Aug24,15-Aug,Xiaomi TV A Pro 32 Inch,5,20990,104950,Bj Electronics,"Ctg shopping complex,Ctg",8801734640607,,,,No Preference,,,0025 - Imran Hossain - CTG,,
Done,Aug24,15-Aug,Xiaomi TV A Pro 32 Inch,2,20990,41980,Alliance Electronics ,"Mouchak Plaza,CDA Market,Pahartaly,Ctg",8801611232439,,,,No Preference,,,0025 - Imran Hossain - CTG,,
Done,Aug24,15-Aug,Xiaomi TV A Pro 32 Inch,3,20990,62970,Sheba Electronics ,"Ajompur bus stop Rajuk commercial shopping complex Level 05, shop no 620, Dhaka 1230",8801745308008,Hasan,Jatrabari SB Branch,8801962669483,Self Delivery,"32"" 1 pcs delivery to Jatrabari office delivery & 2 pcs delivery to Sheba",,0035 - Md.Rejaul Islam Sujon,,
Done,Aug24,15-Aug,Mi Dual Mode Wireless Mouse Silent Edition,1,944,944,Daraz,"Asfia tower - 76, Road-11, Block-E,  Banani ",8801847420050,daraz,daraz,daraz,Self Delivery,daraz,0,E-Com,,
Done,Aug24,15-Aug,Xiaomi TV A Pro 32 Inch,2,20990,41980,Shohan Electronics ,Hard metal gallery Dakbangla Khulna ,8801726728024,Nill,Nill,Nill,AJR,,00,0031 - Adnan Billah,,
Done,Aug24,15-Aug,Xiaomi TV A Pro 32 Inch,1,20990,20990,Shohan Electronics ,Hard metal Gallery Dakbangla Khulna ,8801726728024,Rabbi Hossen ,Jhinadh Sadar ,01979974760,Sundarban,,00,0031 - Adnan Billah,,
Cancelation,Aug24,15-Aug,Xiaomi TV A Pro 32 Inch,,,0,Bangladesh Telecom Plus ,"Joaddar plaza , Badur total Chuadanga Sadar , Chuadanga.",8801707858382,Nill,Nill,Nill,Sundarban,,00,0031 - Adnan Billah,,
Done,Aug24,15-Aug,Xiaomi TV A Pro 32 Inch,3,20990,62970,Raton electronics ,"Milkvita road, Takerhat, Madaripur ",8801711398333,,,,Sundarban,,,0026 - Ohidul Islam,,
Done,Aug24,17-Aug,Xiaomi TV A Pro 32 Inch,4,20990,83960,Mollick electronics ,"Torofder new market,Jibonnagor,Chuadanga ",8801922487846,,,,Sundarban,,,0026 - Ohidul Islam,,
Done,Aug24,17-Aug,Xiaomi TV A Pro 32 Inch,5,20990,104950,Aristo computer ,"Lavli tower, sadar,Kustia ",8801711450101,,,,Sundarban,,,0026 - Ohidul Islam,,
Done,Aug24,17-Aug,Mi Smart Scale 2,1,2790,2790,Daraz,"Asfia tower - 76, Road-11, Block-E,  Banani ",8801847420050,daraz,daraz,daraz,Self Delivery,daraz,0,E-Com,,
Done,Aug24,17-Aug,Xiaomi Mijia Gel Ink Pen (10 Pcs),1,690,690,Daraz,"Asfia tower - 76, Road-11, Block-E,  Banani ",8801847420050,daraz,daraz,daraz,Self Delivery,daraz,0,E-Com,,
Done,Aug24,17-Aug,Xiaomi TV A Pro 32 Inch,2,20990,41980,Moon Electronics,"Arambaria, Ishwardi.",8801744394909,0,0,0,Sundarban,,0,0019 - Hafizur Rahman,,
Done,Aug24,17-Aug,Xiaomi TV A Pro 43 Inch,1,36990,36990,Kazi Nayem,"House 463 (1st Floor), Block F, Road 13, Bashundhara R/A",8801776611111,,,,Self Delivery,,0,B2C,,
Done,Aug24,17-Aug,Xiaomi TV A Pro 32 Inch,2,19990,39980,Chowdhury Electronics ,Alpona Plaza ,8801710549774,,,,Self Delivery,,,0033 - Imran Hossain - DHK,,
Done,Aug24,17-Aug,Xiaomi Wireless Keyboard and Mouse Combo,20,1990,39800,Sumash Tech Ltd.,"L#5, Shop # 108-111, B.City, Dhaka",8801676163308,,,,Self Delivery,,0,B2B,,
Done,Aug24,18-Aug,A2 18K VIOMI AC Split (Non-Inverter) 1.5 Ton,2,45000,90000,Tajmahal Electronics ,Borpa Bus Stand Rupganj Narayanganj ,8801818266760,,,,No Preference,"Total Deposit -2,35,540

Ac Amount -90,000tk 

Advance Amount= 145540 amount Add it to Jahidul Electronics ledger ",00,0023 - Abdur Rahman,,
Done,Aug24,18-Aug,Mi 23.8'' Desktop Monitor 1C,5,11000,55000,Mi smart home,"Ssk road. Sador, Feni",8801711765235,,,,Sundarban,,,0107 - Tanjil Hossain,,
Done,Aug24,18-Aug,Xiaomi Monitor A22i,10,8500,85000,Mi smart home,Ssk.road. sador feni,8801711765235,,,,Sundarban,,,0107 - Tanjil Hossain,,
Done,Aug24,18-Aug,Mi Smart Air Fryer 3.5L,1,8490,8490,Silver Water technologies Bangladesh limited ,"HOUSE- 26, ROAD-07, BLOCK- C, NIKETON, GULSHAN1, PS-GULSHAN, DHAKA",8801715601888,,,,Self Delivery,,0,E-Com,,
Done,Aug24,19-Aug,Xiaomi TV A Pro 43 Inch,4,36990,147960,Bj Electronics,"Ctg shopping complex,Ctg",8801734640607,,,,No Preference,,,0025 - Imran Hossain - CTG,,
Done,Aug24,19-Aug,"Xiaomi TV A2 FHD 43""",1,28990,28990,Bj Electronics,"Ctg shopping complex,Ctg",8801734640607,,,,No Preference,,,0025 - Imran Hossain - CTG,,
Done,Aug24,19-Aug,Mi Smart Scale 2,1,2790,2790,Daraz,"Asfia tower - 76, Road-11, Block-E,  Banani ",8801847420050,daraz,daraz,daraz,Self Delivery,daraz,0,E-Com,,
Done,Aug24,19-Aug,Mi Motion-Activated Night Light 2,1,490,490,Daraz,"Asfia tower - 76, Road-11, Block-E,  Banani ",8801847420050,daraz,daraz,daraz,Self Delivery,daraz,0,E-Com,,
Done,Aug24,19-Aug,Xiaomi TV A Pro 32 Inch,3,20990,62970,Electronics Gallery ,"Near by Altafunnesa school field, Satanibari, Sadar Bogura ",8801715605378,0,0,0,Sundarban,,0,0019 - Hafizur Rahman,,
Done,Aug24,19-Aug,Xiaomi TV A Pro 43 Inch,1,36990,36990,Iconik ,"Khulshi, Chittagong ",8801711901179,,,,No Preference,,00,0070 - Tamal Roy,,
Done,Aug24,20-Aug,Mi 23.8'' Desktop Monitor 1C,1,12980,12980,Daraz,"Asfia tower - 76, Road-11, Block-E,  Banani ",8801847420050,daraz,daraz,daraz,Self Delivery,daraz,0,E-Com,,
Done,Aug24,20-Aug,Mi 23.8'' Desktop Monitor 1C,5,11000,55000,AR Telecom ,"Sador,Laximpur ",8801840837518,,,,Sundarban,,,0107 - Tanjil Hossain,,
Done,Aug24,21-Aug,Xiaomi Portable Electric Air Compressor 1S,5,3500,17500,Robi Shop,"FlingEx Warehouse. 159/C Tejgaon Industrial Area, Dhaka, Bangladesh.",8801833623322,,,,Self Delivery,,0,E-Com,,
Done,Aug24,21-Aug,Mi 23.8'' Desktop Monitor 1C,1,12980,12980,Daraz,"Asfia tower - 76, Road-11, Block-E,  Banani ",8801847420050,daraz,daraz,daraz,Self Delivery,daraz,0,E-Com,,
Done,Aug24,21-Aug,Mi Dual Mode Wireless Mouse Silent Edition,1,990,990,Daraz,"Asfia tower - 76, Road-11, Block-E,  Banani ",8801847420050,daraz,daraz,daraz,Self Delivery,daraz,0,E-Com,,
Cancelation,Aug24,21-Aug,Redmi Buds 3 Pro,,,0,Daraz,"Asfia tower - 76, Road-11, Block-E,  Banani ",8801847420050,daraz,daraz,daraz,Self Delivery,daraz,0,E-Com,,
Done,Aug24,21-Aug,Redmi Buds 3 Pro,1,3790,3790,Janapriyo Electronics ,Bazir mor Narshindi sadar ,8801711966693,Fahim ,"BB road, Chasara, Narayanganj City",01912-630052,Sundarban,"Janapriyo Electronics 

Side Delivery - BB Road,Chasara Narayanganj City 

Previous advance - 26290
Air buds -3790 

Now in advance= 22500tk",00,0023 - Abdur Rahman,,
Done,Aug24,21-Aug,Xiaomi TV A Pro 32 Inch,5,20990,104950,RT Communication ,"Central girls school market,Thana road,Sadar Pabna",8801711507130,0,0,0,Sundarban,,0,0019 - Hafizur Rahman,,
Done,Aug24,22-Aug,Xiaomi Monitor A22i,1,8500,8500,Shohan Electronics ,Hard metal gallery Dakbangla Khulna ,8801726728024,Belal Hussain ,Picture place moor Khulna ,+880 19 1119 3785,Sundarban,,00,0031 - Adnan Billah,,
Done,Aug24,22-Aug,Mi Smart Scale 2,1,2490,2490,OnnoRokom Web Services Ltd,"2/1/E, Eden Center, Arambag, Motijheel, Dhaka-1000",8801708166273,,,,Self Delivery,,0,E-Com,,
Done,Aug24,22-Aug,Xiaomi Pad 6 - 8/256GB,1,39090,39090,Power Line Computer ,"Central Plaza, GEC Moor, Chittagong ",8801819536363,Tamal Roy ,"Sundarban Courier, Nasirabad ",8801894963342,Sundarban,"Office Delivery (Sundarban Courier, Nasirabad)",00,0070 - Tamal Roy,,
Done,Aug24,24-Aug,Mi 23.8'' Desktop Monitor 1C,1,11990,11990,Shafin Enterprise ,"Ekota Super Market(3rd Floor) ,Dokan no-317/318, Modonpur, Bondar, Narayanganj ",8801902604413,,,,No Preference,Bhaia Send it by Saodagar Courier ,,0023 - Abdur Rahman,,
Done,Aug24,24-Aug,Mi Smart Scale 2,2,2610,5220,Daraz,"Asfia Tower - 76, Road-11, Block-E,  Banani",8801847420050,,,,No Preference,,0,E-Com,,
Done,Aug24,24-Aug,Mi Motion-Activated Night Light 2,3,490,1470,Daraz,"Asfia Tower - 76, Road-11, Block-E,  Banani",8801847420050,,,,Self Delivery,,0,E-Com,,
Done,Aug24,24-Aug,Xiaomi TV A Pro 32 Inch,10,20990,209900,Sumash Tech Ltd.,"L#5, Shop # 108-111, B.City, Dhaka",8801676163308,,,,Self Delivery,,0,B2B,,
Done,Aug24,25-Aug,Xiaomi TV A Pro 32 Inch,10,20990,209900,FM Electronics,"Rifle Club, Nandan Kanon, Chittagong.",8801824946334,,,,No Preference,,,0025 - Imran Hossain - CTG,,
Done,Aug24,25-Aug,Xiaomi TV A Pro 32 Inch,1,20990,20990,Janapriyo Electronics ,14 Bazir mor Narshindi sadar ,8801715939459,,,,Sundarban,"Janapriyo Electronics 

Address -14 Bazir mor, Narshindi sadar 

Advance-22500tk 

Order-32""-1

Amount -20,990

Now in advance= 1510tk",00,0023 - Abdur Rahman,,
Done,Aug24,25-Aug,Xiaomi TV A Pro 32 Inch,8,20990,167920,Premier Electronics Plus ,"Halishahar, Chittagong ",8801979600351,,,,Sundarban,Give invoice & also please see the Home Delivery issues.,00,0070 - Tamal Roy,,
Cancelation,Aug24,25-Aug,Redmi Buds 3 Pro,,,0,Daraz,"Asfia Tower - 76, Road-11, Block-E,  Banani",8801847420050,daraz,daraz,daraz,Self Delivery,daraz,0,E-Com,,
Done,Aug24,25-Aug,Xiaomi TV A Pro 32 Inch,10,20990,209900,Jahidul Electronics ,Kanchon Bazar Rupganj Narayanganj ,8801716738591,,,,No Preference,"Order- Jahidul Electronics 

Address - kanchon Bazar Rupganj Narayanganj 

Call- +880 1716-738591

Advance =2,89,310tk 

32"" =10pcs *20,990= 2,09,900


Now in advance= 79,410tk",00,0023 - Abdur Rahman,,
Done,Aug24,25-Aug,Mi Dual Mode Wireless Mouse Silent Edition,1,975,975,Daraz,"Asfia Tower - 76, Road-11, Block-E,  Banani",8801847420050,daraz,daraz,daraz,Self Delivery,daraz,0,E-Com,,
Done,Aug24,25-Aug,Xiaomi TV A Pro 32 Inch,5,20990,104950,AC TRUST BD,"Plot: 133, College Gate, Tongi, Gazipur ",8801676592055,,,,Self Delivery,,,0035 - Md.Rejaul Islam Sujon,,
Done,Aug24,25-Aug,Xiaomi TV A Pro 32 Inch,10,20990,209900,Tv Ghar ,Kadam tola Mor demra Dhaka ,8801911567808,,,,No Preference,"Date-25-08-24

Order - Tv Ghar
Address- Kadam tola Mor demra Dhaka 

32"" -10pcs 

Amount =208000 


Previous advance= 151000

Deposit amount= 57,000


@⁨Emran Bhai Operation Executive Amaya Industry⁩ bhaia deposit will continue",,0023 - Abdur Rahman,,
Done,Aug24,25-Aug,Xiaomi TV A Pro 32 Inch,2,20990,41980,Sheba Electronics ,"Rajuk commercial shopping complex Level 05, shop no 620, Dhaka 1230.",8801309312131,,,,Self Delivery,,,0035 - Md.Rejaul Islam Sujon,,
Done,Aug24,25-Aug,Xiaomi TV A Pro 32 Inch,3,20990,62970,Shohan Electronics ,Hard metal Gallery Dakbangla Khulna ,8801726728024,Nill,Nill,Nill,AJR,,00,0031 - Adnan Billah,,
Done,Aug24,25-Aug,Xiaomi TV A Pro 32 Inch,10,20990,209900,Shamim Electronics ,"North Side of Desco, Mirpur 10",8801999949933,,,,Self Delivery,,,0035 - Md.Rejaul Islam Sujon,,
Cancelation,Aug24,25-Aug,Xiaomi TV A Pro 32 Inch,,,0,American & Efird (Bangladesh) Limited,"The Glass House, Level 4, Plot 38, Gulshan Avenue, Dhaka-1212",8801847052847,Nill,Nill,Nill,No Preference,"Amaya Delivery , 
product delivery diye cheque niye ashbe . ",00,0031 - Adnan Billah,,
Done,Aug24,25-Aug,Xiaomi TV A Pro 32 Inch,10,19990,199900,Chowdhury Electronics ,Alpona Plaza ,8801710549774,,,,Self Delivery,,,0033 - Imran Hossain - DHK,,
Done,Aug24,25-Aug,Xiaomi TV A Pro 32 Inch,1,20990,20990,Ryan Telecom,Cox’sbazar ,8801321888052,,,,Sundarban,,,0025 - Imran Hossain - CTG,,
Done,Aug24,25-Aug,Xiaomi TV A Pro 32 Inch,1,20990,20990,Biva AC Bazar,Shat Rastar moor Pubali Bank er niche. ,8801716446909,Nill,Nill,Nill,No Preference,Shawdagor Courier only ,00,0031 - Adnan Billah,,
Done,Aug24,25-Aug,Xiaomi TV A Pro 32 Inch,2,20990,41980,Super Electronics ,"1st floor Latif Center, Zindabazar,Sylhet",8801712124747,,,,Sundarban,,,0094 - Shaharia Khan,,
Done,Aug24,25-Aug,Xiaomi TV A Pro 32 Inch,1,20990,20990,Electronics Mart ,"Sadar,Rajbari ",8801722423422,Mokka electronics ,"Sadar,Gopalgonj ",01916385902,Sundarban,Advance payment 20070tk.,,0026 - Ohidul Islam,,
Done,Aug24,27-Aug,Mi Motion-Activated Night Light 2,7,490,3430,Daraz,"Asfia Tower - 76, Road-11, Block-E,  Banani",8801847420050,daraz,daraz,daraz,Self Delivery,daraz,0,E-Com,,
Done,Aug24,27-Aug,Mi Smart Scale 2,1,2790,2790,Daraz,"Asfia Tower - 76, Road-11, Block-E,  Banani",8801847420050,daraz,daraz,daraz,Self Delivery,daraz,0,E-Com,,
Done,Aug24,27-Aug,Mi 23.8'' Desktop Monitor 1C,1,12980,12980,Daraz,"Asfia Tower - 76, Road-11, Block-E,  Banani",8801847420050,daraz,daraz,daraz,Self Delivery,daraz,0,E-Com,,
Done,Aug24,27-Aug,Xiaomi TV A Pro 32 Inch,5,20990,104950,FM Electronics,"Rifle Club, Nandan Kanon, Chittagong.",8801824946334,,,,Sundarban,,,0025 - Imran Hossain - CTG,,
Done,Aug24,27-Aug,"Xiaomi TV A2 FHD 43""",1,26000,26000,Mr. Emdad,Amaya Warehouse,8801732956167,,,,Self Delivery,,0,HQ,,
Done,Aug24,27-Aug,Xiaomi TV A Pro 32 Inch,10,20990,209900,Amin Smart LED Zone,"Shop: 508-509, Level: 4, Mascot Plaza ",8801908668577,,,,Self Delivery,,,0035 - Md.Rejaul Islam Sujon,,
Done,Aug24,27-Aug,A2 18K VIOMI AC Split (Non-Inverter) 1.5 Ton,2,45000,90000,Amin Smart LED Zone,Uttara,8801908668577,,,,Self Delivery,,,0035 - Md.Rejaul Islam Sujon,,
Done,Aug24,27-Aug,Xiaomi TV A Pro 32 Inch,10,20990,209900,Sohagi Enterprise ,"Japani Bari, Near Dholpur  Community Center Jatrabari Dhaka ",8801904310292,,,,No Preference,Send by pick up bhai,00,0023 - Abdur Rahman,,
Done,Aug24,27-Aug,Xiaomi TV A Pro 43 Inch,2,36990,73980,Premier Electronics Plus ,"Halishahar, Chittagong ",8801979600351,,,,No Preference,Note : Give Invoice..,00,0070 - Tamal Roy,,
Done,Aug24,28-Aug,Mi Motion-Activated Night Light 2,2,490,980,Daraz,"Asfia Tower - 76, Road-11, Block-E,  Banani",8801847420050,daraz,daraz,daraz,Self Delivery,daraz,0,E-Com,,
Done,Aug24,28-Aug,Mi Dual Mode Wireless Mouse Silent Edition,1,975,975,Daraz,"Asfia Tower - 76, Road-11, Block-E,  Banani",8801847420050,daraz,daraz,,Self Delivery,daraz,0,E-Com,,
Done,Aug24,28-Aug,Xiaomi TV A Pro 32 Inch,5,20990,104950,Wholesale Electronic Narayanganj ,Apurbo Tower Nan tv building Uttor Chasara Narayanganj ,8801888018887,,,,No Preference,,00,0023 - Abdur Rahman,,
Done,Aug24,28-Aug,Xiaomi TV A Pro 32 Inch,5,20990,104950,Shera Electronics ,"Shop: 24, Level:2, Joynal Tower, Joynal Market, Dokkhinkhan ",8801983871825,,,,Self Delivery,,,0035 - Md.Rejaul Islam Sujon,,
Done,Aug24,28-Aug,Xiaomi TV A Pro 32 Inch,1,20990,20990,Mokka electronics ,"Sadar,Gopalgonj ",8801916385902,,,,Sundarban,,,0026 - Ohidul Islam,,
Done,Aug24,28-Aug,Redmi Buds 3 Pro,1,3790,3790,Bicon Electronics ,Sukkor Ali Plaza Banti Bazar Araihajar ,8801891771975,,,,Sundarban,,,0023 - Abdur Rahman,,
Done,Aug24,28-Aug,Redmi Buds 3 Pro,1,3000,3000,Md.Mehedi Hasan Maruf,"Elephant Road, Dhaka",8801781129410,,,,Self Delivery,,0,HQ,,
Done,Aug24,29-Aug,Mi Smart Scale 2,1,2790,2790,Daraz,"Asfia Tower - 76, Road-11, Block-E,  Banani",8801847420050,daraz,daraz,daraz,Self Delivery,daraz,0,E-Com,,
Done,Aug24,29-Aug,Xiaomi Wireless Keyboard and Mouse Combo,1,2000,2000,Robi Shop,"FlingEx Warehouse. 159/C Tejgaon Industrial Area, Dhaka, Bangladesh.",8801833623322,,,,No Preference,They will pick,0,E-Com,,
Cancelation,Aug24,29-Aug,Xiaomi TV A Pro 43 Inch,,,0,Fair Electronics ,Sadar Panchagarh ,8801744853828,0,0,0,Sundarban,,0,0019 - Hafizur Rahman,,
Done,Aug24,29-Aug,Xiaomi TV A Pro 32 Inch,20,20990,419800,Mi smart home,"Ssk road, sador,Feni",8801711765235,,,,Sundarban,,,0107 - Tanjil Hossain,,
Done,Aug24,31-Aug,Xiaomi Mijia Gel Ink Pen (10 Pcs),1,590,590,OnnoRokom Web Services Ltd,"2/1/E, Eden Center, Arambag, Motijheel, Dhaka-1000",8801708166273,,,,Self Delivery,,0,E-Com,,
Done,Aug24,31-Aug,Mi Smart Scale 2,2,2790,5580,Daraz,"Asfia Tower - 76, Road-11, Block-E,  Banani",8801847420050,daraz,daraz,daraz,Self Delivery,daraz,0,E-Com,,
Done,Aug24,31-Aug,Mi Dual Mode Wireless Mouse Silent Edition,1,975,975,Daraz,"Asfia Tower - 76, Road-11, Block-E,  Banani",8801847420050,daraz,daraz,daraz,Self Delivery,daraz,0,E-Com,,
Done,Aug24,31-Aug,Xiaomi Mijia Gel Ink Pen (10 Pcs),3,675,2025,Daraz,"Asfia Tower - 76, Road-11, Block-E,  Banani",8801847420050,daraz,daraz,daraz,Self Delivery,daraz,0,E-Com,,
Done,Sept24,1-Sep,Xiaomi TV A Pro 55 Inch,12,54590,655080,FM Electronics,"Rifle Club, Nandan Kanon, Chittagong.",0,,,,No Preference,,,0025 - Imran Hossain - CTG,,
Done,Sept24,1-Sep,Xiaomi TV A Pro 55 Inch,3,54590,163770,Bj Electronics,Ctg,0,,,,No Preference,,,0025 - Imran Hossain - CTG,,
Done,Sept24,1-Sep,Mi 23.8'' Desktop Monitor 1C,1,12980,12980,Daraz,"Asfia Tower - 76, Road-11, Block-E,  Banani",8801847420050,daraz,daraz,daraz,Self Delivery,daraz,0,E-Com,,
Done,Sept24,1-Sep,Xiaomi Mijia Gel Ink Pen (10 Pcs),1,675,675,Daraz,"Asfia Tower - 76, Road-11, Block-E,  Banani",8801847420050,daraz,daraz,daraz,Self Delivery,daraz,0,E-Com,,
Done,Sept24,1-Sep,Mi Dual Mode Wireless Mouse Silent Edition,1,990,990,Daraz,"Asfia Tower - 76, Road-11, Block-E,  Banani",8801847420050,daraz,daraz,daraz,Self Delivery,daraz,0,E-Com,,
Done,Sept24,1-Sep,Xiaomi TV A Pro 55 Inch,5,54090,270450,New Friends Electronics,"Stadium 1 No gate, shop no - 29",8801817097172,,,,Self Delivery,,,0033 - Imran Hossain - DHK,,
Done,Sept24,1-Sep,Xiaomi TV A Pro 55 Inch,1,54590,54590,Jahidul Electronics ,Kanchon Bazar ,8801716738591,Gazi Tutu,"Gazi Bari,Gram-Borsapara, Post office -Hiron,Thana- Kotalipara,Zila-Gopalganj",01849414033,Sundarban,"Side Delivery --Gazi Bari,Gram-Borsapara, Post office -Hiron,Thana- Kotalipara,Zila-Gopalganj",00,0023 - Abdur Rahman,,
Done,Sept24,1-Sep,Xiaomi TV A Pro 55 Inch,1,54590,54590,Jahidul Electronics ,Kanchon Bazar Rupganj ,8801907856588,Tajmahal Electronics ,Borpa Bus Stand Rupganj Narayanganj,01907-856588,Sundarban,"Side Delivery Address -
Tajmahal Electronics,
Borpa Bus Stand Rupganj Narayanganj 

Call- 01907-856588
",00,0023 - Abdur Rahman,,
Done,Sept24,1-Sep,Xiaomi TV A Pro 55 Inch,2,54599,109198,Moon Electronics,"Arambaria, Ishwardi ",8801744394909,0,0,0,Sundarban,,0,0019 - Hafizur Rahman,,
Done,Sept24,1-Sep,Xiaomi Pad 6 - 8/256GB,1,39090,39090,Cellular Telecom ,"Ramgonj,Laximpur ",8801718386120,,,,No Preference,Plz send SA poribohon,,0107 - Tanjil Hossain,,
Done,Sept24,1-Sep,Xiaomi TV A Pro 55 Inch,5,54590,272950,Brand Bazaar ,"House # 3, Road # 3, Mirpur Road, Dhanmondi,, 1205 Dhaka, Bangladesh",8801711903044,,,,Self Delivery,,,0033 - Imran Hossain - DHK,,
Done,Sept24,1-Sep,Xiaomi TV A Pro 32 Inch,4,20990,83960,National Electronics ,Fatima Plaza Chawrongi bazar Gopalgonj Sadar ,8801714065626,Nill,Nill,Nill,Sundarban,,00,0031 - Adnan Billah,,
Done,Sept24,1-Sep,A2 12K VIOMI AC Split (Non-Inverter) 1 Ton,1,36000,36000,Electro Mind,"Bus stand,sadar,Meherpur ",8801714948828,,,,Sundarban,Please delivery today.,,0026 - Ohidul Islam,,
Done,Sept24,2-Sep,Xiaomi Wireless Keyboard and Mouse Combo,2,2290,4580,Daraz,"Asfia Tower - 76, Road-11, Block-E,  Banani",8801847420050,daraz,daraz,daraz,Self Delivery,daraz,0,E-Com,,
Done,Sept24,2-Sep,Xiaomi TV A Pro 55 Inch,1,54590,54590,Mr. Kamrul Hasan,"32/1,Adarshabag, Konapara, Jatrabari, Dhaka.",8801682233769,,,,Self Delivery,,0,B2C,,
Done,Sept24,2-Sep,Mi Dual Mode Wireless Mouse Silent Edition,1,1140,1140,Gadget & Gear (E-Com),"Police Plaza Concord (Tower 2), Gulshan 1, Dhaka 1212.",8801318236986,,,,Self Delivery,,0,E-Com,,
Done,Sept24,2-Sep,Xiaomi TV A Pro 65 Inch,12,73990,887880,FM Electronics,"Rifle Club, Nandan Kanon, Chittagong.",0,,,,No Preference,,,0025 - Imran Hossain - CTG,Not Imposed,
Done,Sept24,2-Sep,Xiaomi TV A Pro 55 Inch,10,54590,545900,Sumash Tech Ltd.,"L#5, Shop # 108-111, B.City, Dhaka",8801676163308,,,,Self Delivery,,0,B2B,,
Done,Sept24,2-Sep,Xiaomi TV A Pro 65 Inch,5,73990,369950,Sumash Tech Ltd.,"L#5, Shop # 108-111, B.City, Dhaka",8801676163308,,,,Self Delivery,,0,B2B,Not Imposed,
Done,Sept24,2-Sep,Xiaomi TV A Pro 65 Inch,3,73990,221970,Bj Electronics,Ctg,0,,,,No Preference,,,0025 - Imran Hossain - CTG,Not Imposed,
Done,Sept24,2-Sep,Xiaomi TV A Pro 55 Inch,1,54590,54590,Cell Computer ,"Kadirganj,greater road, Sadar Rajshahi ",8801714081082,0,0,0,Sundarban,,0,0019 - Hafizur Rahman,,
Done,Sept24,2-Sep,Xiaomi TV A Pro 55 Inch,1,54590,54590,Jahidul Electronics ,Kanchon Bazar Rupganj ,8801716738591,,,,Sundarban,,00,0023 - Abdur Rahman,,
Done,Sept24,2-Sep,Xiaomi TV A Pro 65 Inch,1,73990,73990,Ether Electronics,"Ether electronics, Moula baban, B,baria sadar, b,baia",8801778505050,,,,Sundarban,N/a,,0094 - Shaharia Khan,Not Imposed,
Cancelation,Sept24,2-Sep,Xiaomi TV A Pro 55 Inch,1,54590,54590,Asia tech technology & network ,"1118 Mosjid road, Brahmonbaria sadar ",8801712551675,,,,Sundarban,,,0094 - Shaharia Khan,,
Done,Sept24,2-Sep,Xiaomi TV A Pro 55 Inch,1,56000,56000,AC TRUST BD,"Collage gate,tongi,gazipur",880167692055,Mehedi Hassan Rana,"154/1,Aon Nibash,Shirajuddin Sarker Road,Tongi,Gazipur",01713755026,Self Delivery,Plz ensure self delivery &Confirm Installation. ,,0035 - Md.Rejaul Islam Sujon,,
Done,Sept24,2-Sep,Xiaomi TV A Pro 65 Inch,2,73990,147980,Smart home appliances ,"Alipur, sadar,Faridpur ",8801854538054,,,,Sundarban,,,0026 - Ohidul Islam,Not Imposed,
Done,Sept24,2-Sep,Xiaomi TV A Pro 32 Inch,1,20990,20990,Silver Water Technologies Bangladesh Limited,"HOUSE- 26, ROAD-07, BLOCK- C, NIKETON, GULSHAN1, PS-GULSHAN, DHAKA",8801715601888,,,,Self Delivery,,0,E-Com,,
Done,Sept24,2-Sep,Xiaomi TV A Pro 55 Inch,5,54000,270000,Silver Water Technologies Bangladesh Limited,"HOUSE- 26, ROAD-07, BLOCK- C, NIKETON, GULSHAN1, PS-GULSHAN, DHAKA",8801715601888,,,,Self Delivery,,0,E-Com,,
Done,Sept24,2-Sep,Mi Smart Air Fryer 3.5L,1,8490,8490,Silver Water Technologies Bangladesh Limited,"HOUSE- 26, ROAD-07, BLOCK- C, NIKETON, GULSHAN1, PS-GULSHAN, DHAKA	",8801715601888,,,,Self Delivery,,0,E-Com,,
Done,Sept24,2-Sep,Xiaomi TV A Pro 55 Inch,1,54590,54590,Shafin Enterprise ,"Ekota Super Market 3rd floor,Madanpur,Bondar, Narayanganj ",8801902604413,,,,Sundarban,,00,0023 - Abdur Rahman,,
Done,Sept24,2-Sep,Xiaomi Monitor A22i,1,9990,9990,Shafin Enterprise ,Ekota Super Market 3rd floor Modonpur Bondar Narayanganj ,8801902604413,,,,Sundarban,,,0023 - Abdur Rahman,,
Done,Sept24,2-Sep,Xiaomi TV A Pro 65 Inch,5,73390,366950,New Friends Electronics,"Stadium 1 No gate, Shop No - 29",8801817097172,,,,Self Delivery,,,0033 - Imran Hossain - DHK,Not Imposed,
Done,Sept24,2-Sep,Xiaomi TV A Pro 65 Inch,1,73990,73990,National Electronics ,Fatima Plaza Chawrongi Gopalgonj ,8801714065626,Shahin Computer ,Chawrongi Bazar Gopalgonj Sadar ,+880 1715-711707,Sundarban,,00,0031 - Adnan Billah,Not Imposed,
Done,Sept24,3-Sep,Mi 23.8'' Desktop Monitor 1C,1,12990,12990,Daraz,"Asfia Tower - 76, Road-11, Block-E,  Banani",8801847420050,daraz,daraz,daraz,Self Delivery,daraz,0,E-Com,,
Done,Sept24,3-Sep,Xiaomi TV A Pro 65 Inch,1,73990,73990,Sheba Electronics ,"Rajuk Commercial Market, Ajompur, Shop: 620, Level: 5",8801745308008,,,,Self Delivery,,,0035 - Md.Rejaul Islam Sujon,Not Imposed,
Done,Sept24,3-Sep,Xiaomi TV A Pro 32 Inch,1,20500,20500,Md.Masum Parvez,Bdjobs.com,8801977039039,,,,No Preference,Zoha boss refer,0,B2C,,
Done,Sept24,3-Sep,Xiaomi Mijia Induction Cooker Youth Edition,1,5890,5890,Amaya Industries,Amaya Industries HQ,8801753919191,,,,Self Delivery,,0,HQ,,
Done,Sept24,3-Sep,Xiaomi TV A Pro 65 Inch,1,73990,73990,Pride Telecom (Joyonta Roy),"Anowar Plaza, Sitakunda, Chittagong.",8801811629252,,,,No Preference,"Please see the Home Delivery Issues.

Note : No Invoice.",0,0070 - Tamal Roy,Not Imposed,
Done,Sept24,3-Sep,Xiaomi TV A Pro 65 Inch,2,73990,147980,Techno Electronics ,Ctg,8801747079467,,,,No Preference,,,0025 - Imran Hossain - CTG,Not Imposed,
Done,Sept24,3-Sep,Xiaomi TV A Pro 55 Inch,1,54590,54590,Techno Electronics ,Ctg,8801747079467,,,,No Preference,,,0025 - Imran Hossain - CTG,,
Done,Sept24,3-Sep,Xiaomi TV A Pro 65 Inch,2,73990,147980,Kailash electronics ,"Niloy 20 ,chowhatta , sylhet",8801303309817,,,,Sundarban,,,0094 - Shaharia Khan,Not Imposed,
Done,Sept24,3-Sep,Xiaomi TV A Pro 55 Inch,1,54590,54590,Kailash electronics ,"Niloy 20 ,chowhatta , sylhet",8801303309817,,,,Sundarban,,,0094 - Shaharia Khan,,
Done,Sept24,3-Sep,Xiaomi TV A Pro 43 Inch,1,36990,36990,Kailash electronics ,"Niloy 20 ,chowhatta , sylhet",8801303309817,,,,Sundarban,,,0094 - Shaharia Khan,,
Done,Sept24,3-Sep,Xiaomi TV A Pro 55 Inch,1,54590,54590,National Electronics ,Fatima plaza Chawrongi Gopalgonj ,8801714065626,Nill,Nill,Nill,Sundarban,,00,0031 - Adnan Billah,,
Done,Sept24,4-Sep,Xiaomi Wireless Keyboard and Mouse Combo,1,2290,2290,Daraz,"Asfia Tower - 76, Road-11, Block-E,  Banani",8801847420050,daraz,daraz,daraz,Self Delivery,daraz,0,E-Com,,
Done,Sept24,4-Sep,Mi 23.8'' Desktop Monitor 1C,1,12990,12990,Daraz,"Asfia Tower - 76, Road-11, Block-E,  Banani",8801847420050,,daraz,daraz,Self Delivery,daraz,0,E-Com,,
Done,Sept24,4-Sep,Xiaomi TV A Pro 55 Inch,1,54590,54590,Mi smart home,"Ssk road, sador,Feni",8801711765235,Md:Adnan ,House 24.Road no 8.Block H.Aftabnagor Dhaka ,01711178646,Self Delivery,,,0107 - Tanjil Hossain,,
Done,Sept24,4-Sep,Xiaomi TV A Pro 55 Inch,1,54590,54590,Anamika Electronics ,"24/12 A,khiljee road(ground floor)Shamoly(west side of shamoly cinema hall,dhaka-1207",8801972263068,,,,Self Delivery,Plz ensure self delivery in today.,,0033 - Imran Hossain - DHK,,
Done,Sept24,4-Sep,Xiaomi TV A Pro 65 Inch,1,73990,73990,Success Computer & Engeneering ,"Aloka nodi bangla,Mymensingh sadar,Mymensingh ",8801711682184,Lt col Zobaer Alom,"129/6,Banani Army officers Residential area(beside Navy headquarters), Banani, Dhaka",01610290482,Self Delivery,Plz ensure side delivery in self delivery man today.,,0009 - Omar Faruque Khan,Not Imposed,
Done,Sept24,4-Sep,A2 18K VIOMI AC Split (Non-Inverter) 1.5 Ton,1,45000,45000,Success Computer & Engeneering ,"Aloka nodi bangla,Mymensingh sadar,Mymensingh ",8801711682184,Cpl Shohidullah,"703 Medium WKSP,Dhaka Cantonment, dhaka.",01937109322,Self Delivery,Plz ensure self delivery in today. ,,0009 - Omar Faruque Khan,,
Done,Sept24,4-Sep,Xiaomi TV A Pro 65 Inch,5,73990,369950,Shamim Electronics ,"Mirpur 10, Jolladkhana, North side of desco",8801999949933,,,,Self Delivery,,,0035 - Md.Rejaul Islam Sujon,Not Imposed,
Done,Sept24,4-Sep,Xiaomi TV A Pro 65 Inch,1,73990,73990,Success Computer & Engeneering ,"Aloka nodi bangla,Mymensingh sadar,Mymensingh ",8801711682184,Lt Col Shamim uqbal mian,"House no-43,Road no:09, Opposite new CSD,near foot over bridge,dhaka Cantonment, dhaka",01926532765,Self Delivery,Plz ensure self delivery in today,,0009 - Omar Faruque Khan,Not Imposed,
Done,Sept24,4-Sep,Xiaomi TV A Pro 65 Inch,10,71790,717900,Chowdhury Electronics ,Alpona Plaza ,8801710549774,,,,Self Delivery,,,0033 - Imran Hossain - DHK,Not Imposed,
Done,Sept24,4-Sep,Xiaomi TV A Pro 55 Inch,1,54590,54590,Premier Electronics Plus ,"Barapol Moor, Halishahar, Chittagong ",8801979600351,FM Electronics ,"Rifle Club, Nandan Kanon, Chittagong ",8801824946334,Sundarban,Note : No Invoice ,00,0070 - Tamal Roy,,
Done,Sept24,4-Sep,Xiaomi TV A Pro 55 Inch,1,54090,54090,New Friends Electronics,Stadium,8801817097172,Gadget Monkey ,"Bashundhara City, B2, Shop - 16",01920105216,No Preference,,,0033 - Imran Hossain - DHK,,
Done,Sept24,4-Sep,Xiaomi TV A Pro 65 Inch,1,73390,73390,New Friends Electronics,Stadium ,8801817097172,Gadget Monkey ,"Bashundhara City, B2, Shop 16",01920105216,No Preference,,,0033 - Imran Hossain - DHK,Not Imposed,
Done,Sept24,4-Sep,Xiaomi TV A Pro 65 Inch,3,73990,221970,Aristo computer ,"Lavli tower, sadar,Kushtia ",8801711450101,,,,Sundarban,,,0026 - Ohidul Islam,Not Imposed,
Done,Sept24,4-Sep,Xiaomi TV A Pro 65 Inch,1,73990,73990,Shohan Electronics ,Hard metal Gallery Dakbangla Khulna ,8801726728024,MR. KAJOL DAY,JAMRUL TALA MAGURA,01712-819539,Sundarban,,00,0031 - Adnan Billah,Not Imposed,
Done,Sept24,5-Sep,Xiaomi TV A Pro 43 Inch,3,36990,110970,N.B Electronics ,"Sholoshohor, Nasirabad, Chittagong ",8801720189210,,,,Sundarban,Note : No Invoice.,00,0070 - Tamal Roy,,
Done,Sept24,5-Sep,Xiaomi TV A Pro 55 Inch,2,54590,109180,N.B Electronics ,"Sholoshohor, Nasirabad, Chittagong ",8801720189210,,,,Sundarban,Note : No Invoice ,00,0070 - Tamal Roy,,
Done,Sept24,5-Sep,Xiaomi TV A Pro 55 Inch,10,53590,535900,Tech Land,"Multiplane Center, Level 13",8801647538526,,,,Self Delivery,,,0033 - Imran Hossain - DHK,,
Done,Sept24,5-Sep,Xiaomi TV A Pro 65 Inch,10,72590,725900,Tech Land,"Multiplane Center,Level 13",8801647538526,,,,Self Delivery,,,0033 - Imran Hossain - DHK,Not Imposed,
Done,Sept24,5-Sep,Xiaomi TV A Pro 55 Inch,2,54590,109180,Mi smart home,"Ssk road, sador,Feni",8801711765235,,,,Sundarban,,,0107 - Tanjil Hossain,,
Done,Sept24,5-Sep,Xiaomi TV A Pro 65 Inch,2,73990,147980,Mi smart home,"Ssk road, sador,Feni",8801711765235,,,,Sundarban,,,0107 - Tanjil Hossain,Not Imposed,
Done,Sept24,5-Sep,Xiaomi TV A Pro 43 Inch,1,36990,36990,Fair Electronics ,Sadar Panchagarh ,8801744853828,0,0,0,Sundarban,,0,0019 - Hafizur Rahman,,
Done,Sept24,5-Sep,Xiaomi TV A Pro 55 Inch,1,54590,54590,MM Traders,"Medical more,Sadar Rangpur ",8801777500600,0,0,0,Sundarban,,0,0019 - Hafizur Rahman,,
Done,Sept24,5-Sep,Xiaomi TV A Pro 55 Inch,1,54590,54590,Nafisa Trade ,Arcadia Concord Shopping Mall,8801712655404,,,,Self Delivery,,,0033 - Imran Hossain - DHK,,
Done,Sept24,5-Sep,Xiaomi TV A Pro 43 Inch,3,36990,110970,Wholesale Electronic Narayanganj ,"Apurbo Tower ,ABC School, Uttor Chasara, Narayanganj  ",8801888111146,,,,No Preference,,250000,0023 - Abdur Rahman,,
Done,Sept24,5-Sep,Xiaomi TV A Pro 55 Inch,2,54590,109180,Wholesale Electronic Narayanganj ,"Apurbo Tower ,ABC School, Uttor Chasara, Narayanganj ",8801888111146,,,,No Preference,,250000,0023 - Abdur Rahman,,
Done,Sept24,5-Sep,Xiaomi TV A Pro 65 Inch,2,73990,147980,Wholesale Electronic Narayanganj ,"Apurbo Tower ,ABC School, Uttor Chasara, Narayanganj ",8801888111146,,,,No Preference,,250000,0023 - Abdur Rahman,Not Imposed,
Done,Sept24,5-Sep,Xiaomi TV A Pro 43 Inch,1,36990,36990,Mi Store (Rafsan Telecom),"Shop: 43, Level: 2, Shah Ali Plaza, Mirpur 10",8801876706910,,,,Self Delivery,,,0035 - Md.Rejaul Islam Sujon,,
Done,Sept24,5-Sep,Xiaomi TV A Pro 43 Inch,2,36990,73980,Sheba Electronics ,"Shop: 620, Level: 5, Rajuk commercial market, Uttara Dhaka ",8801745308008,,,,Self Delivery,,,0035 - Md.Rejaul Islam Sujon,,
Done,Sept24,5-Sep,Xiaomi TV A Pro 65 Inch,1,73990,73990,Product of source ,Sadar Bogura ,8801717646768,0,0,0,Sundarban,,0,0019 - Hafizur Rahman,Not Imposed,
Done,Sept24,5-Sep,Xiaomi TV A Pro 43 Inch,5,36690,183450,New Friends Electronics,"Stadium, 1 No Gate, Shop No - 29",8801817097172,,,,Self Delivery,,,0033 - Imran Hossain - DHK,,
Done,Sept24,5-Sep,Xiaomi Monitor A22i,1,9190,9190,Daraz,"Asfia Tower - 76, Road-11, Block-E,  Banani",8801847420050,daraz,daraz,daraz,Self Delivery,daraz,0,E-Com,,
Done,Sept24,5-Sep,Xiaomi TV A Pro 43 Inch,1,36990,36990,Smart home appliances ,"Sadar,Faridpur ",8801854538054,Rasel,"Sadar,Madaripur ",8801912884493,Sundarban,,,0026 - Ohidul Islam,,
Done,Sept24,5-Sep,Xiaomi TV A Pro 43 Inch,5,36990,184950,Smart home appliances ,"Sadar,Faridpur ",8801318300516,,,,Sundarban,,,0026 - Ohidul Islam,,
Done,Sept24,5-Sep,Xiaomi TV A Pro 55 Inch,2,54590,109180,Smart home appliances ,"Sadar,Faridpur ",8801318300516,,,,Sundarban,,,0026 - Ohidul Islam,,
Done,Sept24,5-Sep,Xiaomi TV A Pro 43 Inch,5,35590,177950,Chowdhury Electronics ,Alpona Plaza ,8801710549774,,,,Self Delivery,,,0033 - Imran Hossain - DHK,,
Done,Sept24,5-Sep,Xiaomi TV A Pro 43 Inch,1,36990,36990,Mi Store (SA Telecom),"Shop: 15, Tongi Pilot School Super market, Tongi College Gate, Gazipur. ",8801712707743,,,,Self Delivery,,,0035 - Md.Rejaul Islam Sujon,,
Done,Sept24,5-Sep,Xiaomi TV A Pro 43 Inch,1,36990,36990,City Electronics,"Old Bus stand , Avoy Nagor Noapara Jessore ",8801717528797,Nill,Nill,Nill,Sundarban,,00,0031 - Adnan Billah,,
Done,Sept24,5-Sep,Xiaomi TV A Pro 55 Inch,1,54590,54590,City Electronics,"Old Bus stand , Avoy Nagor Noapara Jessore ",8801717528797,Nill,Nill,Nill,Sundarban,,00,0031 - Adnan Billah,,
Done,Sept24,5-Sep,Xiaomi TV A Pro 43 Inch,1,36990,36990,Laptop care & technology ,"Rahaman shopping mall,Shop no 17,18,19, 4th floor,chowrasta joydebur road,gazipur",8801818981971,,,,Sundarban,Plz proceed delivery in today sundarban,,0009 - Omar Faruque Khan,,
Done,Sept24,5-Sep,Xiaomi TV A Pro 55 Inch,1,54590,54590,Laptop care & technology ,"Rahaman shopping mall,Shop no 17,18,19, 4th floor,chowrasta joydebur road,gazipur",8801818981971,,,,Sundarban,Plz proceed delivery in sundorban courier in today. ,,0009 - Omar Faruque Khan,,
Done,Sept24,5-Sep,Xiaomi TV A Pro 43 Inch,5,36690,183450,New Friends Electronics,Stadium ,8801817097172,A Kalam Electronics ,"Baitul Mukarram, Gate No - 1, Shop No - 02",880 1977116682,Self Delivery,"For A Kalam Electronics - 

A Pro 43"" Secondary Billing Price - 37500 Taka × 05 Pcs = 187500 Taka ( COD ) ",,0033 - Imran Hossain - DHK,,
Done,Sept24,5-Sep,Xiaomi TV A Pro 65 Inch,9,73990,665910,Othentic computer ,"Othentic computer, Habiganj sadar",8801711241058,,,,Self Delivery,,,0094 - Shaharia Khan,Not Imposed,
Done,Sept24,5-Sep,Xiaomi TV A Pro 55 Inch,1,54590,54590,Othentic computer ,"Othentic computer, Habiganj sadar ",8801711241058,,,,Self Delivery,,,0094 - Shaharia Khan,,
Done,Sept24,5-Sep,Xiaomi TV A Pro 43 Inch,1,36990,36990,Cell Computer ,"Greater road,Kadirganj, Bualia, Rajshahi ",8801714081082,0,0,0,Sundarban,,0,0019 - Hafizur Rahman,,
Done,Sept24,5-Sep,Xiaomi TV A Pro 55 Inch,1,54590,54590,Cell Computer ,"Greater road,Kadirganj, Bualia, Rajshahi ",8801714081082,0,0,0,Sundarban,,0,0019 - Hafizur Rahman,,
Done,Sept24,5-Sep,Xiaomi TV A Pro 43 Inch,15,36990,554850,Sumash Tech Ltd.,"L#5, Shop # 108-111, B.City, Dhaka",8801676163308,,,,Self Delivery,,0,B2B,,
Done,Sept24,5-Sep,Xiaomi TV A Pro 43 Inch,3,36990,110970,Amin Smart LED Zone,"Shop: 508-509, Level 4, Mascot Plaza, Uttara",8801908668577,,,,Self Delivery,,,0035 - Md.Rejaul Islam Sujon,,
Done,Sept24,5-Sep,Xiaomi TV A Pro 55 Inch,1,54590,54590,Amin Smart LED Zone,"Shop: 508-509, Level 4, Mascot Plaza, Uttara",8801908668577,,,,Self Delivery,,,0035 - Md.Rejaul Islam Sujon,,
Done,Sept24,5-Sep,Xiaomi TV A Pro 65 Inch,1,73990,73990,Amin Smart LED Zone,"Shop: 508-509, Level 4, Mascot Plaza, Uttara",8801908668577,,,,Self Delivery,,,0035 - Md.Rejaul Islam Sujon,Not Imposed,
Done,Sept24,7-Sep,Xiaomi TV A Pro 43 Inch,2,36990,73980,Amin Smart LED Zone,"Shop: 508-509, Level: 4, Mascot Plaza, Uttara",8801908668577,,,,Self Delivery,,,0035 - Md.Rejaul Islam Sujon,,
Done,Sept24,7-Sep,Xiaomi TV A Pro 43 Inch,1,36990,36990,Faiza International,Shopping Complex Khulna . ,8801715604704,Nill,Nill,Nill,Sundarban,,00,0031 - Adnan Billah,,
Done,Sept24,7-Sep,Xiaomi TV A Pro 43 Inch,1,36990,36990,Success Computer & Engeneering ,"112,113,114 Aloka nodi bangla, Mymensingh sadar,Mymensingh ",8801711682184,,,,Sundarban,Plz ensure delivery Sundarban in today ,,0009 - Omar Faruque Khan,,
Done,Sept24,7-Sep,Xiaomi TV A Pro 43 Inch,5,36190,180950,Jitu,"Elephant road, Dhaka",8801723863710,,,,Self Delivery,on behalf of Imran,0,HQ,,
Done,Sept24,7-Sep,Xiaomi TV A Pro 55 Inch,5,53590,267950,Jitu,"Elephant road, Dhaka",8801723863710,,,,Self Delivery,,0,HQ,,
Done,Sept24,7-Sep,Xiaomi TV A Pro 65 Inch,5,72790,363950,Jitu,"Elephant road, Dhaka
",8801723863710,,,,Self Delivery,,0,HQ,Not Imposed,
Done,Sept24,7-Sep,Xiaomi Monitor A22i,1,8500,8500,Robi Shop,"FlingEx Warehouse. 159/C Tejgaon Industrial Area, Dhaka, Bangladesh.",8801833623322,,,,No Preference,will pick,0,E-Com,,
Done,Sept24,7-Sep,Mi 23.8'' Desktop Monitor 1C,3,12980,38940,Daraz,"Asfia Tower - 76, Road-11, Block-E,  Banani",8801847420050,daraz,daraz,,Self Delivery,daraz,0,E-Com,,
Done,Sept24,7-Sep,Xiaomi TV A Pro 43 Inch,10,35590,355900,Chowdhury Electronics ,Alpona Plaza ,8801710549774,,,,Self Delivery,,,0033 - Imran Hossain - DHK,,
Done,Sept24,8-Sep,Xiaomi TV A Pro 65 Inch,1,73990,73990,Amin Smart LED Zone,"Shop: 508-509, Level 4, Mascot Plaza, Uttara",8801908668577,,,,Self Delivery,,,0035 - Md.Rejaul Islam Sujon,Not Imposed,
Done,Sept24,8-Sep,Xiaomi TV A Pro 43 Inch,1,36990,36990,Techi E Store ,JFP,8801711431809,Shah MD. Abdul Maleque,"134/A/1, srejani apartment, halim foundation, taltola, agargaon, Dhaka",8801713064925,Self Delivery,,,0035 - Md.Rejaul Islam Sujon,,
Done,Sept24,8-Sep,Xiaomi TV A Pro 55 Inch,1,54590,54590,Bangladesh Telecom Plus ,"Joaddar plaza , Badur total Chuadanga Sadar , Chuadanga.",8801707858382,Nil,Nill,Nill,Sundarban,Parle 2 pcs T shirt diben ,00,0031 - Adnan Billah,,
Done,Sept24,8-Sep,Xiaomi TV A Pro 43 Inch,5,36990,184950,Electronics City ,"Multiplan Centre, 69-71",8801786435142,,,,Self Delivery,,,0033 - Imran Hossain - DHK,,
Cancelation,Sept24,8-Sep,Xiaomi TV A Pro 65 Inch,,,0,Electronics City ,"Multiplan centre, 69-71",8801786435142,,,,Self Delivery,Delivery Pending,,0033 - Imran Hossain - DHK,Not Imposed,
Done,Sept24,8-Sep,Xiaomi TV A Pro 43 Inch,2,36990,73980,Shohan Electronics ,Hard metal gallery Dakbangla Khulna ,8801726728024,Nill,Nill,Nill,AJR,Only AJR Courier ,00,0031 - Adnan Billah,,
Done,Sept24,8-Sep,Xiaomi TV A Pro 65 Inch,3,73990,221970,Wholesale Electronics ,"West Matikata, Auto Stand, Samsung Wearhouse ",8801329701329,,,,Self Delivery,,,0035 - Md.Rejaul Islam Sujon,Not Imposed,
Done,Sept24,8-Sep,Xiaomi TV A Pro 43 Inch,1,36990,36990,Electro Mind,"Bus stand, sadar,Meherpur ",8801714948828,,,,Sundarban,,,0026 - Ohidul Islam,,
Done,Sept24,8-Sep,Xiaomi TV A Pro 55 Inch,1,54590,54590,Electro Mind,"Bus stand, sadar,Meherpur ",8801714948828,,,,Sundarban,,,0026 - Ohidul Islam,,
Done,Sept24,8-Sep,Xiaomi TV A Pro 55 Inch,2,54590,109180,New japan electronics ,"New japan electronics, Stadium market cumilla sadar",8801841392790,,,,Sundarban,Deposit will be done by Tomorrow ,,0094 - Shaharia Khan,,
Done,Sept24,8-Sep,Mi Smart Air Fryer 3.5L,1,8490,8490,Silver Water Technologies Bangladesh Limited,"HOUSE- 26, ROAD-07, BLOCK- C, NIKETON, GULSHAN1, PS-GULSHAN, DHAKA",8801715601888,,,,Self Delivery,,0,E-Com,,
Done,Sept24,9-Sep,Xiaomi TV A Pro 55 Inch,1,54590,54590,Shafin Enterprise ,Modonpur Bondar Narayanganj ,8801902604413,Wholesale Electronics Narayanganj ,"Old Abc School Apurbo Tower Ground Floor ,uttor chasara Narayanganj ",01888-018887,No Preference,,,0023 - Abdur Rahman,,
Done,Sept24,9-Sep,Xiaomi TV A Pro 43 Inch,2,36990,73980,Sheba Electronics ,"Shop: 620, Level: 5, RAJUK commercial market, Uttara",8801745308008,,,,Self Delivery,Adjust from ledger,,0035 - Md.Rejaul Islam Sujon,,
Done,Sept24,9-Sep,Xiaomi TV A Pro 43 Inch,2,36990,73980,Sofiq electronics,"Modhukhali, Faridpur ",8801705033553,,,,Sundarban,,,0026 - Ohidul Islam,,
Done,Sept24,9-Sep,Xiaomi TV A Pro 55 Inch,1,54590,54590,Sofiq electronics,"Modhukhali, Faridpur ",8801705033553,,,,Sundarban,,,0026 - Ohidul Islam,,
Done,Sept24,9-Sep,Mi 23.8'' Desktop Monitor 1C,1,12274,12274,Daraz,"Asfia Tower - 76, Road-11, Block-E,  Banani",8801847420050,daraz,daraz,daraz,Self Delivery,daraz,0,E-Com,,
Done,Sept24,9-Sep,Mi Smart Scale 2,1,2790,2790,Daraz,"Asfia Tower - 76, Road-11, Block-E,  Banani",8801847420050,daraz,daraz,daraz,Self Delivery,daraz,0,E-Com,,
Done,Sept24,9-Sep,Xiaomi TV A Pro 43 Inch,10,36000,360000,Star Tech & Engineering Limited,"6th floor, 28 Kazi Nazrul Islam Ave,Navana Zohura Square, Dhaka 1000.",8801709995408,,,,Self Delivery,,0,B2B,,
Done,Sept24,9-Sep,Xiaomi TV A Pro 55 Inch,2,54590,109180,Electronics City ,"Multiplane Centre, 69-71",8801786435142,,,,Self Delivery,,,0033 - Imran Hossain - DHK,,
Done,Sept24,9-Sep,Xiaomi TV A Pro 43 Inch,1,36990,36990,Ayat Electronics,Masjid Road Lal Mohon Bhola ,8801977008384,Nill,Nill,Nill,No Preference,Only Shawdagor Courier. Onno kono courier oikhane jay na ,00,0031 - Adnan Billah,,
Done,Sept24,9-Sep,Xiaomi TV A Pro 55 Inch,5,54000,270000,Star Tech & Engineering Limited,"6th floor, 28 Kazi Nazrul Islam Ave,Navana Zohura Square, Dhaka 1000.",8801709995408,,,,Self Delivery,,0,E-Com,,
Done,Sept24,9-Sep,Xiaomi TV A Pro 55 Inch,1,54590,54590,Amin Smart LED Zone,"Shop: 508-509, Level: 4, Mascot Plaza, Uttara ",8801842950030,,,,Self Delivery,,,0035 - Md.Rejaul Islam Sujon,,
Done,Sept24,9-Sep,Xiaomi TV A Pro 55 Inch,1,54590,54590,Techi E Store ,JFP,8801711431809,Mr. Habib,"537/6-A, Online City Sarak, Uttar Matikata, ECB Chattar, Dhaka Cantonment",8801743185588,Self Delivery,,,0035 - Md.Rejaul Islam Sujon,,
Done,Sept24,9-Sep,Xiaomi TV A Pro 43 Inch,6,36990,221940,Mi smart home,"Ssk,road,sador,Feni",8801711765235,,,,Sundarban,,,0107 - Tanjil Hossain,,
Done,Sept24,9-Sep,Xiaomi TV A Pro 43 Inch,5,36190,180950,Tech Land,"Multiplan, Level 13",8801647538526,,,,Self Delivery,Bhai Money receipt niben & 10 taka due thakle product delivery diben na,,0033 - Imran Hossain - DHK,,
Done,Sept24,10-Sep,Mi Smart Air Fryer 3.5L,1,9690,9690,Daraz,"Asfia Tower - 76, Road-11, Block-E,  Banani",8801847420050,daraz,daraz,daraz,Self Delivery,daraz,0,E-Com,,
Done,Sept24,10-Sep,Mi 23.8'' Desktop Monitor 1C,1,12900,12900,Daraz,"Asfia Tower - 76, Road-11, Block-E,  Banani",8801847420050,daraz,daraz,daraz,Self Delivery,daraz,0,E-Com,,
Done,Sept24,10-Sep,Mi Dual Mode Wireless Mouse Silent Edition,1,920,920,Daraz,"Asfia Tower - 76, Road-11, Block-E,  Banani",8801847420050,daraz,daraz,daraz,Self Delivery,daraz,0,E-Com,,
Done,Sept24,10-Sep,Xiaomi TV A Pro 55 Inch,4,54590,218360,Fakir Technologies Ltd,"89/2, West Panthapath, Haque Chamber, (8th Floor), Dhaka-1215.",8801329703211,,,,Self Delivery,,0,HQ,,
Done,Sept24,10-Sep,Xiaomi TV A Pro 55 Inch,5,54590,272950,Aman Enterprise ,"Amin Bazar, Laguna Stand, Haji Kafil Uddin market",8801725705705,,,,Self Delivery,,,0033 - Imran Hossain - DHK,,
Done,Sept24,10-Sep,Xiaomi TV A Pro 43 Inch,5,36990,184950,Jahidul Electronics ,Uttor Kanchon Bazar Rupganj Narayanganj ,8801316698609,,,,No Preference,"Previous advance= 182990
Today order value= 184950

Due = 1960",00,0023 - Abdur Rahman,,
Done,Sept24,10-Sep,Xiaomi TV A Pro 43 Inch,3,36990,110970,Mi Store (Hello Tel),"Shop:020B2, Level: 4, Block: C, Jamuna Future Park, Dhaka",8801631741239,,,,Self Delivery,,,0035 - Md.Rejaul Islam Sujon,,
Done,Sept24,10-Sep,Xiaomi TV A Pro 55 Inch,2,54590,109180,Mi Store (Hello Tel),JFP,8801631741239,,,,Self Delivery,,,0035 - Md.Rejaul Islam Sujon,,
Done,Sept24,10-Sep,Xiaomi TV A Pro 43 Inch,2,36990,73980,Mollick electronics ,"Tarifdar new market,Jibonnagor, chudanga",8801922487846,,,,Sundarban,,,0026 - Ohidul Islam,,
Done,Sept24,10-Sep,Xiaomi Monitor A22i,2,8500,17000,Sofiq electronics,"Modhukhali, Faridpur ",8801705033553,,,,Sundarban,,,0026 - Ohidul Islam,,
Done,Sept24,10-Sep,Mi Smart Scale 2,1,2490,2490,OnnoRokom Web Services Ltd,"2/1/E, Eden Center, Arambag, Motijheel, Dhaka-1000",8801708166273,,,,Self Delivery,,0,E-Com,,
Done,Sept24,11-Sep,Xiaomi TV A Pro 43 Inch,4,36990,147960,Sheba Electronics ,Uttara,8801745308008,FN Electronics ,"273/3, Kalshi Lohar Bridge, West Matikata Rd, Dhaka 1206",8801741914790,Self Delivery,,,0035 - Md.Rejaul Islam Sujon,,
Done,Sept24,11-Sep,Xiaomi TV A Pro 43 Inch,1,41614,41614,BRAC ,"75 Mohakhali, Dhaka-1212, Bangladesh.",8801332521985,,,,Self Delivery,,0,HQ,,
Done,Sept24,11-Sep,Xiaomi TV A Pro 43 Inch,1,36990,36990,Raton electronics ,"Milkvita road, Takerhat, Madaripur ",8801977398333,,,,Sundarban,,,0026 - Ohidul Islam,,
Done,Sept24,11-Sep,Xiaomi TV A Pro 43 Inch,5,36190,180950,Tech Land,"Multiplane, Level 13",8801647538526,,,,Self Delivery,,,0033 - Imran Hossain - DHK,,
Done,Sept24,11-Sep,Xiaomi TV X85 (Chinese),1,180000,180000,FM Electronics,"Rifle Club, Nandan Kanon, Chittagong.",8801824946334,,,,No Preference,,,0025 - Imran Hossain - CTG,,
Done,Sept24,11-Sep,Xiaomi TV EA75 (Chinese),1,90000,90000,FM Electronics,"Rifle Club, Nandan Kanon, Chittagong.",8801824946334,,,,No Preference,,,0025 - Imran Hossain - CTG,,
Done,Sept24,11-Sep,Xiaomi TV A Pro 43 Inch,6,36990,221940,FM Electronics,"Rifle Club, Nandan Kanon, Chittagong.",8801824946334,,,,No Preference,,,0025 - Imran Hossain - CTG,,
Done,Sept24,11-Sep,Xiaomi TV A Pro 43 Inch,1,36990,36990,Bismillah Electronics ,"Sharif Shopping Complex,1st floor,Chaturi,Chowmuhony,Ctg",8801875737375,,,,No Preference,,,0025 - Imran Hossain - CTG,,
Done,Sept24,11-Sep,Xiaomi TV A Pro 55 Inch,1,54590,54590,Bismillah Electronics ,"Sharif Shopping Complex,1st floor,Chaturi,Chowmuhony,Ctg",8801875737375,,,,No Preference,,,0025 - Imran Hossain - CTG,,
Done,Sept24,11-Sep,Xiaomi TV A Pro 43 Inch,1,36990,36990,BRACNet Limited,"Navana Yusuf Infinity, Bir Uttam AK Khandakar Rd, Dhaka 1212",8801896038630,,,,Self Delivery,,0,HQ,,
Done,Sept24,12-Sep,Mi Motion-Activated Night Light 2,3,495,1485,Daraz,"Asfia Tower - 76, Road-11, Block-E,  Banani",8801847420050,daraz,daraz,daraz,Self Delivery,daraz,0,E-Com,,
Done,Sept24,12-Sep,Mi Dual Mode Wireless Mouse Silent Edition,1,895,895,Daraz,"Asfia Tower - 76, Road-11, Block-E,  Banani",8801847420050,daraz,daraz,daraz,Self Delivery,daraz,0,E-Com,,
Done,Sept24,12-Sep,Mi 23.8'' Desktop Monitor 1C,1,12274,12274,Daraz,"Asfia Tower - 76, Road-11, Block-E,  Banani",8801847420050,daraz,daraz,daraz,Self Delivery,daraz,0,E-Com,,
Done,Sept24,12-Sep,Xiaomi TV A Pro 55 Inch,1,54590,54590,Techi E Store ,JFP,8801711431809,Mr. Habib,"537/6-A, Online City Sarak, Uttar Matikata, ECB Chattar, Dhaka Cantonment",+880 17 4318 5588,Self Delivery,,,0035 - Md.Rejaul Islam Sujon,,
Done,Sept24,12-Sep,Xiaomi TV A Pro 43 Inch,5,36990,184950,Shamim Electronics ,"North Side of Desco, Mirpur 10, Jolladkhana",8801999949933,,,,Self Delivery,,,0035 - Md.Rejaul Islam Sujon,,
Done,Sept24,12-Sep,Xiaomi TV A Pro 55 Inch,5,54590,272950,Shamim Electronics ,"North Side of Desco, Mirpur 10, Jolladkhana",8801999949933,,,,Self Delivery,,,0035 - Md.Rejaul Islam Sujon,,
Done,Sept24,12-Sep,Xiaomi Monitor A22i,5,8500,42500,PowerLine Computer ,"Central Plaza, GEC Moor, Chittagong ",8801819536363,,,,Sundarban,Note : Make Sure Home Delivery & Also give invoice.,00,0070 - Tamal Roy,,
Done,Sept24,12-Sep,Xiaomi TV A Pro 43 Inch,1,36990,36990,Jayanta,"39/1/D East Maniknogor, Dhaka",8801717849644,,,,Self Delivery,,0,B2C,,
Done,Sept24,12-Sep,Mi Motion-Activated Night Light 2,1,780,780,OnnoRokom Web Services Ltd,"2/1/E, Eden Center, Arambag, Motijheel, Dhaka-1000",8801708166273,,,,Self Delivery,,0,E-Com,,
Cancelation,Sept24,12-Sep,Mi Motion-Activated Night Light 2,0,0,0,A,A,A,A,A,A,A,A,0,A,,
Done,Sept24,12-Sep,Xiaomi TV A Pro 43 Inch,5,36990,184950,Brand Bazaar ,Happy Arcade Shoping Mall,8801711903044,,,,Self Delivery,,,0033 - Imran Hossain - DHK,,
Done,Sept24,12-Sep,Xiaomi TV A Pro 55 Inch,5,54590,272950,Brand Bazaar ,Happy Arcade Shopping Mall,8801711903044,,,,Self Delivery,,,0033 - Imran Hossain - DHK,,
Done,Sept24,12-Sep,Redmi Buds 3 Pro,10,3600,36000,Mobile Hut 1,Hasnat Square 2nd floor BB road Narayanganj ,8801783517709,,,,Sundarban,,00,0023 - Abdur Rahman,,
Done,Sept24,12-Sep,Mi Smart Air Fryer 3.5L,1,8490,8490,Silver Water Technologies Bangladesh Limited,"HOUSE- 26, ROAD-07, BLOCK- C, NIKETON, GULSHAN1, PS-GULSHAN, DHAKA",8801715601888,,,,Self Delivery,,0,HQ,,
Done,Sept24,12-Sep,Mi Smart Scale 2,1,2490,2490,Amin Smart LED Zone,"Shop: 508-509, Level: 4, Mascot Plaza, Uttara",8801908668577,,,,Sundarban,,,0035 - Md.Rejaul Islam Sujon,,
Done,Sept24,14-Sep,Xiaomi TV A Pro 43 Inch,1,36990,36990,Tech City,"Shop 245, Level 2, Shimanto Square Market",8801709651931,,,,Self Delivery,,,0033 - Imran Hossain - DHK,,
Done,Sept24,14-Sep,Mi Dual Mode Wireless Mouse Silent Edition,2,920,1840,Daraz,"Asfia Tower - 76, Road-11, Block-E,  Banani",8801847420050,daraz,daraz,daraz,Self Delivery,daraz,0,E-Com,,
Done,Sept24,14-Sep,Xiaomi TV A Pro 55 Inch,2,54590,109180,Tech City,"Shop 245, Lavel 2, Shimanto Square Market ",8801709651931,,,,Self Delivery,,,0033 - Imran Hossain - DHK,,
Done,Sept24,14-Sep,Mi Motion-Activated Night Light 2,2,465,930,Daraz,"Asfia Tower - 76, Road-11, Block-E,  Banani",8801847420050,daraz,daraz,daraz,Self Delivery,daraz,0,E-Com,,
Done,Sept24,14-Sep,Xiaomi Monitor A22i,1,9190,9190,Daraz,"Asfia Tower - 76, Road-11, Block-E,  Banani",8801847420050,daraz,daraz,daraz,Self Delivery,daraz,0,E-Com,,
Done,Sept24,14-Sep,Xiaomi TV A Pro 43 Inch,1,36990,36990,Biva AC Bazar,"Shat Rastar Moor , Gorib Newajet Pashe pubali bank er niche . ",8801716446909,Nill,Nill,Nill,No Preference,Only Shawdagor Courier ,00,0031 - Adnan Billah,,
Done,Sept24,14-Sep,Xiaomi TV A Pro 43 Inch,2,36990,73980,TV Bazar ,Multiplane,8801881584115,,,,Self Delivery,"Total Order Value - 73980
Previous Have in ledger - 5300
Now payable amount - 68680 Taka",,0033 - Imran Hossain - DHK,,
Done,Sept24,14-Sep,Xiaomi TV A Pro 43 Inch,6,36990,221940,Shohan Electronics ,Hard metal Gallery Dakbangla Khulna ,8801726728024,Nill,Nill,Nill,No Preference,AJR courier only ,0,0031 - Adnan Billah,,
Done,Sept24,14-Sep,A2 18K VIOMI AC Split (Non-Inverter) 1.5 Ton,1,45000,45000,Babul SAB,"46, Nawabganj Road (Near Nawabganj Police Station), Lalbagh, Dhaka",8801911611058,,,,Self Delivery,Moeen bhain refer,0,HQ,,
Cancelation,Sept24,14-Sep,Xiaomi TV A Pro 32 Inch,0,,0,Bismillah Electronics ,"Anwara,Ctg",018 1867 1181,,,,No Preference,Products already delivered from FM,,0025 - Imran Hossain - CTG,,
Done,Sept24,14-Sep,"Xiaomi TV A2 FHD 43""",1,28990,28990,Bismillah Electronics ,Ctg,0,,,,No Preference,,,0025 - Imran Hossain - CTG,,
Done,Sept24,14-Sep,Xiaomi TV A Pro 43 Inch,5,37490,187450,New Friends Electronics,Stadium,8801817097172,TV Town,"25/A, Bangabandhu National Stadium ",880 1988802459,Self Delivery,Need Fake invoice bhai 😄,,0033 - Imran Hossain - DHK,,
Done,Sept24,14-Sep,Xiaomi TV A Pro 55 Inch,2,54990,109980,New Friends Electronics,Stadium ,8801817097172,TV Town,"25/A, Bangabandhu National Stadium ",880 1988802459,Self Delivery,Need Fake Invoice bhai 😄,,0033 - Imran Hossain - DHK,,
Done,Sept24,14-Sep,Xiaomi Portable Electric Air Compressor 1S,5,3800,19000,Electropia,"8C, H-01, R-04, Block - B, Basila City Developers Housing, Basila, Dhaka",8801911761617,,,,Self Delivery,,0,HQ,,
Done,Sept24,14-Sep,Mi Smart Air Fryer 3.5L,3,8300,24900,Electropia,"8C, H-01, R-04, Block - B, Basila City Developers Housing, Basila, Dhaka",8801911761617,,,,Self Delivery,,0,HQ,,
Done,Sept24,14-Sep,Xiaomi Wireless Keyboard and Mouse Combo,5,1700,8500,Electropia,"8C, H-01, R-04, Block - B, 
Basila City Developers Housing, Basila, Dhaka",8801911761617,,,,Self Delivery,,0,HQ,,
Done,Sept24,14-Sep,Redmi Buds 3 Pro,3,3700,11100,Electropia,"8C, H-01, R-04, Block - B, 
Basila City Developers Housing, Basila, Dhaka",8801911761617,,,,Self Delivery,,0,HQ,,
Done,Sept24,14-Sep,Mi Dual Mode Wireless Mouse Silent Edition,10,1050,10500,Electropia,"8C, H-01, R-04, Block - B, 
Basila City Developers Housing, Basila, Dhaka",8801911761617,,,,Self Delivery,,0,HQ,,
Done,Sept24,14-Sep,Mi Motion-Activated Night Light 2,75,500,37500,Electropia,"8C, H-01, R-04, Block - B, 
Basila City Developers Housing, Basila, Dhaka",8801911761617,,,,Self Delivery,,0,HQ,,
Done,Sept24,14-Sep,Xiaomi Mijia Gel Ink Pen (10 Pcs),10,600,6000,Electropia ,"8C, H-01, R-04, Block - B, 
Basila City Developers Housing, Basila, Dhaka",8801911761617,,,,Self Delivery,,0,HQ,,
Done,Sept24,14-Sep,Mi Smart Scale 2,5,2490,12450,Electropia,"8C, H-01, R-04, Block - B, 
Basila City Developers Housing, Basila, Dhaka",8801911761617,,,,Self Delivery,,0,HQ,,
Done,Sept24,15-Sep,Xiaomi TV A Pro 55 Inch,1,54590,54590,Device Metro,JFP,8801753317873,Md. Nirob,"Alamin nagar bridge, siddhirganj, Naraynganj",8801837038879,Sundarban,,,0035 - Md.Rejaul Islam Sujon,,
Done,Sept24,15-Sep,Mi Dual Mode Wireless Mouse Silent Edition,2,920,1840,Daraz,"Asfia Tower - 76, Road-11, Block-E,  Banani",8801847420050,,,,Self Delivery,,0,E-Com,,
Done,Sept24,15-Sep,Mi 23.8'' Desktop Monitor 1C,1,12274,12274,Daraz,"Asfia Tower - 76, Road-11, Block-E,  Banani",8801847420050,,,,Self Delivery,,0,E-Com,,
Done,Sept24,15-Sep,Xiaomi Portable Electric Air Compressor 1S,5,4190,20950,Sumash Tech Ltd.,"L#5, Shop # 108-111, B.City, Dhaka",8801676163308,,,,Self Delivery,,0,B2B,,
Done,Sept24,15-Sep,Xiaomi TV A Pro 43 Inch,6,36990,221940,Mi smart home,"Ssk road, sador,Feni",8801711765235,,,,Sundarban,,,0107 - Tanjil Hossain,,
Done,Sept24,15-Sep,Xiaomi TV A Pro 55 Inch,1,54590,54590,Shomel,"251/A New Circular Road, Malibagh dhaka 1217
Beside bata shop",8801817073616,,,,Self Delivery,,0,HQ,,
Done,Sept24,17-Sep,Xiaomi TV A Pro 43 Inch,1,36990,36990,Sheba Electronics ,Uttara,8801745308008,Shahid Abedin,"Flat no 8, 3rd floor, 209 malibagh shahi mosjid Dhaka 1217",8801717132509,Self Delivery,,,0035 - Md.Rejaul Islam Sujon,,
Done,Sept24,17-Sep,Xiaomi Monitor A22i,1,9190,9190,Daraz,"Asfia Tower - 76, Road-11, Block-E,  Banani",8801847420050,daraz,daraz,daraz,Self Delivery,daraz,0,E-Com,,
Done,Sept24,17-Sep,Mi Dual Mode Wireless Mouse Silent Edition,1,920,920,Daraz,"Asfia Tower - 76, Road-11, Block-E,  Banani",8801847420050,daraz,daraz,daraz,Self Delivery,daraz,0,E-Com,,
Done,Sept24,17-Sep,Xiaomi TV A Pro 43 Inch,1,36990,36990,City Electronics,"Old Bus stand , Avoy Nagor Noapara Jessore ",8801717528797,আমিনুর রশিদ রুবন,"248/1,West Agaragaon(beside 6tola garments), ",01716-610071,No Preference,Home delivery please within today ,00,0031 - Adnan Billah,,
Done,Sept24,17-Sep,Xiaomi TV A Pro 43 Inch,1,35990,35990,Dx Tel Ltd,"PC Garden, (5th Floor), Flat No-5/A, 20-21, Garden Road,Kawran Bazar Lane,; Tejgaon PS; Dhaka-1215; Bangladesh",8801708813798,Mi Store JFP DTL,"Shop No- 4C-18 C1, Jamuna Future Park",8801708813768,No Preference,,0,B2B,,
Done,Sept24,17-Sep,Mi Smart Air Fryer 3.5L,1,8900,8900,Nasreen Banu,"Saraqa Mac, 3/1,3/2 Bijoy Nagor, Flat G2",8801911448854,,,,No Preference,,0,B2C,,
Done,Sept24,17-Sep,Xiaomi TV A Pro 43 Inch,1,37000,37000,Gulshan Ara Height,"Apt 5B, House 11, Block C (Beside Panir Tenki Goli), Section -10, Mirpur",8801711014046,,,,No Preference,,0,B2B,,
Done,Sept24,17-Sep,Xiaomi TV A Pro 55 Inch,1,54590,54590,Techi E Store ,JFP,8801711431809,Md. Kowshik,"3rd Floor , Merul Badda, ডি আইটি প্রজেক্ট, বাড়ি: ১৪, রোড: ০৫, Dhaka 1212",8801311339460,Self Delivery,,,0035 - Md.Rejaul Islam Sujon,,
Done,Sept24,17-Sep,Xiaomi TV A Pro 43 Inch,1,35000,35000,Joy sarker (Amaya WH),Amaya warehouse ,8801608558543,,,,No Preference,,0,B2C,,
Done,Sept24,17-Sep,Xiaomi TV A Pro 43 Inch,1,36990,36990,Best Quality Electronics ,"Kanaikhali,Sadar Natore. ",8801773026823,0,0,0,Sundarban,,0,0019 - Hafizur Rahman,,
Done,Sept24,17-Sep,A2 24K VIOMI AC Split (Non-Inverter) 2 Ton,1,57000,57000,M/S Shiraz & Co,"505, Alauddin tower , Garikhana Road Jessore . ",8801978939342,Nill,Nill,Nill,AJR,,00,0031 - Adnan Billah,,
Done,Sept24,17-Sep,Xiaomi TV A Pro 43 Inch,1,36990,36990,Smart home appliances ,"Alipur, sadar,Faridpur ",8801318300516,Rasel,"Sadar,Madaripur ",8801912884493,Sundarban,,,0026 - Ohidul Islam,,
Done,Sept24,17-Sep,Xiaomi TV A Pro 55 Inch,5,54000,270000,Silver Water Technologies Bangladesh Limited,"HOUSE- 26, ROAD-07, BLOCK- C, NIKETON, GULSHAN1, PS-GULSHAN, DHAKA",8801715601888,,,,No Preference,,0,E-Com,,
Done,Sept24,18-Sep,Xiaomi Mijia Gel Ink Pen (10 Pcs),3,690,2070,Daraz,"Asfia Tower - 76, Road-11, Block-E,  Banani",8801847420050,daraz,daraz,daraz,Self Delivery,daraz,0,E-Com,,
Done,Sept24,18-Sep,Mi Smart Scale 2,1,2490,2490,Yeasin,Dx tel office,8801711086676,,,,Self Delivery,,0,B2C,,
Done,Sept24,18-Sep,Xiaomi TV EA75 (Chinese),1,90000,90000,Dazzle,Ctg,8801830999969,Dazzle,"Jamuna Future Park Branch Dazzle Shop No - 021C & 021D, North Court, Block - B, 4th floor, Jamuna Future Park, Kuril Pragoti Shoroni, Dhaka",+880 18 3099 9969,No Preference,,,0025 - Imran Hossain - CTG,,
Done,Sept24,18-Sep,Xiaomi TV A Pro 43 Inch,4,36990,147960,Jahidul Electronics ,Uttor kanchon Bazar Rupganj Narayanganj ,8801737804055,,,,No Preference,,300200,0023 - Abdur Rahman,,
Done,Sept24,18-Sep,Xiaomi TV A Pro 55 Inch,1,54590,54590,New Japan electronics ,"Stadium Market, Cumilla",8801841392790,New city electronics HHazigonj Bazar,"Haziganj Bazar, Haziganj Chandpur ",01787221777,Sundarban,,,0094 - Shaharia Khan,,
Done,Sept24,18-Sep,Xiaomi TV A Pro 55 Inch,1,54590,54590,Jahidul Electronics ,Uttor kanchon Bazar Rupganj Narayanganj ,8801737804055,,,,No Preference,,300200,0023 - Abdur Rahman,,
Done,Sept24,18-Sep,Xiaomi TV A Pro 43 Inch,1,36990,36990,New japan electronics ,"Stadium market, Cumilla",8801841392790,New city electronics ,"Haziganj Bazar,  Haziganj, Chandpur ",01787221777,Sundarban,,,0094 - Shaharia Khan,,
Done,Sept24,18-Sep,Xiaomi TV A Pro 55 Inch,1,54590,54590,Laptop care & technology ,"Rahaman shopping mall,4th floor,sho no:17,18,19,chowrasta,joydebur road gazipur",8801818981971,,,,Self Delivery,Plz ensure delivery Janani courier service in today.,,0009 - Omar Faruque Khan,,
Done,Sept24,18-Sep,Xiaomi TV A Pro 55 Inch,1,54590,54590,Shohan Electronics ,Hard Metal Gallery Dakbangla Khulna ,8801726728024,Nill,Nill,Nill,AJR,,00,0031 - Adnan Billah,,
Done,Sept24,18-Sep,Mi Smart Scale 2,1,2490,2490,OnnoRokom Web Services Ltd,"2/1/E, Eden Center, Arambag, Motijheel, Dhaka-1000",8801708166273,,,,Self Delivery,,0,E-Com,,
Done,Sept24,18-Sep,Xiaomi TV A Pro 55 Inch,1,54590,54590,Orient Electronics,"Shop Address : Shop-407-424, Plaza A R Shopping Mall ( 3d Floor ) Road 14 House 02 Dhanmondi ( Beside Sobhan Bagh Masjid & Opposite of Daffodil International University ) Dhaka 1209.",8801672231185,,,,No Preference,,0,0033 - Imran Hossain - DHK,,
Done,Sept24,19-Sep,Xiaomi TV A Pro 55 Inch,1,54590,54590,Shohan Electronics ,Hard metal Gallery Dakbangla Khulna ,8801726728024,Javed Sultan Piash ,"জাবেদ সুলতান পিয়াস, ফ্ল্যাট- বি৮০১, SEL ছায়ানীড়, ক-১১৫/৬/১ দক্ষিণপাড়া, মহাখালী, বনানী, ঢাকা।   (নিকেতন বাজারের কাছে শান্তিনিকেতনে বায়তুস সালাম মসজিদ সংলগ্ন। তেজগাঁও লিংক রোডের বটতলা মোড় বা নিনা কাব্য ভবনের পাশের সড়কে)",017 1617 9289,No Preference,Please Do home delivery . ,00,0031 - Adnan Billah,,
Done,Sept24,19-Sep,Xiaomi Mijia Gel Ink Pen (10 Pcs),1,690,690,Daraz,"Asfia Tower - 76, Road-11, Block-E,  Banani",8801847420050,daraz,daraz,daraz,Self Delivery,daraz,0,E-Com,,
Done,Sept24,19-Sep,"Xiaomi TV A2 FHD 43""",4,28750,115000,New Friends Electronics,"Stadium 1 No Gate, Shop No - 29",8801817097172,,,,Self Delivery,,,0033 - Imran Hossain - DHK,,
Done,Sept24,19-Sep,Xiaomi TV A Pro 43 Inch,2,36990,73980,Sheba Electronics ,"Shop: 620, level: 5, Rajuk commercial market, uttara",8801309312131,,,,Self Delivery,,,0035 - Md.Rejaul Islam Sujon,,
Done,Sept24,19-Sep,"Xiaomi TV A2 FHD 43""",4,29000,116000,AC Trust BD,"AVIZAN 133, College gate, college road, kacha Bazar, Tongi.",8801718797734,,,,Self Delivery,Plz proceed delivery in self,,0009 - Omar Faruque Khan,,
Done,Sept24,19-Sep,Xiaomi TV A Pro 43 Inch,5,36990,184950,AC Trust BD,"AVIZAN 133, College gate, college road, kacha Bazar, Tongi.

01718797734",8801718797734,,,,Self Delivery,Plz proceed delivery in self,,0009 - Omar Faruque Khan,,"AVIZAN 133, College gate, college road, kacha Bazar, Tongi.

01718797734"
Done,Sept24,19-Sep,Xiaomi TV A Pro 55 Inch,1,54590,54590,AC Trust BD,"AVIZAN 133, College gate, college road, kacha Bazar, Tongi.",8801718797734,,,,Self Delivery,Plz proceed delivery in self ,,0009 - Omar Faruque Khan,,
Done,Sept24,19-Sep,Xiaomi TV A Pro 43 Inch,1,36990,36990,Smart home appliances ,"Alipur, sadar,Faridpur ",8801318300516,Safa electronics,"Alipur,sadar,Faridpur ",8801722704560,Sundarban,,,0026 - Ohidul Islam,,
Done,Sept24,19-Sep,Mi Motion-Activated Night Light 2,2,780,1560,OnnoRokom Web Services Ltd,"2/1/E, Eden Center, Arambag, Motijheel, Dhaka-1000",8801708166273,,,,No Preference,,0,E-Com,,
Done,Sept24,19-Sep,"Xiaomi TV A2 FHD 43""",2,28990,57980,National Electronics ,Fatima plaza Chawrongi Gopalgonj ,8801714065626,Nill,Nill,Nill,Sundarban,,00,0031 - Adnan Billah,,
Done,Sept24,19-Sep,Xiaomi TV A Pro 43 Inch,2,36990,73980,Rabab electronics,"Alpona Plaza, Elephant Road,",8801719106660,,,,No Preference,,0,B2B,,
Done,Sept24,21-Sep,A2 18K VIOMI AC Split (Non-Inverter) 1.5 Ton,1,45000,45000,Hafizur Rahman - Shitol (Amaya Employee) ,"Front of sunflower school, Koshaibari, Dakhshinkhan, Dhaka.",8801676477110,,,,No Preference,,0,B2C,,
Done,Sept24,21-Sep,Mi Dual Mode Wireless Mouse Silent Edition,1,990,990,Daraz,"Asfia Tower - 76, Road-11, Block-E,  Banani",8801847420050,daraz,daraz,daraz,Self Delivery,daraz,0,E-Com,,
Done,Sept24,21-Sep,Xiaomi Wireless Keyboard and Mouse Combo,1,2290,2290,Daraz,"Asfia Tower - 76, Road-11, Block-E,  Banani",8801847420050,daraz,daraz,daraz,Self Delivery,daraz,0,E-Com,,
Done,Sept24,21-Sep,Xiaomi TV A Pro 55 Inch,10,54590,545900,Wholesale Electronics ,"West Matikata, Auto Stand, (Samsung Wearhouse) Dhaka",8801329701329,,,,Self Delivery,,,0035 - Md.Rejaul Islam Sujon,,
Done,Sept24,22-Sep,Xiaomi Wireless Keyboard and Mouse Combo,1,2290,2290,Daraz,"Asfia Tower - 76, Road-11, Block-E,  Banani",8801847420050,daraz,daraz,,Self Delivery,daraz,0,E-Com,,
Done,Sept24,22-Sep,Xiaomi TV A Pro 43 Inch,1,36990,36990,Mobile Choice,"Shop#20,21,Mazeda Complex,Rajbari road, joydebpur,gazipur",8801711900931,Harun Ur Rashid,"Flat 12 E/A,BUET Campus Quarter,near to BUET Central morque",01727261711,Self Delivery,Plz ensure delivery without invoice ,,0009 - Omar Faruque Khan,,
Done,Sept24,22-Sep,Xiaomi TV A Pro 43 Inch,1,36990,36990,Iconik (Rakib),"71/A Zakir Hossain Road, Yousuf Tower, Ground Floor, Khulshi, Chittagong-4225.",8801837274332,,,,Sundarban,Noted: No Invoice.,00,0070 - Tamal Roy,,
Done,Sept24,22-Sep,Xiaomi TV A Pro 43 Inch,1,36990,36990,Wholesale Electronic Narayanganj ,Uttor Chasara ,8801888018887,Global Electronics ,Under Hatil Building Uttor Chasara Narayanganj ,01612-355951,No Preference,,,0023 - Abdur Rahman,,
Done,Sept24,22-Sep,Xiaomi TV A Pro 55 Inch,1,54590,54590,Wholesale Electronic Narayanganj ,Uttor Chasara Narayanganj ,8801888018887,Global Electronics ,Under Hatil Building Uttor Chasara Narayanganj ,01612-355951,No Preference,,00,0023 - Abdur Rahman,,
Done,Sept24,22-Sep,Xiaomi TV A Pro 43 Inch,5,36990,184950,Tv Ghar ,Kadam tola Mor demra Dhaka ,8801911567808,,,,No Preference,,00,0023 - Abdur Rahman,,
Done,Sept24,22-Sep,Xiaomi TV A Pro 43 Inch,4,36690,146760,New Friends Electronics,"Stadium 1 No gate, Shop no - 29",8801817097172,,,,Self Delivery,,,0033 - Imran Hossain - DHK,,
Done,Sept24,22-Sep,Xiaomi TV A Pro 55 Inch,5,54090,270450,New Friends Electronics,"Stadium 1 no gate, Shop no - 29",8801817097172,,,,Self Delivery,,,0033 - Imran Hossain - DHK,,
Done,Sept24,22-Sep,Xiaomi TV A Pro 43 Inch,4,36990,147960,Wholesale Electronic Narayanganj ,Uttor Chasara Narayanganj ,8801888018887,,,,No Preference,,,0023 - Abdur Rahman,,
Done,Sept24,22-Sep,Xiaomi Wireless Keyboard and Mouse Combo,2,1990,3980,Alia Telecom,"Shop no-11, Rose valley shopping complex Mall 29, Rakhin Street, Wari Dhaka",8801971074093,,,,No Preference,,00,0023 - Abdur Rahman,,
Done,Sept24,22-Sep,Mi Dual Mode Wireless Mouse Silent Edition,2,1140,2280,Alia Telecom,"Shop no-11, Rose valley shopping complex Mall 29, Rakhin Street, Wari Dhaka",8801971074093,,,,No Preference,,,0023 - Abdur Rahman,,
Done,Sept24,22-Sep,Xiaomi TV A Pro 55 Inch,2,54590,109180,Bismillah Electronics ,"Anwara,Ctg",8801875737375,,,,Sundarban,"Delivery must Anwara,Ctg",,0025 - Imran Hossain - CTG,,
Done,Sept24,22-Sep,Redmi Buds 3 Pro,5,3600,18000,Alia Telecom,"Shop no-11, Rose valley shopping complex Mall 29, Rakhin Street, Wari Dhaka
",8801971074093,,,,No Preference,,,0023 - Abdur Rahman,,
Done,Sept24,22-Sep,Xiaomi TV A Pro 43 Inch,3,36490,109470,Silver Water Technologies Bangladesh Limited,"HOUSE- 26, ROAD-07, BLOCK- C, NIKETON, GULSHAN1, PS-GULSHAN, DHAKA",8801715601888,,,,Self Delivery,,0,E-Com,,
Done,Sept24,22-Sep,Xiaomi TV A Pro 55 Inch,1,54590,54590,Long Tech ,Mohammadpur ,8801919234023,Bismillah Electronics ,01926-801205,"Mohammad Bagh Chowrasta, Kadamtali",Self Delivery,Bhai Need Fake invoice - Billing Price - 56000 Taka,,0033 - Imran Hossain - DHK,,
Done,Sept24,22-Sep,Xiaomi TV A Pro 43 Inch,1,35140,35140,Imran Hossain - Dhk (TSM),"Jurain Muradpur, Kudar Bazar mor",8801619606575,,,,Self Delivery,,,0033 - Imran Hossain - DHK,,
Done,Sept24,23-Sep,Xiaomi TV A Pro 55 Inch,1,54590,54590,Techi E Store ,JFP,8801711431809,Mr. Ziaul,"House#850, avenue #3, road 12, flat#5, Mirpur DOHS, Dhaka",8801711504542,Self Delivery,,,0035 - Md.Rejaul Islam Sujon,,
Done,Sept24,23-Sep,Xiaomi TV A Pro 43 Inch,5,36990,184950,New Japan electronics ,"Stadium market, Cumilla khandirpar ",8801841392790,,,,Sundarban,,,0094 - Shaharia Khan,,
Done,Sept24,23-Sep,Xiaomi TV A Pro 65 Inch,1,73990,73990,PowerLine Computer ,"Central Plaza, GEC Moor, Chittagong ",8801819536363,,,,Self Pick,Note : Give Invoice & Challan,00,0070 - Tamal Roy,Not Imposed,
Done,Sept24,23-Sep,Xiaomi TV A Pro 55 Inch,1,54090,54090,New Friends Electronics,Stadium ,8801817097172,Gadget Monkey ,Bashundhara City ,880 1920105216,Self Delivery,Provide Only Challan Copy & Collect 56000 Taka Bhai,,0033 - Imran Hossain - DHK,,
Done,Sept24,23-Sep,Xiaomi TV A Pro 43 Inch,1,36990,36990,New japan electronics ,Stadium market Cumilla khandirpar ,8801841392790,"বাড়ি ৬৭ (বিল্লাল সাহেবের বাড়ি), রোড নং ২, তাহেরিয়া মাদ্রাসা রোড, ত্রিমোহনি Banoshri Dhaka। Noman ০১৯১১ ৫৯৬৮৬৯",,01911596869,Self Pick,Plz ensure delivery by today,,0094 - Shaharia Khan,,
Done,Sept24,23-Sep,Xiaomi TV A Pro 55 Inch,1,54500,54500,Mizu,Bogra Sadar,8801711902843,,,,Sundarban,,0,B2C,,
Done,Sept24,23-Sep,Xiaomi TV A Pro 43 Inch,10,36990,369900,Shera Electronics ,"Shop: 24, Level: 2, Joynal Tower, Joynal Market Dokkhin Khan, Uttara, Dhaka",8801923318849,,,,Self Delivery,,,0035 - Md.Rejaul Islam Sujon,,
Done,Sept24,23-Sep,Xiaomi TV A Pro 43 Inch,6,36990,221940,Mi smart home,"Ssk road, sador, Feni",8801711765235,,,,Sundarban,,,0107 - Tanjil Hossain,,
Done,Sept24,23-Sep,"Xiaomi TV A2 FHD 43""",2,28990,57980,Mi smart home,Ssk road sador Feni,8801711765235,,,,Sundarban,,,0107 - Tanjil Hossain,,
Done,Sept24,24-Sep,Xiaomi TV A Pro 43 Inch,2,36990,73980,Amin Smart LED Zone,"Shop: 508-509, Level:4, Mascot Plaza, Uttara",8801908668577,,,,Self Delivery,,,0035 - Md.Rejaul Islam Sujon,,
Done,Sept24,24-Sep,Xiaomi TV A Pro 55 Inch,2,54590,109180,Amin Smart LED Zone,Uttara,8801908668577,,,,Self Delivery,,,0035 - Md.Rejaul Islam Sujon,,
Done,Sept24,24-Sep,Xiaomi Wireless Keyboard and Mouse Combo,1,2290,2290,Daraz,"Asfia Tower - 76, Road-11, Block-E,  Banani",8801847420050,daraz,daraz,daraz,Self Delivery,daraz,0,E-Com,,
Done,Sept24,24-Sep,Xiaomi Mijia Gel Ink Pen (10 Pcs),1,690,690,Daraz,"Asfia Tower - 76, Road-11, Block-E,  Banani",8801847420050,daraz,daraz,daraz,Self Delivery,daraz,0,E-Com,,
Done,Sept24,24-Sep,Xiaomi Rechargeable Mini Fan,1,2299,2299,Daraz,"Asfia Tower - 76, Road-11, Block-E,  Banani",8801847420050,daraz,daraz,daraz,Self Delivery,daraz,0,E-Com,,
Done,Sept24,24-Sep,Xiaomi TV A Pro 43 Inch,2,36990,73980,Smart home appliances ,"Alipur, sadar,Faridpur ",8801318300516,,,,Sundarban,,,0026 - Ohidul Islam,,
Done,Sept24,24-Sep,Xiaomi TV A Pro 55 Inch,1,54590,54590,Smart home appliances ,"Alipur, sadar,Faridpur ",8801318300516,Mokka electronics ,"Sadar,Gopalgonj ",8801916385902,Sundarban,,,0026 - Ohidul Islam,,
Done,Sept24,24-Sep,Xiaomi TV A Pro 43 Inch,2,36990,73980,Electronics Gallery ,"Altafunnesa more,Sherpur road,Sadar Bogura. ",8801715605378,,,,Sundarban,,,0019 - Hafizur Rahman,,
Done,Sept24,24-Sep,Xiaomi TV A Pro 55 Inch,1,54590,54590,Orient Electronics,"Dhanmondi 28, Sobhanbagh",8801672231185,,,,Self Pick,,,0033 - Imran Hossain - DHK,,
Done,Sept24,25-Sep,Xiaomi TV A Pro 43 Inch,1,36990,36990,Shohan Electronics ,Hard metal gallery Dakbangla Khulna ,8801726728024,Md. Younis ali.,"Mirpur-1, cooperative super market.  Universal electronics. ",01716-068992,No Preference,Cash On Delivery please ,00,0031 - Adnan Billah,,
Done,Sept24,25-Sep,Xiaomi TV A Pro 55 Inch,2,54590,109180,Aristo computer ,"Lavli tower, sadar,Kushtia ",8801711450101,,,,Sundarban,,,0026 - Ohidul Islam,,
Done,Sept24,25-Sep,Xiaomi TV A Pro 55 Inch,1,54590,54590,FM Electronics,"Rifle Club, Nandan Kanon, Chittagong.",8801824946334,Wahidul Islam,"3rd floor, 20, Lutfornessa Road, Priyanka City, Sector - 12, Uttara, Dhaka",01819292377,No Preference,,,0025 - Imran Hossain - CTG,,
Done,Sept24,25-Sep,Xiaomi TV A Pro 43 Inch,10,35590,355900,Chowdhury Electronics ,Alpona Plaza ,8801710549774,,,,Self Delivery,,,0033 - Imran Hossain - DHK,,
Done,Sept24,25-Sep,Xiaomi TV A Pro 55 Inch,5,52990,264950,Chowdhury Electronics ,Alpona Plaza ,8801710549774,,,,Self Delivery,,,0033 - Imran Hossain - DHK,,
Done,Sept24,25-Sep,Xiaomi TV A Pro 43 Inch,1,36990,36990,Khadiza Electronics ,"Vai vai super market,dhaka tangail highway road,Gorai,Mirzapur,Tangail",8801631917789,,,,Sundarban,"Plz proceed delivery Sundarban courier,Mention Delivery destination Mirzapur hub not Tangail",,0009 - Omar Faruque Khan,,
Done,Sept24,25-Sep,Xiaomi TV A Pro 43 Inch,5,36990,184950,Wholesale Electronic Narayanganj ,Old ABC school Uttor Chasara Narayanganj Dhaka,8801888018887,,,,No Preference,,,0023 - Abdur Rahman,,
Done,Sept24,25-Sep,Xiaomi TV A Pro 55 Inch,2,54590,109180,Wholesale Electronic Narayanganj ,Old Abc School Apurbo Tower Uttor Chasara Narayanganj ,8801888018887,,,,No Preference,,00,0023 - Abdur Rahman,,
Done,Sept24,25-Sep,Xiaomi TV A Pro 43 Inch,10,36000,360000,Silver Water Technologies Bangladesh Limited,"HOUSE- 26, ROAD-07, BLOCK- C, NIKETON, GULSHAN1, PS-GULSHAN, DHAKA	",8801708127036,,,,Self Delivery,,0,E-Com,,
Done,Sept24,25-Sep,Xiaomi Portable Electric Air Compressor 1S,1,3990,3990,Daraz,"Asfia tower - 76, Road-11, Block-E,  Banani ",8801847420050,,,,No Preference,,0,E-Com,,
Done,Sept24,26-Sep,A2 24K VIOMI AC Split (Non-Inverter) 2 Ton,10,57700,577000,New Social Multi Electronics ,Arsin Karimullah Bag Postagala Dhaka 1204,8801775255060,Akter Hossain ,"Gonga Nogor , Near Gazi Setu , Rupganj ",01935-324569,No Preference,,00,0023 - Abdur Rahman,,
Done,Sept24,26-Sep,Xiaomi Monitor A22i,20,7800,156000,PowerLine Computer ,"Central Plaza, GEC Moor, Chittagong ",8801819536363,,,,No Preference,Give Invoice.,00,0070 - Tamal Roy,,
Done,Sept24,26-Sep,Xiaomi TV A Pro 43 Inch,1,36990,36990,Dr. Halim, Bogura Sadar,8801711386274,,,,No Preference,,0,B2C,,
Done,Sept24,26-Sep,Xiaomi TV A Pro 43 Inch,10,36990,369900,Shamim Electronics ,"North Side of desco, Mirpur 10, Dhaka",8801999949933,,,,Self Delivery,,,0035 - Md.Rejaul Islam Sujon,,
Done,Sept24,26-Sep,Xiaomi TV A Pro 55 Inch,2,54590,109180,Shamim Electronics ,Mirpur ,8801999949933,,,,Self Delivery,,,0035 - Md.Rejaul Islam Sujon,,
Done,Sept24,26-Sep,Xiaomi Monitor A22i,1,9190,9190,Daraz,"Asfia tower - 76, Road-11, Block-E,  Banani ",8801847420050,daraz,daraz,daraz,Self Delivery,daraz,0,E-Com,,
Done,Sept24,26-Sep,Xiaomi Mijia Gel Ink Pen (10 Pcs),1,690,690,Daraz,"Asfia tower - 76, Road-11, Block-E,  Banani ",8801847420050,daraz,daraz,daraz,Self Delivery,daraz,0,E-Com,,
Done,Sept24,26-Sep,Xiaomi TV A Pro 43 Inch,10,36190,361900,Tech Land,"Multiplan, Level 13",8801647538526,,,,Self Delivery,,,0033 - Imran Hossain - DHK,,
Done,Sept24,26-Sep,Xiaomi TV A Pro 43 Inch,1,36990,36990,Device Metro,JFP,8801753317873,Sonam Rahman,Bashundhara R/A block c road 3 house 91,8801312258341,Self Delivery,Side delivery to Bashundhara R/A,,0035 - Md.Rejaul Islam Sujon,,
Done,Sept24,26-Sep,Xiaomi TV A Pro 43 Inch,2,36990,73980,Bj Electronics,Ctg,8801734640607,,,,No Preference,,,0025 - Imran Hossain - CTG,,
Done,Sept24,26-Sep,Xiaomi TV A Pro 55 Inch,2,54590,109180,Bj Electronics,Ctg,8801734640607,,,,Sundarban,,,0025 - Imran Hossain - CTG,,
Done,Sept24,26-Sep,Mi Smart Scale 2,1,2490,2490,OnnoRokom Web Services Ltd,"2/1/E, Eden Center, Arambag, Motijheel, Dhaka-1000",8801708166273,,,,No Preference,,0,E-Com,,
Done,Sept24,26-Sep,Mi 23.8'' Desktop Monitor 1C,1,10000,10000,Engr.Md Jamal,"House-01,Block-E,Road-06,Sec-2, Mirpur, Dhaka, Bangladesh, 1216",8801923133912,,,,No Preference,,0,B2C,,
Done,Sept24,26-Sep,Xiaomi Rechargeable Mini Fan,1,2500,2500,Pride Telecom ,"Anowar Plaza, Sitakunda, Chittagong",8801811629252,,,,Sundarban,,00,0070 - Tamal Roy,,
Done,Sept24,26-Sep,Xiaomi TV A Pro 43 Inch,5,36990,184950,Dazzle,"Finlay Square,Nasirabad,Ctg",8801830999969,,,,Sundarban,,,0025 - Imran Hossain - CTG,,
Done,Sept24,26-Sep,Xiaomi TV A Pro 43 Inch,1,35000,35000,Liton,Dhaka,8801313712384,,,,No Preference,,0,B2C,,
Done,Sept24,26-Sep,Xiaomi TV A Pro 43 Inch,1,36990,36990,MI Store Anonna Telecom ,Sadar Joypurhat ,8801719466689,,,,Sundarban,,,0019 - Hafizur Rahman,,
Done,Sept24,26-Sep,Xiaomi TV A Pro 55 Inch,1,54590,54590,Jitu,"Elephant road, Dhaka",8801723863710,,,,No Preference,,0,B2C,,
Done,Sept24,28-Sep,Xiaomi Wireless Keyboard and Mouse Combo,1,2290,2290,Daraz,"Asfia tower - 76, Road-11, Block-E,  Banani ",8801847420050,daraz,daraz,daraz,Self Delivery,daraz,0,E-Com,,
Done,Sept24,28-Sep,Xiaomi Mijia Gel Ink Pen (10 Pcs),2,690,1380,Daraz,"Asfia tower - 76, Road-11, Block-E,  Banani ",8801847420050,daraz,daraz,daraz,Self Delivery,daraz,0,E-Com,,
Done,Sept24,28-Sep,Xiaomi TV A Pro 32 Inch,4,20990,83960,RA Electronics,"Century Market (2nd Floor) Biswaroad, Baroiyarhat, Chittagong.",8801822224455,,,,Sundarban,,00,0070 - Tamal Roy,,
Done,Sept24,28-Sep,Xiaomi TV A Pro 43 Inch,2,36990,73980,RA Electronics,"Century Market (2nd Floor) Biswaroad, Baroiyarhat, Chittagong.",8801822224455,,,,Sundarban,,00,0070 - Tamal Roy,,
Done,Sept24,28-Sep,Xiaomi TV A Pro 55 Inch,1,54590,54590,RA Electronics,"Century Market (2nd Floor) Biswaroad, Baroiyarhat, Chittagong.",8801822224455,,,,Sundarban,,00,0070 - Tamal Roy,,
Done,Sept24,28-Sep,Mi Smart Air Fryer 3.5L,1,8490,8490,Silver Water Technologies Bangladesh Limited,"HOUSE- 26, ROAD-07, BLOCK- C, NIKETON, GULSHAN1, PS-GULSHAN, DHAKA	",8801715601888,,,,No Preference,,0,E-Com,,
Done,Sept24,28-Sep,Mi Smart Scale 2,2,2490,4980,Sumash Tech Ltd.,"L#5, Shop # 108-111, B.City, Dhaka",8801676163308,,,,No Preference,,0,B2B,,
Done,Sept24,28-Sep,Xiaomi Monitor A22i,5,8500,42500,Sumash Tech Ltd.,"L#5, Shop # 108-111, B.City, Dhaka",8801676163308,,,,No Preference,,0,B2B,,
Done,Sept24,28-Sep,Xiaomi TV A Pro 55 Inch,1,54000,54000,Dx Tel Ltd,"PC Garden, (5th Floor), Flat No-5/A, 20-21, Garden Road,Kawran Bazar Lane,; Tejgaon PS; Dhaka-1215; Bangladesh",8801708813798,,,,No Preference,,0,B2B,,
Done,Sept24,29-Sep,Xiaomi TV A Pro 55 Inch,1,54590,54590,N.B Electronics ,"Sholoshohor, Nasirabad, Chittagong ",8801720189210,,,,Sundarban,,00,0070 - Tamal Roy,,
Done,Sept24,29-Sep,Xiaomi TV A Pro 43 Inch,10,36990,369900,Tv Ghar ,Kadam tola Mor demra Dhaka ,8801911567808,,,,No Preference,,,0023 - Abdur Rahman,,
Done,Sept24,29-Sep,Xiaomi TV A Pro 43 Inch,1,36990,36990,Shohan Electronics ,Hard metal Gallery Dakbangla Khulna ,8801726728024,Mesbahul Haque ,Shimultola Savar . ,01742336043,Sundarban,,00,0031 - Adnan Billah,,
Done,Sept24,29-Sep,Xiaomi TV A Pro 43 Inch,2,36990,73980,Amin Smart LED Zone,"Shop: 408-409, Level: 4, Mascot Plaza, Uttara",8801842950030,,,,Self Delivery,,,0035 - Md.Rejaul Islam Sujon,,
Done,Sept24,29-Sep,Xiaomi TV A Pro 55 Inch,1,54590,54590,Sheba Electronics ,"Shop: 620, level: 5, RAJUK commercial market, Uttara",8801745308008,,,,Self Delivery,,,0035 - Md.Rejaul Islam Sujon,,
Done,Sept24,29-Sep,Mi 23.8'' Desktop Monitor 1C,1,11000,11000,Bismillah World Technologies (BWT),"Dhanmoni 1, Dhaka","01919679255, 01956666777",,,,No Preference,,0,B2B,,
Done,Sept24,30-Sep,Xiaomi TV A Pro 43 Inch,1,36990,36990,Mi Store (Mobile Bazar),"Shop:40, Level: 2, Shah Ali Plaza, Mirpur, Dhaka",8801788484830,,,,Self Delivery,,,0035 - Md.Rejaul Islam Sujon,,
Done,Sept24,30-Sep,Xiaomi Mijia Gel Ink Pen (10 Pcs),1,690,690,Daraz,"Asfia tower - 76, Road-11, Block-E,  Banani ",8801847420050,daraz,daraz,daraz,Self Delivery,daraz,0,E-Com,,
Done,Sept24,30-Sep,Xiaomi TV A Pro 55 Inch,6,54590,327540,Success Computer & Engeneering ,"Aloka nodi bangla,Mymensingh sadar,Mymensingh ",8801711682184,Mr Khalilyr Rahman,"Rawan bin Ramzan Granada Madrasah,Nayakandi,Manikgonj powrashova,Manikgonj",01946459359,Sundarban,Plz ensure side delivery in Manikgonj sudarban courier.,432720,0009 - Omar Faruque Khan,,
Done,Sept24,30-Sep,Xiaomi TV A Pro 55 Inch,2,54590,109180,Success Computer & Engeneering ,"Aloka nodi bangla,Mymensingh sadar,Mymensingh ",8801711682184,Mr kayum,"Alekharchor, bissho road,Cumilla",01739734085,Sundarban,Plz ensure side delivery in Sundarban courier.,432720,0009 - Omar Faruque Khan,,
Done,Sept24,30-Sep,Xiaomi TV A Pro 55 Inch,1,54590,54590,Mobile Hut,"Rahman Tower , lal Dighir purbopar Jessore . ",8801718182218,Nill,Nill,Nill,Sundarban,,00,0031 - Adnan Billah,,
Done,Sept24,30-Sep,Xiaomi TV A Pro 55 Inch,1,54590,54590,FM Electronics,"Rifle Club, Nandan Kanon, Chittagong.",8801824946334,,,,Sundarban,,,0025 - Imran Hossain - CTG,,
Done,Sept24,30-Sep,Xiaomi Pad 6 - 8/256GB,3,39090,117270,3i Logistics,"Plot 9Ka/Kha (5th Floor), Tejgaon I/A, Dhaka - 1215",8801713123984,,,,No Preference,,0,B2B,,
Done,Sept24,30-Sep,Xiaomi TV A Pro 43 Inch,1,36990,36990,Mr. Shahin,Sadar Naogaon ,8801916100756,,,,Sundarban,,,0019 - Hafizur Rahman,,
Cancelation,Sept24,30-Sep,Xiaomi TV A Pro 55 Inch,,,0,Electronics City ,"Multiplane, Level 3",8801786435142,,,,Self Delivery,,,0033 - Imran Hossain - DHK,,
Done,Sept24,30-Sep,Xiaomi TV A Pro 43 Inch,5,36990,184950,Mi smart home,Ssk road sador feni,8801711765235,,,,Sundarban,,,0107 - Tanjil Hossain,,
Done,Octo24,1-Oct,Mi 23.8'' Desktop Monitor 1C,1,12990,12990,Daraz,"Asfia tower - 76, Road-11, Block-E,  Banani ",8801847420050,daraz,daraz,daraz,Self Delivery,daraz,0,E-Com,,
Done,Octo24,1-Oct,Xiaomi TV A Pro 43 Inch,1,36990,36990,Ayat Electronics,Masjid Road Lal Mohon Bhola ,8801977008384,Nill,Nill,Nill,Sundarban,Only Shawdagor please ,00,0031 - Adnan Billah,,
Done,Octo24,2-Oct,A2 18K VIOMI AC Split (Non-Inverter) 1.5 Ton,1,45000,45000,Arif Mahmud ,"Br. Manager Kamrangir char Br, My address-House 07, Road 29/A, pallabi Dhaka 1216",8801322840307,,,,No Preference,,0,B2C,,
Done,Octo24,2-Oct,Mi 23.8'' Desktop Monitor 1C,1,12990,12990,Daraz,"Asfia tower - 76, Road-11, Block-E,  Banani ",8801847420050,daraz,daraz,daraz,Self Delivery,daraz,0,E-Com,,
Done,Octo24,2-Oct,Xiaomi TV A Pro 43 Inch,3,36990,110970,KS Electronics,"H 20, Gate 5, Baitul Mukarram ",8801842261648,,,,Self Delivery,Saiful Order,,0116 - Toukir Ahmed,,
Done,Octo24,2-Oct,Xiaomi TV A Pro 55 Inch,2,54590,109180,KS Electronics,"H 20,  Gate 5, Baitul Mukarram ",8801842261648,,,,Self Delivery,Saiful Order,,0116 - Toukir Ahmed,,
Done,Octo24,2-Oct,Xiaomi TV A Pro 43 Inch,10,36990,369900,BN Electronics ,"Shop no - E 11& 12, Gate No - 4, Baitul Mukarram ",8801932743355,,,,Self Delivery,Saiful Order,,0116 - Toukir Ahmed,,
Done,Octo24,2-Oct,Xiaomi TV A Pro 55 Inch,10,54590,545900,BN Electronics ,"Shop No - E 11 & 12, Gate No - 4, Baitul Mukarram ",8801932743355,,,,Self Delivery,Saiful Order,,0116 - Toukir Ahmed,,
Done,Octo24,2-Oct,Xiaomi TV A Pro 55 Inch,1,54590,54590,Crockeries Park,"Shop No 44, 2nd Floor, 104 Green Road,  Farmgate",8801711414151,,,,Self Delivery,,,0033 - Imran Hossain - DHK,,
Done,Octo24,2-Oct,Xiaomi TV EA75 (Chinese),1,99990,99990,Euro Vigil (Pvt.) Ltd.,"House 4, Road 2, Block J, Baridhara Dhaka, Dhaka, 1212 Bangladesh.
",8801978622415,,,,Self Delivery,"Corporate Order, will give cheque while delivered. ",99990,B2B,,
Done,Octo24,2-Oct,Xiaomi Wireless Keyboard and Mouse Combo,1,2490,2490,SWAP,"36, Delta Dahlia Tower (Level 06), Kemal Ataturk Avenue, Banani, Dhaka, PO: 1213",8801700705455,,,,No Preference,,0,E-Com,,
Done,Octo24,2-Oct,Xiaomi TV A Pro 43 Inch,1,36990,36990,Crockeries Park,"Shop no - 44, 2nd Floor, 104 green road, Farmgate 
",8801601986688,,,,Self Delivery,,,0033 - Imran Hossain - DHK,,
Done,Octo24,3-Oct,Xiaomi TV A Pro 55 Inch,1,54590,54590,Chanchal / Raju,"Proticchobi Digital, Char Tola Mor, Opossite of Press Club, Shetabganj, Dinajpur",8801792840677,,,,Self Delivery,,0,B2C,,
Done,Octo24,3-Oct,Xiaomi TV A Pro 43 Inch,1,36990,36990,Anamika electronics ,"24/12 A,khiljee road(ground floor),shyamoly(west side of shyamoli cinema hall)dhaka",8801972263068,,,,Self Pick,Plz roceed delivery self in today,,NEW PEOPLE MYM,,
Done,Octo24,3-Oct,Xiaomi TV A Pro 55 Inch,1,54590,54590,Md.Shahnaous Hossain,"Barura Foundation, House-18,Road-2,Uttar Badda Tetul tola, Near Badda Bidyaniketon school",8801799985368,,,,Self Delivery,,0,B2C,,
Done,Octo24,3-Oct,Xiaomi TV A Pro 55 Inch,1,54590,54590,Anamika electronics ,"24/12A,khiljee road(ground floor),Shyamoly(west side of shyamoly cinema hall),dhaka",8801972263068,,,,Self Delivery,Plz proceed delivery self in taday.,,NEW PEOPLE MYM,,
Done,Octo24,3-Oct,Xiaomi TV A Pro 43 Inch,2,36990,73980,Brothers Electronics,"Shop: 11, Kaptan Bazar Complex, Building 2, Nobabpur Road, Dhaka",8801924537055,,,,No Preference,Saiful Order,0,0116 - Toukir Ahmed,,
Done,Octo24,3-Oct,Xiaomi TV A Pro 55 Inch,5,54590,272950,Brand Bazaar ,"House # 3, Road # 3, Mirpur Road, Dhanmondi, (Beside City College), Dhaka, Bangladesh, 1205",8801711903044,,,,Self Delivery,,,0033 - Imran Hossain - DHK,,
Done,Octo24,5-Oct,Xiaomi Mijia Gel Ink Pen (10 Pcs),1,690,690,Daraz,"Asfia tower - 76, Road-11, Block-E,  Banani ",8801847420050,daraz,daraz,daraz,Self Delivery,daraz,0,E-Com,,
Done,Octo24,5-Oct,Mi Dual Mode Wireless Mouse Silent Edition,2,990,1980,Daraz,"Asfia tower - 76, Road-11, Block-E,  Banani ",8801847420050,daraz,daraz,daraz,Self Delivery,daraz,0,E-Com,,
Done,Octo24,5-Oct,Mi 23.8'' Desktop Monitor 1C,1,12274,12274,Daraz,"Asfia tower - 76, Road-11, Block-E,  Banani ",8801847420050,daraz,daraz,daraz,Self Delivery,daraz,0,E-Com,,
Done,Octo24,5-Oct,Mi Smart Air Fryer 3.5L,1,9690,9690,Daraz,"Asfia tower - 76, Road-11, Block-E,  Banani ",8801847420050,daraz,daraz,daraz,Self Delivery,daraz,0,E-Com,,
Done,Octo24,5-Oct,Xiaomi TV A Pro 55 Inch,1,51860,51860,Omar Faruque Khan,Dhaka,8801896039726,A F M Sadar Uddin khan,"Bankers Villa,Nuria R/A,Academy road feni",01817118281,Sundarban,Plz ensure home delivery before QC.,,NEW PEOPLE MYM,,
Done,Octo24,5-Oct,Xiaomi TV A Pro 43 Inch,1,35140,35140,Omar Faruque Khan,Dhaka,8801896039726,Md. Jahidul Amin,"Karim  mansion (2nd floor),Salah Uddin mor,feni",01840834899,Sundarban,Plz ensure home delivery before QC,,NEW PEOPLE MYM,,
Done,Octo24,5-Oct,Xiaomi TV A Pro 43 Inch,5,36990,184950,Sony Bravia Electronics,"70/A, Bangabandhu National Stadium, Dhaka",8801810040859,,,,No Preference,Saiful Order,0,0116 - Toukir Ahmed,,
Done,Octo24,5-Oct,Xiaomi TV A Pro 55 Inch,5,54590,272950,Sony Bravia Electronics,"70/A, Bangabandhu National Stadium, Dhaka",8801810040859,,,,No Preference,Saiful Order,0,0116 - Toukir Ahmed,,
Done,Octo24,5-Oct,Xiaomi TV A Pro 55 Inch,1,54590,54590,Sheba Electronics ,"Shop: 620, Level: 5, Rajuk commercial market, Uttara",8801745308008,,,,Self Delivery,,,0035 - Md.Rejaul Islam Sujon,,
Done,Octo24,5-Oct,Xiaomi TV A Pro 55 Inch,2,54590,109180,Amin Smart LED Zone,"Shop: 508-509, Level: 4, Mascot Plaza, Uttara",8801908668577,,,,Self Delivery,,,0035 - Md.Rejaul Islam Sujon,,
Done,Octo24,5-Oct,Xiaomi TV A Pro 43 Inch,10,36000,360000,Star Tech & Engineering Limited,"6th floor, 28 Kazi Nazrul Islam Ave,Navana Zohura Square, Dhaka 1000.",8801709995415,Star tech & engineering Ltd Central warehouse ,"127 Hazaribagh Road, Dhaka 1209 (Near tannery More Jame Mosjid) Former Apex Tannery",0 1713-651665,Self Delivery,,0,B2B,,
Done,Octo24,5-Oct,Xiaomi TV A Pro 55 Inch,5,54000,270000,Star Tech & Engineering Limited,"6th floor, 28 Kazi Nazrul Islam Ave,Navana Zohura Square, Dhaka 1000.",8801709995415,Star tech & engineering Ltd Central warehouse ,"127 Hazaribagh Road, Dhaka 1209 (Near tannery More Jame Mosjid) Former Apex Tannery",0 1713-651665,Self Delivery,,0,B2B,,
Done,Octo24,5-Oct,Mi Dual Mode Wireless Mouse Silent Edition,1,1140,1140,Gadget & Gear (E-Com),"Police Plaza Concord (Tower 2), Gulshan 1, Dhaka 1212.",8801318236986,,,,No Preference,,0,E-Com,,
Done,Octo24,5-Oct,Xiaomi TV A Pro 43 Inch,5,36990,184950,Brand Bazaar ,Happy Arcade Shopping mall,8801711903044,,,,Self Delivery,,,0033 - Imran Hossain - DHK,,
Done,Octo24,5-Oct,Xiaomi TV A Pro 55 Inch,2,54590,109180,Brand Bazaar ,Happy Arcade Shopping Mall,8801711903044,,,,Self Delivery,,,0033 - Imran Hossain - DHK,,
Done,Octo24,6-Oct,Xiaomi TV A Pro 43 Inch,1,36990,36990,Aristo computer ,"Sadar,kushtia",8801711450101,SR electronics ,"Sadar,Faridpur ",8801312804493,Sundarban,,,0026 - Ohidul Islam,,
Done,Octo24,6-Oct,Mi Smart Scale 2,1,2490,2490,OnnoRokom Web Services Ltd,"2/1/E, Eden Center, Arambag, Motijheel, Dhaka-1000",8801708166273,,,,No Preference,,0,E-Com,,
Cancelation,Octo24,6-Oct,Xiaomi TV A Pro 55 Inch,,,0,FM Electronics,"Rifle Club, Nandan Kanon, Chittagong.",01824946334,,,,No Preference,,,0025 - Imran Hossain - CTG,,
Done,Octo24,6-Oct,Xiaomi TV A Pro 43 Inch,10,36990,369900,FM Electronics,"Rifle Club, Nandan Kanon, Chittagong.",8801824946334,,,,No Preference,,,0025 - Imran Hossain - CTG,,
Done,Octo24,6-Oct,Xiaomi TV A Pro 43 Inch,10,36990,369900,New Friends Electronics,"Stadium 1 no gate, shop no 29",8801817097172,,,,Self Delivery,,,0033 - Imran Hossain - DHK,,
Done,Octo24,7-Oct,Mi Dual Mode Wireless Mouse Silent Edition,2,990,1980,Daraz,"Asfia tower - 76, Road-11, Block-E,  Banani ",8801847420050,daraz,daraz,daraz,Self Delivery,daraz,0,E-Com,,
Done,Octo24,7-Oct,Xiaomi TV A Pro 43 Inch,3,36990,110970,SS Electronics ,"2nd Floor, Baly Complex,  Uttara, Dhaka",8801712485002,,,,Self Delivery,Saiful Order,0,0035 - Md.Rejaul Islam Sujon,,
Done,Octo24,7-Oct,Xiaomi TV A Pro 55 Inch,2,54590,109180,SS Electronics ,"2nd Floor, Baly Complex,  Uttara, Dhaka",8801712485002,,,,Self Delivery,Saiful Order,0,0035 - Md.Rejaul Islam Sujon,,
Done,Octo24,7-Oct,Mi 23.8'' Desktop Monitor 1C,2,11000,22000,Chowdhury Electronics ,Alpona Plaza ,8801710549774,,,,Self Delivery,,,0033 - Imran Hossain - DHK,,
Done,Octo24,7-Oct,Xiaomi Monitor A22i,1,8500,8500,Chowdhury Electronics ,Alpona Plaza ,8801710549774,,,,Self Delivery,,,0033 - Imran Hossain - DHK,,
Done,Octo24,7-Oct,Xiaomi TV A Pro 43 Inch,1,36990,36990,Ayat Electronics,Masjid Road Lal Mohon Bhola ,8801977008384,Nill,Nill,Nill,No Preference,Only shawdagor. Please ar kono courier nai ekhane ,00,0031 - Adnan Billah,,
Done,Octo24,8-Oct,Xiaomi TV A Pro 43 Inch,10,36990,369900,RM Electronics ,"P94, Bus Stand Road, Gulzarbag, Zinzira, Keraniganj, Dhaka.",8801981520257,,,,No Preference,Saiful Order,0,0116 - Toukir Ahmed,,
Done,Octo24,8-Oct,Mi Smart Scale 2,1,2490,2490,Sheba Electronics ,"Shop: 620, Level: 5, Rajuk Commercial Market, Ajompur, Uttara",8801745308008,,,,Sundarban,Adjust from ledger ,,0035 - Md.Rejaul Islam Sujon,,
Done,Octo24,9-Oct,Xiaomi TV A Pro 43 Inch,3,36990,110970,Shohan Electronics ,Hard metal Gallery Dakbangla Khulna ,8801726728024,Nill,Nill,Nill,AJR,,00,0031 - Adnan Billah,,
Done,Octo24,9-Oct,Xiaomi TV A Pro 43 Inch,1,36990,36990,Shohan Electronics ,Hard metal gallery Dakbangla Khulna ,8801726728024,Sohel Rana ,Dakbangla Khulna ,+880 17 1457 1546,Sundarban,,00,0031 - Adnan Billah,,
Done,Octo24,9-Oct,Xiaomi TV A Pro 43 Inch,1,36990,36990,Shohan Electronics ,Hard metal Gallery Dakbangla Khulna ,8801726728024,Nill,Nill,Nill,AJR,,00,0031 - Adnan Billah,,
Done,Octo24,9-Oct,Mi 23.8'' Desktop Monitor 1C,1,11000,11000,Chowdhury Electronics ,Alpona Plaza ,8801710549774,,,,Self Delivery,,,0033 - Imran Hossain - DHK,,
Done,Octo24,9-Oct,Xiaomi TV A Pro 43 Inch,2,36990,73980,Wholesale Electronic Narayanganj ,Uttor Chasara Narayanganj ,8801888018887,,,,No Preference,,,0023 - Abdur Rahman,,
Done,Octo24,9-Oct,Xiaomi TV A Pro 43 Inch,2,36990,73980,Kelven Electronics,"100/104, Hard Metal Gallery (1st Floor), Jashore Road, Khulna, Bangladesh",8801711443368,,,,Sundarban,,0,B2B,,
Done,Octo24,9-Oct,Xiaomi TV A Pro 55 Inch,1,55000,55000,Ponkoj Ghosh,"Maloncho 2, Eskaton Garden Officers Quarter (Front of Navy Quarter), Ramna, Dhaka",8801718330232,,,,No Preference,,0,B2C,,
Done,Octo24,9-Oct,Xiaomi Monitor A22i,2,8000,16000,Tech Pro International,"Khulna: 76/1 (Old-9), Khanjahan Ali Road, Tootpara, Khulna-9100.",8801717934178,Nill,Nill,Nill,Sundarban,,00,0031 - Adnan Billah,,
Done,Octo24,14-Oct,Mi Dual Mode Wireless Mouse Silent Edition,3,990,2970,Daraz,"Asfia tower - 76, Road-11, Block-E,  Banani ",8801847420050,daraz,daraz,daraz,Self Delivery,daraz,0,E-Com,,
Done,Octo24,14-Oct,Xiaomi Monitor A22i,2,8914,17828,Daraz,"Asfia tower - 76, Road-11, Block-E,  Banani ",8801847420050,daraz,daraz,daraz,Self Delivery,daraz,0,E-Com,,
Done,Octo24,14-Oct,Xiaomi Wireless Keyboard and Mouse Combo,1,2250,2250,Daraz,"Asfia tower - 76, Road-11, Block-E,  Banani ",8801847420050,daraz,daraz,daraz,Self Delivery,daraz,0,E-Com,,
Done,Octo24,14-Oct,Mi Smart Scale 2,4,2594,10376,Daraz,"Asfia tower - 76, Road-11, Block-E,  Banani ",8801847420050,daraz,daraz,daraz,Self Delivery,daraz,0,E-Com,,
Done,Octo24,14-Oct,Xiaomi TV A Pro 32 Inch,4,20990,83960,Sheba Electronics ,"Shop: 620, Level: 5, Rajuk Commercial, Uttara ",8801745308008,,,,Self Delivery,,,0035 - Md.Rejaul Islam Sujon,,
Done,Octo24,14-Oct,Redmi Buds 3 Pro,1,3490,3490,Daraz,"Asfia tower - 76, Road-11, Block-E,  Banani ",8801847420050,daraz,daraz,daraz,Self Delivery,daraz,0,E-Com,,
Done,Octo24,14-Oct,Xiaomi TV A Pro 43 Inch,4,36990,147960,Sheba Electronics ,Uttara,8801745308008,,,,Self Delivery,,,0035 - Md.Rejaul Islam Sujon,,
Done,Octo24,14-Oct,Redmi Buds 3 Pro,1,3490,3490,Daraz,"Asfia tower - 76, Road-11, Block-E,  Banani ",8801847420050,daraz,daraz,daraz,Self Delivery,daraz,0,E-Com,,
Done,Octo24,14-Oct,Mi 23.8'' Desktop Monitor 1C,1,11000,11000,Chowdhury Electronics ,Alpona Plaza ,8801710549774,,,,Self Delivery,,,0033 - Imran Hossain - DHK,,
Done,Octo24,14-Oct,Xiaomi TV A Pro 32 Inch,1,20990,20990,Mi Store MM Brand Shop,Alokar more.Bualia Rajshahi ,8801319186502,Mehedi ,"Boealia para  Holding no 264,Bord Chairmen Bari Rajshahi. ",+880 1319-186502,Sundarban,,,0019 - Hafizur Rahman,,
Done,Octo24,14-Oct,Xiaomi TV A Pro 32 Inch,10,20790,207900,New Friends Electronics,"Stadium gate no 1, Shop no - 29",8801817097172,,,,Self Delivery,Saiful Order,,0116 - Toukir Ahmed,,
Done,Octo24,14-Oct,Xiaomi TV A Pro 32 Inch,1,20990,20990,Munna electronics ,Islamia super market  Puranthana  Kishorganj,8801679161615,,,,Sundarban,,,0094 - Shaharia Khan,,
Done,Octo24,14-Oct,Xiaomi TV A Pro 32 Inch,2,20990,41980,Brothers Electronics,"Shop: 11, Kaptan Bazar Complex, Building 2, Nobabpur Road, Dhaka",8801924537055,,,,No Preference,Saiful Order,0,0116 - Toukir Ahmed,,
Done,Octo24,14-Oct,Xiaomi TV A Pro 32 Inch,10,20990,209900,BN Electronics ,"Shop: E 11&12, Gate 4, Baitul Mukarram Super Market, Dhaka",8801932743355,,,,Self Delivery,Saiful Order,0,0116 - Toukir Ahmed,,
Done,Octo24,14-Oct,Xiaomi TV A Pro 32 Inch,12,20990,251880,FM Electronics,"Rifle Club, Nandan Kanon, Chittagong.",8801824946334,,,,Sundarban,,,0025 - Imran Hossain - CTG,,
Done,Octo24,14-Oct,Xiaomi TV A Pro 32 Inch,3,20990,62970,Bj Electronics,Ctg,8801734640607,,,,Sundarban,,,0025 - Imran Hossain - CTG,,
Done,Octo24,14-Oct,Xiaomi TV A Pro 55 Inch,1,54590,54590,Aristo computer ,"Lavli tower, sadar,Kushtia ",8801711450101,"Mr,Rasal","Sadar,Madaripur ",8801912884493,Sundarban,,,0026 - Ohidul Islam,,
Done,Octo24,14-Oct,Xiaomi TV A Pro 32 Inch,1,20990,20990,Cell Computer ,"Greater road,Kadirganj, Bualia, Rajshahi ",8801714081082,,,,Sundarban,,,0019 - Hafizur Rahman,,
Done,Octo24,14-Oct,Xiaomi TV A Pro 55 Inch,1,54590,54590,Cell Computer ,"Greater road,Kadirganj, Bualia, Rajshahi. ",8801714081082,,,,Sundarban,,,0019 - Hafizur Rahman,,
Done,Octo24,14-Oct,Xiaomi TV A Pro 32 Inch,3,20990,62970,Aristo computer ,"Lavli tower, sadar,Kushtia ",8801711450101,,,,Sundarban,,,0026 - Ohidul Islam,,
Done,Octo24,14-Oct,Xiaomi TV A Pro 55 Inch,2,54590,109180,Aristo computer ,"Lavli tower, sadar,Kushtia ",8801711450101,,,,Sundarban,,,0026 - Ohidul Islam,,
Done,Octo24,14-Oct,Xiaomi TV A Pro 55 Inch,1,54590,54590,Cell Computer ,"Greater road,Kadirganj, Bualia, Rajshahi. ",8801714081082,,,,Sundarban,,,0019 - Hafizur Rahman,,
Done,Octo24,14-Oct,Xiaomi TV A Pro 32 Inch,5,20990,104950,Shohan Electronics ,Hard metal Gallery Dakbangla Khulna,8801726728024,,,,No Preference,,0,0031 - Adnan Billah,,
Done,Octo24,14-Oct,Xiaomi TV A Pro 32 Inch,5,19990,99950,Chowdhury Electronics ,Alpona Plaza,8801710549774,,,,Self Delivery,,,0033 - Imran Hossain - DHK,,
Done,Octo24,14-Oct,Xiaomi TV A Pro 55 Inch,10,52990,529900,Chowdhury Electronics ,Alpona Plaza ,8801710549774,,,,Self Delivery,,,0033 - Imran Hossain - DHK,,
Done,Octo24,14-Oct,Xiaomi TV A Pro 32 Inch,3,20990,62970,Brand Bazaar ,Happy Arcedia Shopping Mall,8801711903044,,,,Self Delivery,,,0033 - Imran Hossain - DHK,,
Done,Octo24,14-Oct,Xiaomi TV A Pro 55 Inch,5,54590,272950,Brand Bazaar ,Happy Arcedia Shopping Mall ,8801711903044,,,,Self Delivery,,,0033 - Imran Hossain - DHK,,
Done,Octo24,14-Oct,Xiaomi TV A Pro 32 Inch,3,20990,62970,Long Tech ,"Y-7, Noorjahan road, Mohammadpur",8801919234023,,,,Self Delivery,,,0033 - Imran Hossain - DHK,,
Done,Octo24,14-Oct,Xiaomi TV A Pro 55 Inch,3,54590,163770,Long Tech ,"Y-7, Noorjahan Road, Mohammadpur ",8801919234023,,,,Self Delivery,,,0033 - Imran Hossain - DHK,,
Done,Octo24,14-Oct,Xiaomi TV A Pro 32 Inch,2,20990,41980,Biva AC Bazar,"Shat Rastar Moor , Gorib Newajet Pashe pubali bank er niche, Khulna",8801716446909,,,,No Preference,,0,0031 - Adnan Billah,,
Done,Octo24,14-Oct,Xiaomi TV A Pro 32 Inch,1,20990,20990,Biva AC Bazar,"Shat Rastar Moor , Gorib Newajet Pashe pubali bank er niche, Khulna",8801716446909,Mrinmoy Chakraborty tanu,Village: Chardakatia Post: Taker Bazar Thana: Chitalmari Zila: Bagerhat. ,8801738411461,Sundarban,,0,0031 - Adnan Billah,,
Done,Octo24,14-Oct,Xiaomi TV A Pro 32 Inch,5,20790,103950,Jitu,"Elephant road, Dhaka",8801723863710,,,,Self Delivery,,0,B2B,,
Done,Octo24,14-Oct,Xiaomi TV A Pro 43 Inch,5,36190,180950,Jitu,"Elephant road, Dhaka",8801723863710,,,,No Preference,,0,B2B,,
Done,Octo24,14-Oct,Xiaomi TV A Pro 55 Inch,5,53590,267950,Jitu,"Elephant road, Dhaka",8801723863710,,,,Self Delivery,,0,B2B,,
Done,Octo24,14-Oct,Xiaomi TV A Pro 32 Inch,2,20990,41980,Mobile Hut - Jessore,"Rahman Tower , lal Dighir purbopar Jessore .",8801718182218,,,,Self Delivery,,0,0031 - Adnan Billah,,
Done,Octo24,14-Oct,Xiaomi TV A Pro 43 Inch,2,36990,73980,Mobile Hut - Jessore,"Rahman Tower , lal Dighir purbopar Jessore . ",8801718182218,,,,Self Delivery,,0,0031 - Adnan Billah,,
Done,Octo24,14-Oct,Xiaomi TV A Pro 32 Inch,2,20990,41980,Electro Mind,"Sadar,Meherpur ",8801714948828,,,,Sundarban,,,0026 - Ohidul Islam,,
Done,Octo24,14-Oct,Xiaomi TV A Pro 55 Inch,1,54590,54590,Mobile Hut - Jessore,"Rahman Tower , lal Dighir purbopar Jessore .",8801718182218,,,,Self Delivery,,0,0031 - Adnan Billah,,
Done,Octo24,14-Oct,Xiaomi TV A Pro 55 Inch,1,54590,54590,Orient Electronics,Dhanmondi 28,8801672231185,,,,Self Pick,,,0033 - Imran Hossain - DHK,,
Done,Octo24,14-Oct,Xiaomi TV A Pro 32 Inch,2,20990,41980,Mi Store (Hello Tel),"Shop: 020B2, Block: C, Level:4, Jamuna Future Park, Dhaka",8801631741239,,,,Self Delivery,,,0035 - Md.Rejaul Islam Sujon,,
Done,Octo24,14-Oct,Xiaomi TV A Pro 32 Inch,6,20990,125940,Bismillah Electronics ,"Anwara,Ctg",8801818671181,,,,No Preference,,,0025 - Imran Hossain - CTG,,
Done,Octo24,14-Oct,Xiaomi TV A Pro 55 Inch,2,54590,109180,Janapriyo Electronics ,14 Bazir mor Narshindi sadar ,8801715939459,,,,No Preference,,273140,0023 - Abdur Rahman,,
Done,Octo24,14-Oct,Xiaomi TV A Pro 32 Inch,15,20990,314850,Mi smart home,"Ssk road, sador,Feni",8801711765235,,,,Sundarban,,,0107 - Tanjil Hossain,,
Done,Octo24,15-Oct,Mi Dual Mode Wireless Mouse Silent Edition,1,905,905,Daraz,"Asfia tower - 76, Road-11, Block-E,  Banani ",8801847420050,daraz,daraz,daraz,Self Delivery,daraz,0,E-Com,,
Done,Octo24,15-Oct,Xiaomi Wireless Keyboard and Mouse Combo,1,2250,2250,Daraz,"Asfia tower - 76, Road-11, Block-E,  Banani ",8801847420050,daraz,daraz,daraz,Self Delivery,daraz,0,E-Com,,
Done,Octo24,15-Oct,Xiaomi Monitor A22i,1,8914,8914,Daraz,"Asfia tower - 76, Road-11, Block-E,  Banani ",8801847420050,daraz,daraz,daraz,Self Delivery,daraz,0,E-Com,,
Done,Octo24,15-Oct,Mi 23.8'' Desktop Monitor 1C,3,12596,37788,Daraz,"Asfia tower - 76, Road-11, Block-E,  Banani ",8801847420050,daraz,daraz,daraz,Self Delivery,daraz,0,E-Com,,
Done,Octo24,15-Oct,"Xiaomi TV A 43"" FHD 2025",3,29990,89970,Janapriyo Electronics ,14 Bazir mor Narshindi sadar ,8801715939459,,,,No Preference,,273140,0023 - Abdur Rahman,,
Done,Octo24,15-Oct,"Xiaomi TV A 43"" FHD 2025",5,29990,149950,KS Electronics,"Shop: H 20, Gate 5, Baitul Mukarram Super Market, Dhaka",8801842261648,,,,Self Delivery,Saiful Order,0,0116 - Toukir Ahmed,,
Done,Octo24,15-Oct,Xiaomi TV A Pro 32 Inch,5,20990,104950,KS Electronics,"Shop: H 20, Gate 5, Baitul Mukarram Super Market, Dhaka",8801842261648,,,,Self Delivery,Saiful Order,0,0116 - Toukir Ahmed,,
Done,Octo24,15-Oct,Xiaomi TV A Pro 32 Inch,3,20990,62970,Sony Bravia Electronics,"70/A, Bangabandhu National Stadium, Dhaka",8801810040859,,,,Self Delivery,Saiful Order,0,0116 - Toukir Ahmed,,
Done,Octo24,15-Oct,"Xiaomi TV A 43"" FHD 2025",4,29990,119960,Sheba Electronics ,"Shop: 620, Level: 5, Rajuk commercial market, Uttara",8801309312131,,,,Self Delivery,,,0035 - Md.Rejaul Islam Sujon,,
Done,Octo24,15-Oct,"Xiaomi TV A 43"" FHD 2025",1,29990,29990,Sumon,"Aftab plaza sodor hospital more, Dinajpur",8801864799767,,,,No Preference,,0,B2C,,
Done,Octo24,15-Oct,"Xiaomi TV A 43"" FHD 2025",5,29990,149950,Shohan Electronics ,Hard metal Gallery Dakbangla Khulna,8801726728024,,,,Self Delivery,,0,0031 - Adnan Billah,,
Done,Octo24,15-Oct,Xiaomi TV A Pro 55 Inch,1,56990,56990,Earth Telecommunication Pvt Ltd,"Impetus Center, Level - 7, 242/B, Bir Uttam Mir Shawkat Sarak, Dhaka - 1208",8801844543162,,,,Self Delivery,,,0033 - Imran Hossain - DHK,,
Done,Octo24,15-Oct,Xiaomi TV A Pro 43 Inch,3,36990,110970,Bj Electronics,Ctg,8801734640607,,,,No Preference,,,0025 - Imran Hossain - CTG,,
Done,Octo24,15-Oct,"Xiaomi TV A 43"" FHD 2025",12,29990,359880,Bj Electronics,Ctg,8801734640607,,,,No Preference,,,0025 - Imran Hossain - CTG,,
Done,Octo24,15-Oct,"Xiaomi TV A 43"" FHD 2025",25,29990,749750,FM Electronics,"Rifle Club, Nandan Kanon, Chittagong.",8801824946334,,,,No Preference,,,0025 - Imran Hossain - CTG,,
Done,Octo24,15-Oct,"Xiaomi TV A 43"" FHD 2025",8,29990,239920,Bismillah Electronics ,"Anwara,Ctg",8801818671181,,,,No Preference,,,0025 - Imran Hossain - CTG,,
Done,Octo24,15-Oct,Xiaomi TV A Pro 43 Inch,1,36990,36990,Electro Mind,"Sadar,Meherpur ",8801714948828,,,,Sundarban,,,0026 - Ohidul Islam,,
Done,Octo24,15-Oct,"Xiaomi TV A 43"" FHD 2025",1,29990,29990,Electro Mind,"Sadar,Meherpur ",8801714948828,,,,Sundarban,,,0026 - Ohidul Islam,,
Done,Octo24,15-Oct,Xiaomi TV A Pro 43 Inch,2,36990,73980,Ether electronics ,"B,baria sadar,Moula Baban TA road ",8801778505050,,,,Sundarban,,,0094 - Shaharia Khan,,
Done,Octo24,15-Oct,Xiaomi TV A Pro 32 Inch,7,20990,146930,Moon Electronics,"Arambaria, Ishwardi, Pabna.",8801614394909,,,,Sundarban,,,0019 - Hafizur Rahman,,
Done,Octo24,15-Oct,"Xiaomi TV A 43"" FHD 2025",3,29990,89970,Moon Electronics,"Arambaria, Ishwardi, Pabna.",8801614394909,,,,Sundarban,"92,960 dues will be paid by 10th of next month.",,0019 - Hafizur Rahman,,
Done,Octo24,15-Oct,Xiaomi TV A Pro 32 Inch,1,20990,20990,Shohan Electronics ,Hard metal gallery Dakbangla Khulna ,8801726728024,Rifat Mahmud ,কলেজ রোড  কলেজ পাড়া  চুয়াডাঙ্গা,01918943730,Sundarban,,00,0031 - Adnan Billah,,
Done,Octo24,15-Oct,A2 18K VIOMI AC Split (Non-Inverter) 1.5 Ton,1,45000,45000,SS Traders ,"Padma Abasik-3,Vodra Rajshahi.",8801711397879,,,,No Preference,,0,B2B,,
Done,Octo24,15-Oct,Xiaomi TV A Pro 32 Inch,1,20500,20500,MD Shofiqul Islam,"Wabda Road, Rampura, Dhaka",8801911989875,,,,Self Delivery,,0,B2C,,
Done,Octo24,16-Oct,Mi Dual Mode Wireless Mouse Silent Edition,2,905,1810,Daraz,"Asfia tower - 76, Road-11, Block-E,  Banani ",8801847420050,daraz,daraz,daraz,Self Delivery,daraz,0,E-Com,,
Done,Octo24,16-Oct,Mi 23.8'' Desktop Monitor 1C,1,12596,12596,Daraz,"Asfia tower - 76, Road-11, Block-E,  Banani ",8801847420050,daraz,daraz,daraz,Self Delivery,daraz,0,E-Com,,
Done,Octo24,16-Oct,Xiaomi TV A Pro 32 Inch,4,20990,83960,Amin Smart LED Zone,"Level: 2, Omar Tower, Ajompur Railgate, Uttara",8801908668577,,,,Self Delivery,,,0035 - Md.Rejaul Islam Sujon,,
Done,Octo24,16-Oct,Xiaomi TV A Pro 43 Inch,2,36990,73980,Amin Smart LED Zone,"Ajompur, Uttara",8801908668577,,,,Self Delivery,,,0035 - Md.Rejaul Islam Sujon,,
Done,Octo24,16-Oct,"Xiaomi TV A 43"" FHD 2025",5,29990,149950,Amin Smart LED Zone,Ajompur Uttara,8801908668577,,,,Self Delivery,,,0035 - Md.Rejaul Islam Sujon,,
Done,Octo24,16-Oct,Xiaomi TV A Pro 32 Inch,5,20990,104950,Shamim Electronics ,"North side of desco, Jolladkhana, Mirpur 10",8801999949933,,,,Self Delivery,,,0035 - Md.Rejaul Islam Sujon,,
Done,Octo24,16-Oct,"Xiaomi TV A 43"" FHD 2025",10,29990,299900,Shamim Electronics ,Mirpur 10,8801999949933,,,,Self Delivery,,,0035 - Md.Rejaul Islam Sujon,,
Done,Octo24,16-Oct,"Xiaomi TV A 43"" FHD 2025",6,29990,179940,Jahidul Electronics ,Kanchon Bazar Rupganj Narayanganj ,8801866670047,,,,No Preference,"Date- 16-10-25

Order from -  Jahidul Electronics 
Address - kanchon Bazar Rupganj Narayanganj 
Call- 01866-670047

Order - 

43""FHD- 6pcs 
32"" -4pcs


Total Quantity -10pcs 

Amount= 263900
Previous advance -104790
Now due- 159110",00,0023 - Abdur Rahman,,
Done,Octo24,16-Oct,Xiaomi TV A Pro 32 Inch,4,20990,83960,Jahidul Electronics ,Kanchon Bazar Rupganj ,8801866670047,,,,No Preference,"Date- 15-10-25

Order from -  Jahidul Electronics 
Address - kanchon Bazar Rupganj Narayanganj 
Call- 01866-670047

Order - 

43""FHD- 6pcs 
32"" -4pcs


Total Quantity -10pcs 

Amount= 263900
Previous advance -104790
Now due- 159110",00,0023 - Abdur Rahman,,
Done,Octo24,16-Oct,Xiaomi TV A Pro 43 Inch,1,36990,36990,Mi Store (Rafsan Telecom),"Shop: 24, Level: 2, Shah Ali Plaza, Mirpur 10",8801876706910,,,,Self Delivery,"Adjust 3,000/- from ledger ",,0035 - Md.Rejaul Islam Sujon,,
Done,Octo24,16-Oct,"Xiaomi TV A 43"" FHD 2025",4,29990,119960,Raton electronics ,"Milk vita road, Takerhat, Madaripur ",8801711398333,,,,Sundarban,,,0026 - Ohidul Islam,,
Done,Octo24,16-Oct,Xiaomi TV A Pro 55 Inch,1,54590,54590,Raton electronics ,"Milk vita road, Takerhat, Madaripur ",8801711398333,,,,Sundarban,,,0026 - Ohidul Islam,,
Done,Octo24,16-Oct,Xiaomi TV A Pro 32 Inch,8,20990,167920,Mollick electronics ,"Jibonnagor, Chuadanga ",8801726751146,,,,Sundarban,,,0026 - Ohidul Islam,,
Done,Octo24,16-Oct,Xiaomi TV A Pro 32 Inch,4,20990,83960,Shohan Electronics ,Hard metal Gallery Dakbangla Khulna,8801726728024,,,,Self Delivery,,0,0031 - Adnan Billah,,
Done,Octo24,16-Oct,Xiaomi TV A Pro 32 Inch,4,20990,83960,Electro Needs ,"Sherpur road,Satanibari, Sadar Bogura. ",8801711141977,,,,Sundarban,,,0019 - Hafizur Rahman,,
Done,Octo24,16-Oct,"Xiaomi TV A 43"" FHD 2025",5,29990,149950,Electro Needs ,"Sherpur road, Satanibari, Sadar Bogura. ",8801711141977,,,,Sundarban,,,0019 - Hafizur Rahman,,
Done,Octo24,16-Oct,Xiaomi TV A Pro 43 Inch,5,36990,184950,Electro Needs ,"Sherpur road, Satanibari, Sadar Bogura. ",8801711141977,,,,Sundarban,,,0019 - Hafizur Rahman,,
Done,Octo24,16-Oct,Xiaomi TV A Pro 55 Inch,2,54590,109180,Electro Needs ,"Sherpur road, Satanibari, Sadar Bogura. ",8801711141977,,,,Sundarban,,,0019 - Hafizur Rahman,,
Done,Octo24,16-Oct,Xiaomi Wireless Keyboard and Mouse Combo,1,1990,1990,OnnoRokom Web Services Ltd,"2/1/E, Eden Center, Arambag, Motijheel, Dhaka-1000",8801708166273,,,,No Preference,,0,E-Com,,
Done,Octo24,17-Oct,Xiaomi Portable Electric Air Compressor 1S,1,3870,3870,Daraz,"Asfia tower - 76, Road-11, Block-E,  Banani ",8801847420050,daraz,daraz,daraz,Self Delivery,daraz,0,E-Com,,
Done,Octo24,17-Oct,Mi Dual Mode Wireless Mouse Silent Edition,2,990,1980,Daraz,"Asfia tower - 76, Road-11, Block-E,  Banani ",8801847420050,daraz,daraz,daraz,Self Delivery,daraz,0,E-Com,,
Done,Octo24,17-Oct,Xiaomi TV A Pro 32 Inch,5,20990,104950,Dream Electronics,"shop 302-304, Shuvastu Arcade, ICT Bhaban",8801923853256,,,,Self Delivery,,0,0033 - Imran Hossain - DHK,,
Done,Octo24,17-Oct,Xiaomi TV A Pro 43 Inch,4,36990,147960,Dream Electronics,"shop 302-304, Shuvastu Arcade, ICT Bhaban",8801923853256,,,,Self Delivery,,0,0033 - Imran Hossain - DHK,,
Done,Octo24,17-Oct,Xiaomi TV A Pro 55 Inch,2,54590,109180,Dream Electronics,"shop 302-304, Shuvastu Arcade, ICT Bhaban",8801923853256,,,,Self Delivery,,0,0033 - Imran Hossain - DHK,,
Done,Octo24,17-Oct,Xiaomi TV A Pro 65 Inch,2,73990,147980,Dream Electronics,"shop 302-304, Shuvastu Arcade, ICT Bhaban",8801923853256,,,,Self Delivery,,0,0033 - Imran Hossain - DHK,Not Imposed,
Cancelation,Octo24,6-Oct,Xiaomi TV A Pro 65 Inch,,,0,Mobile Hut - Jessore,"Rahman Tower , lal Dighir purbopar Jessore.",8801718182218,Rakib,"Sundarban Courier Service, Benapol",8801779277077,Self Delivery,,0,0031 - Adnan Billah,Not Imposed,
Done,Octo24,17-Oct,Xiaomi TV A Pro 65 Inch,10,73990,739900,BN Electronics ,"E 11&12, Gate 4, Baitul Mukarram Super Market, Dhaka",8801932743355,,,,Self Delivery,,0,0116 - Toukir Ahmed,Not Imposed,
Done,Octo24,17-Oct,Xiaomi TV A Pro 65 Inch,5,73390,366950,New Friends Electronics,"Stadium gate no 1, Shop no - 29",8801817097172,,,,Self Delivery,,0,0116 - Toukir Ahmed,Not Imposed,
Done,Octo24,17-Oct,Xiaomi TV A Pro 65 Inch,1,73990,73990,Shohan Electronics ,Hard metal Gallery Dakbangla Khulna ,8801726728024,Rakib,"Sundarban Courier Service, Benapole, Jashore",01779277077,Sundarban,,00,0031 - Adnan Billah,Not Imposed,
Done,Octo24,17-Oct,Xiaomi TV A Pro 65 Inch,1,73990,73990,Electro Needs ,"Sherpur road, Satanibari,Sadar Bogura.",8801711141977,,,,Sundarban,,,0019 - Hafizur Rahman,Not Imposed,
Done,Octo24,17-Oct,Xiaomi TV A Pro 65 Inch,3,73990,221970,Sheba Electronics ,"Shop: 620, Level: 5, Rajuk commercial market, uttara",8801745308008,,,,Self Delivery,,,0035 - Md.Rejaul Islam Sujon,Not Imposed,
Done,Octo24,17-Oct,"Xiaomi TV A 43"" FHD 2025",4,29990,119960,BN Electronics ,"Shop: E 11&12, Gate 4, Baitul Mukarram Super Market, Dhaka",8801932743355,,,,Self Delivery,,0,0116 - Toukir Ahmed,,
Done,Octo24,17-Oct,"Xiaomi TV A 43"" FHD 2025",2,29990,59980,Biva AC Bazar,"Shat Rastar Moor , Gorib Newajet Pashe pubali bank er niche, Khulna",8801716446909,,,,Sundarban,,0,0031 - Adnan Billah,,
Done,Octo24,17-Oct,"Xiaomi TV A 43"" FHD 2025",5,29990,149950,Wholesale Electronic Narayanganj ,Uttor Chasara Narayanganj ,8801888018887,Arcy Electronics ,Club market BB road ,01888-018887,No Preference,"Date- 17-10-24
Order - *wholesale Electronics Narayanganj*
Address - Uttor Chasara Narayanganj 
Call-01888-018887

Order- 
43''FHD- 5pcs 
32""-3pcs

Total Quantity -8
Amount -212920
CHCEK amount - 272550


Also side Delivery - 
Archi Electronics BB Road Narayanganj 

3pcs tv",272550,0023 - Abdur Rahman,,
Done,Octo24,17-Oct,Xiaomi TV A Pro 32 Inch,4,20990,83960,Star Tech & Engineering Limited,"6th floor, 28 Kazi Nazrul Islam Ave,Navana Zohura Square, Dhaka 1000.",8801709995415,,Store Multiplan Center 13  New Elephant Road Multiplan Center Lavel 13 Shop no 1304 ,8801313717050,Self Delivery,,0,B2B,,
Done,Octo24,17-Oct,Xiaomi TV A Pro 43 Inch,9,36000,324000,Star Tech & Engineering Limited,"6th floor, 28 Kazi Nazrul Islam Ave,Navana Zohura Square, Dhaka 1000.",8801709995415,,"Central warehouse  127 Hazaribagh Road, Dhaka 1209 (Near tannery More Jame Mosjid) Former Apex Tannery",,Self Delivery,,0,B2B,,
Done,Octo24,17-Oct,Xiaomi TV A Pro 55 Inch,2,54590,109180,Success Computer & Engeneering ,"Aloka nodi Bangla,sadar, Mymensingh ",8801711682184,Mr Ibrahim,Self pick in Alpona plaza,01845842999 01962418094,Self Pick,Products self pick by Alpona plaza Mr Ibrahim,,NEW PEOPLE MYM,,
Done,Octo24,17-Oct,Xiaomi TV A Pro 32 Inch,2,20990,41980,Star Tech & Engineering Limited,"6th floor, 28 Kazi Nazrul Islam Ave,Navana Zohura Square, Dhaka 1000.",8801709995415,,New Elephant Road Multiplan Center Lavel 13 Shop no 1304 ,,Self Delivery,,0,B2B,,
Done,Octo24,17-Oct,Xiaomi TV A Pro 43 Inch,2,36000,72000,Star Tech & Engineering Limited,"6th floor, 28 Kazi Nazrul Islam Ave,Navana Zohura Square, Dhaka 1000.",8801709995415,,New Elephant Road Multiplan Center Lavel 13 Shop no 1304 ,,Self Delivery,,0,B2B,,
Done,Octo24,17-Oct,Xiaomi TV A Pro 32 Inch,1,20990,20990,Mobile hut 2,"Medical road,jamalpur",8801749351717,,,,Sundarban,Plz proceed delivery Sundarban courier,,NEW PEOPLE MYM,,
Done,Octo24,17-Oct,"Xiaomi TV A 43"" FHD 2025",5,28800,144000,Chowdhury Electronics ,Alpona Plaza,8801710549774,,,,Self Delivery,,0,0033 - Imran Hossain - DHK,,
Done,Octo24,17-Oct,Xiaomi TV A Pro 65 Inch,5,71790,358950,Chowdhury Electronics ,Alpona Plaza,8801710549774,,,,Self Delivery,,0,0033 - Imran Hossain - DHK,Not Imposed,
Done,Octo24,17-Oct,"Xiaomi TV A 43"" FHD 2025",2,29990,59980,Fresco Electronics ,",Masjid Market,Reserve Bazar,Rangamati Sadar.

",8801556400484,,,,Sundarban,,,0025 - Imran Hossain - CTG,,
Done,Octo24,17-Oct,Xiaomi TV A Pro 65 Inch,1,73990,73990,Device Metro,JFP,8801753317873,Mr. Sharif,"House name: Shomporko, Rania Avenue, Block- I,   House no: 207,  Bashundhara R/Area",8801621960574,Self Delivery,,,0035 - Md.Rejaul Islam Sujon,Not Imposed,
Done,Octo24,17-Oct,Xiaomi TV A Pro 65 Inch,1,73990,73990,Electro Mind,"Sadar,Meherpur ",8801714948828,,,,Sundarban,,,0026 - Ohidul Islam,Not Imposed,
Done,Octo24,17-Oct,Xiaomi TV A Pro 32 Inch,1,20990,20990,Rabab electronics,"Alpona Plaza, Elephant Road",8801719106660,,,,Self Delivery,,0,0033 - Imran Hossain - DHK,,
Done,Octo24,17-Oct,"Xiaomi TV A 43"" FHD 2025",5,29990,149950,Vision Electronics ,"Maa Mansion, Thana Road, Bayezid, Chittagong ",8801815338679,,,,Sundarban,,00,0070 - Tamal Roy,,
Done,Octo24,19-Oct,Xiaomi TV A Pro 65 Inch,5,72590,362950,Wholesale Electronics ,"West Matikata, Auto Stand (Samsung Wearhouse) ",8801329701304,,,,Self Delivery,,,0035 - Md.Rejaul Islam Sujon,Not Imposed,
Done,Octo24,19-Oct,"Xiaomi TV A 43"" FHD 2025",20,28650,573000,Wholesale Electronics ,"West Matikata, Auto Stand, Samsung Wearhouse ",8801329701304,,,,Self Delivery,,,0035 - Md.Rejaul Islam Sujon,,
Done,Octo24,19-Oct,Xiaomi Portable Electric Air Compressor 1S,1,3990,3990,Daraz,"Asfia tower - 76, Road-11, Block-E,  Banani ",8801847420050,daraz,daraz,daraz,Self Delivery,daraz,0,E-Com,,
Done,Octo24,19-Oct,Mi Dual Mode Wireless Mouse Silent Edition,1,990,990,Daraz,"Asfia tower - 76, Road-11, Block-E,  Banani ",8801847420050,daraz,daraz,daraz,Self Delivery,daraz,0,E-Com,,
Done,Octo24,19-Oct,Mi Jumbo Gel Ink Pen,1,545,545,Daraz,"Asfia tower - 76, Road-11, Block-E,  Banani ",8801847420050,daraz,daraz,daraz,Self Delivery,daraz,0,E-Com,,
Done,Octo24,19-Oct,Xiaomi Mijia Gel Ink Pen (10 Pcs),1,690,690,Daraz,"Asfia tower - 76, Road-11, Block-E,  Banani ",8801847420050,daraz,daraz,daraz,Self Delivery,daraz,0,E-Com,,
Done,Octo24,19-Oct,"Xiaomi TV A 43"" FHD 2025",40,29990,1199600,Mi smart home,Ssk road sador feni,8801711765235,,,,Sundarban,,,0107 - Tanjil Hossain,,
Done,Octo24,19-Oct,"Xiaomi TV A 43"" FHD 2025",15,29990,449850,FM Electronics,"Rifle Club, Nandan Kanon, Chittagong.",8801824946334,,,,No Preference,,,0025 - Imran Hossain - CTG,,
Done,Octo24,19-Oct,Xiaomi TV A Pro 65 Inch,8,73990,591920,FM Electronics,"Rifle Club, Nandan Kanon, Chittagong.",8801824946334,,,,No Preference,,,0025 - Imran Hossain - CTG,Not Imposed,
Done,Octo24,19-Oct,Mi Smart Scale 2,1,2490,2490,OnnoRokom Web Services Ltd,"2/1/E, Eden Center, Arambag, Motijheel, Dhaka-1000",8801708166273,,,,Self Delivery,,0,E-Com,,
Done,Octo24,19-Oct,Xiaomi TV A Pro 65 Inch,2,73990,147980,Dream Electronics,"shop 302-304, Shuvastu Arcade, ICT Bhaban",8801923853256,,,,Self Delivery,,0,0033 - Imran Hossain - DHK,Not Imposed,
Done,Octo24,19-Oct,Xiaomi TV A Pro 65 Inch,2,73990,147980,Bj Electronics,Ctg,8801734640607,,,,No Preference,,,0025 - Imran Hossain - CTG,Not Imposed,
Done,Octo24,19-Oct,Xiaomi TV A Pro 65 Inch,8,73990,591920,BN Electronics ,"Shop: E 11&12, Gate 4, Baitul Mukarram Super Market, Dhaka",8801932743355,,,,Self Delivery,,0,0116 - Toukir Ahmed,Not Imposed,
Done,Octo24,19-Oct,"Xiaomi TV A 43"" FHD 2025",5,29990,149950,Dream Electronics,"ICT Bhaban, 4th floor",8801923853256,,,,Self Delivery,,,0033 - Imran Hossain - DHK,,
Done,Octo24,19-Oct,Mi 23.8'' Desktop Monitor 1C,2,11000,22000,Dream Electronics,"ICT Bhaban,  4th floor",8801923853256,,,,Self Delivery,,,0033 - Imran Hossain - DHK,,
Done,Octo24,19-Oct,Xiaomi Monitor A22i,2,8500,17000,Dream Electronics,"ICT Bhaban,  4th floor ",8801923853256,,,,Self Delivery,,,0033 - Imran Hossain - DHK,,
Done,Octo24,19-Oct,"Xiaomi TV A 43"" FHD 2025",5,29990,149950,Premier Electronics Plus ,"Barapol Moor, Under Eastern Bank Ltd., Halishahar, Chittagong ",8801979600351,,,,Sundarban,,00,0070 - Tamal Roy,,
Done,Octo24,20-Oct,Xiaomi TV A Pro 65 Inch,2,73990,147980,Amin Smart LED Zone,"Omar Tower, Level: 2, Ajompur Railgate, Dokkhinkhan, Uttara",8801908668577,,,,Self Delivery,,,0035 - Md.Rejaul Islam Sujon,Not Imposed,
Done,Octo24,20-Oct,Xiaomi TV A Pro 65 Inch,3,73990,221970,Shamim Electronics ,"Jolladkhana, North side of desco, Mirpur 10",8801999949933,,,,Self Delivery,,,0035 - Md.Rejaul Islam Sujon,Not Imposed,
Done,Octo24,20-Oct,"Xiaomi TV A 43"" FHD 2025",1,29990,29990,Electronics Park,"Kazi Market, shongram Hospital er uttor pashe Polash pol Shatkhira.",8801711507798,Md. Johirul Islam Sujon,"Taltola more,Chaya Bethi Road,Bezpara, Jessore.",8801711406959,Self Delivery,,0,0031 - Adnan Billah,,
Done,Octo24,20-Oct,Xiaomi TV A Pro 43 Inch,8,36990,295920,Dream Electronics,"ICT Bhaban,  4th floor",8801923853256,,,,Self Delivery,,,0033 - Imran Hossain - DHK,,
Done,Octo24,20-Oct,Xiaomi TV A Pro 43 Inch,5,36990,184950,Brand Bazaar ,Beside City College ,8801711903044,,,,Self Delivery,,,0033 - Imran Hossain - DHK,,
Done,Octo24,20-Oct,"Xiaomi TV A 43"" FHD 2025",1,29990,29990,Khan electro house ,"Sadar,Madaripur ",8801715163094,,,,AJR,,,0026 - Ohidul Islam,,
Done,Octo24,20-Oct,Xiaomi TV A Pro 32 Inch,1,20990,20990,Alliance Electronics ,"Pahartaly,Ctg",8801711232439,,,,Sundarban,,,0025 - Imran Hossain - CTG,,
Done,Octo24,20-Oct,"Xiaomi TV A 43"" FHD 2025",1,29990,29990,Alliance Electronics ,Ctg,8801711232439,,,,Sundarban,,,0025 - Imran Hossain - CTG,,
Done,Octo24,20-Oct,"Xiaomi TV A 43"" FHD 2025",2,29990,59980,Asian Electronics,"Lohagara,Ctg",8801824110488,,,,Sundarban,,,0025 - Imran Hossain - CTG,,
Done,Octo24,20-Oct,Xiaomi TV A Pro 32 Inch,5,20990,104950,Wholesale Electronics City,"9/KA, Ring Road, Shyamoli, Dhaka ( Beside Shyamoli Club Field ) ",8801600145549,,,,Self Delivery,,,0033 - Imran Hossain - DHK,,
Done,Octo24,20-Oct,Xiaomi TV A Pro 43 Inch,1,36990,36990,Khan electro house ,"Sadar, Madaripur ",8801715163094,,,,AJR,,,0026 - Ohidul Islam,,
Done,Octo24,20-Oct,"Xiaomi TV A 43"" FHD 2025",5,29990,149950,N.B Electronics ,"Sholoshohor, Nasirabad, Chittagong ",8801720189210,,,,Sundarban,Note : Tomorrow will be deposited.,00,0070 - Tamal Roy,,
Done,Octo24,20-Oct,Xiaomi TV A Pro 55 Inch,1,54590,54590,Cell Computer ,"Greater road,Kadirganj, Sadar Rajshahi ",8801714081082,,,,Sundarban,,,0019 - Hafizur Rahman,,
Done,Octo24,20-Oct,Xiaomi TV A Pro 65 Inch,1,72790,72790,Jitu,"Elephant road, Dhaka",8801723863710,,,,Self Delivery,,0,B2C,Not Imposed,
Done,Octo24,20-Oct,Xiaomi Portable Electric Air Compressor 1S,1,4190,4190,OnnoRokom Web Services Ltd,"2/1/E, Eden Center, Arambag, Motijheel, Dhaka-1000",8801708166273,,,,Self Delivery,,0,E-Com,,
Done,Octo24,21-Oct,Xiaomi Mijia Gel Ink Pen (10 Pcs),3,690,2070,Daraz,"Asfia tower - 76, Road-11, Block-E,  Banani ",8801847420050,daraz,daraz,daraz,Self Delivery,daraz,0,E-Com,,
Done,Octo24,21-Oct,Mi Dual Mode Wireless Mouse Silent Edition,1,990,990,Md Mizanur Rahman,"1197, Rose Garden, Flat no-B5,  [near Jamtala water pump],  East Shewrapara, Dhaka-1216",8801718590702,,,,Self Delivery,,0,B2C,,
Done,Octo24,21-Oct,Xiaomi TV A Pro 55 Inch,10,54590,545900,BN Electronics ,"Shop No E-11 & 12, 4 No gate, Baitul Mukarram, Dhaka",8801932743355,,,,Self Delivery,,0,0116 - Toukir Ahmed,,
Done,Octo24,21-Oct,"Xiaomi TV A 43"" FHD 2025",2,29990,59980,RA Electronics ,"Century Market (2nd Floor) Biswaroad, Baroiyarhat, Chittagong.",8801822224455,,,,Sundarban,Note : Payment will be made on Thursday.,00,0070 - Tamal Roy,,
Done,Octo24,21-Oct,"Xiaomi TV A 43"" FHD 2025",8,29990,239920,Dream Electronics,"ICT Bhaban, level 4",8801923853256,,,,Self Delivery,,,0033 - Imran Hossain - DHK,,
Done,Octo24,21-Oct,"Xiaomi TV A 43"" FHD 2025",4,29990,119960,Esha Electronics ,"Shah Amanat City Corporation Super Market (1st Floor), Jubilee Road, Chittagong",8801716548281,,,,Sundarban,Note : Payment will be made on Wednesday.,00,0070 - Tamal Roy,,
Done,Octo24,21-Oct,Xiaomi TV A Pro 43 Inch,1,36990,36990,Esha Electronics ,"Shah Amanat City Corporation Super Market (1st Floor), Jubilee Road, Chittagong",8801716548281,,,,Sundarban,Note : Payment will be made on Wednesday.,00,0070 - Tamal Roy,,
Done,Octo24,21-Oct,Xiaomi TV A Pro 55 Inch,1,54590,54590,Esha Electronics ,"Shah Amanat City Corporation Super Market (1st Floor), Jubilee Road, Chittagong",8801716548281,,,,Sundarban,Note : Payment will be made on Wednesday.,00,0070 - Tamal Roy,,
Done,Octo24,21-Oct,Xiaomi TV A Pro 43 Inch,2,36990,73980,M/s Haider Electronics,"Main road, Maijdee Court.maijdee.Noakhali.",8801711103033,,,,Self Delivery,,0,0107 - Tanjil Hossain,,
Done,Octo24,21-Oct,"Xiaomi TV A 43"" FHD 2025",2,29990,59980,M/s Haider Electronics,"Main road, Maijdee Court.maijdee.Noakhali.",8801711103033,,,,Self Delivery,,0,0107 - Tanjil Hossain,,
Done,Octo24,22-Oct,Mi Dual Mode Wireless Mouse Silent Edition,1,990,990,Daraz,"Asfia tower - 76, Road-11, Block-E,  Banani ",8801847420050,daraz,daraz,daraz,Self Delivery,daraz,0,E-Com,,
Done,Octo24,22-Oct,Mi Dual Mode Wireless Mouse Silent Edition,1,800,800,Robi Shop,"FlingEx Warehouse. 159/C Tejgaon Industrial Area, Dhaka, Bangladesh.",8801833623322,Robi Shop,,Robi Shop,Self Delivery,Robi Shop,0,E-Com,,
Done,Octo24,22-Oct,"Xiaomi TV A 43"" FHD 2025",5,29990,149950,Shohan Electronics ,Hard metal Gallery Dakbangla Khulna,8801726728024,,,,Self Delivery,,0,0031 - Adnan Billah,,
Done,Octo24,22-Oct,Xiaomi TV A Pro 43 Inch,2,36990,73980,FM Electronics,"Rifle Club, Nandan Kanon, Chittagong.",8801824946334,,,,No Preference,,,0025 - Imran Hossain - CTG,,
Done,Octo24,22-Oct,"Xiaomi TV A 43"" FHD 2025",2,29990,59980,Khaza Azmir Electronics,"ZA New Super Market,Jaldi Miar Bazar,Banshkhali,Ctg
",8801815483698,,,,Sundarban,,,0025 - Imran Hossain - CTG,,
Done,Octo24,23-Oct,Xiaomi TV A Pro 55 Inch,1,54590,54590,Bj Electronics,Ctg,8801734640607,,,,Self Pick,,,0025 - Imran Hossain - CTG,,
Done,Octo24,23-Oct,Xiaomi Mijia Gel Ink Pen (10 Pcs),1,690,690,Daraz,"Asfia tower - 76, Road-11, Block-E,  Banani ",8801847420050,daraz,daraz,,Self Delivery,daraz,0,E-Com,,
Done,Octo24,23-Oct,Mi 23.8'' Desktop Monitor 1C,1,12900,12900,Daraz,"Asfia tower - 76, Road-11, Block-E,  Banani ",8801847420050,daraz,daraz,daraz,Self Delivery,daraz,0,E-Com,,
Done,Octo24,23-Oct,Xiaomi TV A Pro 65 Inch,2,72790,145580,Jitu,"Elephant road, Dhaka",8801723863710,,,,Self Delivery,,0,B2B,Not Imposed,
Done,Octo24,23-Oct,"Xiaomi TV A 43"" FHD 2025",5,29990,149950,Brand Bazaar ,Happy Arcadia Shopping Mall,8801711903044,,,,Self Delivery,,,0033 - Imran Hossain - DHK,,
Done,Octo24,23-Oct,"Xiaomi TV A 43"" FHD 2025",4,29990,119960,Kailash electronics ,"101,ground floor,manru shoping city, chowhatta, Sylhet",8801303309817,,,,Sundarban,,,0094 - Shaharia Khan,,
Done,Octo24,23-Oct,Xiaomi TV A Pro 43 Inch,2,36990,73980,Kailash electronics ,"101,ground floor,manru shoping city, chowhatta, Sylhet",8801303309817,,,,Sundarban,,,0094 - Shaharia Khan,,
Done,Octo24,23-Oct,Xiaomi TV A Pro 65 Inch,2,73990,147980,Shamim Electronics ,"Jolladkhana, North side of desco, Mirpur 10",8801999949933,,,,Self Delivery,,,0035 - Md.Rejaul Islam Sujon,Not Imposed,
Done,Octo24,23-Oct,"Xiaomi TV A 43"" FHD 2025",5,29990,149950,Dhali Electronics ,"56,Sreepalli, Nurjahan Plaza ,Bongo Bondhu sekh mujib road, Munshiganj sadar, Munshiganj ",8801301670004,,,,No Preference,,148959,0023 - Abdur Rahman,,
Done,Octo24,23-Oct,"Xiaomi TV A 43"" FHD 2025",5,29990,149950,Aristo computer ,"Lavli tower, sadar,Kushtia ",8801711450101,,,,Sundarban,,,0026 - Ohidul Islam,,
Done,Octo24,23-Oct,"Xiaomi TV A 43"" FHD 2025",6,29740,178440,New Friends Electronics,"Stadium gate no 1, Shop no - 29",8801817097172,,,,Self Delivery,,0,0116 - Toukir Ahmed,,
Done,Octo24,23-Oct,Mi Smart Air Fryer 3.5L,1,8990,8990,SALEXTRA LIMITED,"Salextra Warehouse, Mohakhali - 1212",8801713199246,,,,Self Delivery,,0,E-Com,,
Done,Octo24,23-Oct,Xiaomi Wireless Keyboard and Mouse Combo,1,1990,1990,SALEXTRA LIMITED,"Salextra Warehouse, Mohakhali - 1212",8801713199246,,,,Self Delivery,,0,E-Com,,
Done,Octo24,24-Oct,Xiaomi TV A Pro 55 Inch,1,54590,54590,Cell Computer ,"Greater road,Kadirganj,Sadar Rajshahi. ",8801714081082,Sultan Arifin,"H-11,Road-11,Mohammadia housing society,mohammadpur",+8801717265618,Self Delivery,Please do not share the invoice. ,,0019 - Hafizur Rahman,,
Done,Octo24,24-Oct,Xiaomi TV A Pro 55 Inch,2,54590,109180,BN Electronics ,"Shop No E-11 & 12, 4 No gate, Baitul Mukarram, Dhaka",8801932743355,,,,Self Delivery,,0,0116 - Toukir Ahmed,,
Done,Octo24,24-Oct,"Xiaomi TV A 43"" FHD 2025",5,29990,149950,BN Electronics ,"Shop No E-11 & 12, 4 No gate, Baitul Mukarram, Dhaka",8801932743355,,,,Self Delivery,,0,0116 - Toukir Ahmed,,
Done,Octo24,24-Oct,Xiaomi TV A Pro 32 Inch,1,20990,20990,Ether electronics ,"Moula baban, TA road B,baria",8801778505050,Masud pervez ,"Khandirpar, Cumilla sadar, Cumilla",+8801671321932,Sundarban,,,0094 - Shaharia Khan,,
Done,Octo24,24-Oct,"Xiaomi TV A 43"" FHD 2025",2,29990,59980,Super electronics 2,"Super electronics 2
1st floor Latif Center, Zindabazar, Sylhet.",8801712124747,,,,Sundarban,,,0094 - Shaharia Khan,,
Done,Octo24,24-Oct,Xiaomi TV A Pro 55 Inch,5,54590,272950,Dream Electronics,"ICT Bhaban, level 4",8801923853256,,,,Self Delivery,,,0033 - Imran Hossain - DHK,,
Done,Octo24,24-Oct,Xiaomi TV A Pro 32 Inch,1,20990,20990,Cell Computer ,"Greater road,Kadirganj, Sadar Rajshahi ",8801714081082,Khaleda Gafur,43/Z Indira road near west Raja bazar  Farmgate. Lift er 1,01714072362,Self Delivery,Please do not share the invoice. ,,0019 - Hafizur Rahman,,
Done,Octo24,24-Oct,Xiaomi TV A Pro 55 Inch,1,54590,54590,Super electronics 2,"Super electronics 2
1st floor Latif Center, Zindabazar, Sylhet.",8801712124747,,,,Sundarban,,,0094 - Shaharia Khan,,
Done,Octo24,24-Oct,Xiaomi TV A Pro 32 Inch,1,20990,20990,Mi store Hiya Telecom ,"mizan mention ullapara,Sirajganj ",8801738216775,,,,Sundarban,,,0019 - Hafizur Rahman,,
Done,Octo24,24-Oct,"Xiaomi TV A 43"" FHD 2025",2,29990,59980,Smart home appliances ,"Alipur, sadar,Faridpur ",8801318300516,,,,Sundarban,,,0026 - Ohidul Islam,,
Done,Octo24,24-Oct,Xiaomi TV A Pro 55 Inch,1,54590,54590,Super electronics 2,"Super electronics 2
1st floor Latif Center, Zindabazar, Sylhet.",8801712124747,GunGun,"Kalibari more,  B,baria sadar",01911097959,Sundarban,,,0094 - Shaharia Khan,,
Done,Octo24,26-Oct,Mi Dual Mode Wireless Mouse Silent Edition,1,905,905,Daraz,"Asfia tower - 76, Road-11, Block-E,  Banani ",8801847420050,daraz,daraz,daraz,Self Delivery,daraz,0,E-Com,,
Done,Octo24,26-Oct,Mi Smart Scale 2,1,2790,2790,Daraz,"Asfia tower - 76, Road-11, Block-E,  Banani ",8801847420050,daraz,daraz,daraz,Self Delivery,daraz,0,E-Com,,
Done,Octo24,26-Oct,Xiaomi TV A Pro 32 Inch,4,20990,83960,National Electronics ,Fatima plaza Chawrongi Gopalgonj ,8801714065626,,,,No Preference,Shared by Imran,0,0031 - Adnan Billah,,
Done,Octo24,26-Oct,Xiaomi TV A Pro 32 Inch,2,20990,41980,SM electronics,"Gouripur,Daudkhandi.Cumilla ",8801752300001,,,,Sundarban,,,0107 - Tanjil Hossain,,
Done,Octo24,26-Oct,"Xiaomi TV A 43"" FHD 2025",5,29990,149950,SM electronics,"Gouripur,Daudkhandi,Cumilla ",8801752300001,,,,Sundarban,,,0107 - Tanjil Hossain,,
Done,Octo24,26-Oct,Xiaomi TV A Pro 43 Inch,1,36990,36990,SM electronics,"Gouripur,Daudkhandi,Cumilla ",8801752300001,,,,Sundarban,,,0107 - Tanjil Hossain,,
Done,Octo24,26-Oct,Xiaomi TV A Pro 55 Inch,2,54590,109180,SM electronics,"Gouripur,Daudkhandi,Cumilla ",8801752300001,,,,Sundarban,,,0107 - Tanjil Hossain,,
Done,Octo24,26-Oct,"Xiaomi TV A 43"" FHD 2025",1,29990,29990,Sofiq electronics,"Modhukhali, Faridpur ",8801705033553,,,,Sundarban,,,0026 - Ohidul Islam,,
Done,Octo24,26-Oct,Xiaomi Monitor A22i,2,8500,17000,Sofiq electronics,"Modhukhali, Faridpur ",8801705033553,,,,Sundarban,,,0026 - Ohidul Islam,,
Done,Octo24,26-Oct,Xiaomi TV A Pro 32 Inch,2,20990,41980,Wholesale Electronic Narayanganj ,Kadam tola Mor demra Dhaka ,8801888111146,,,,Self Delivery,,109000,0023 - Abdur Rahman,,
Done,Octo24,27-Oct,Xiaomi Monitor A22i,1,9190,9190,Daraz,"Asfia tower - 76, Road-11, Block-E,  Banani ",8801847420050,daraz,daraz,daraz,Self Delivery,daraz,0,E-Com,,
Done,Octo24,27-Oct,Mi Dual Mode Wireless Mouse Silent Edition,1,905,905,Daraz,"Asfia tower - 76, Road-11, Block-E,  Banani ",8801847420050,daraz,daraz,daraz,Self Delivery,daraz,0,E-Com,,
Done,Octo24,27-Oct,"Xiaomi TV A 43"" FHD 2025",10,28800,288000,Chowdhury Electronics ,Alpona Plaza ,8801710549774,,,,Self Delivery,,,0033 - Imran Hossain - DHK,,
Done,Octo24,27-Oct,Xiaomi TV A Pro 43 Inch,10,35590,355900,Chowdhury Electronics ,Alpona Plaza ,8801710549774,,,,Self Delivery,,,0033 - Imran Hossain - DHK,,
Cancelation,Octo24,27-Oct,A2 12K VIOMI AC Split (Non-Inverter) 1 Ton,,,0,Dream Electronics,"ICT Bhaban, level 4",8801923853256,,,,Self Delivery,,,0033 - Imran Hossain - DHK,,
Cancelation,Octo24,27-Oct,A2 18K VIOMI AC Split (Non-Inverter) 1.5 Ton,,,0,Dream Electronics,"ICT Bhaban, Level 4",8801923853256,,,,Self Delivery,,,0033 - Imran Hossain - DHK,,
Cancelation,Octo24,27-Oct,A2 24K VIOMI AC Split (Non-Inverter) 2 Ton,,,0,Dream Electronics,"ICT Bhaban, level 4",8801923853256,,,,Self Delivery,,,0033 - Imran Hossain - DHK,,
Done,Octo24,27-Oct,"Xiaomi TV A 43"" FHD 2025",8,29990,239920,Mi smart home,"Ssk road, sador,Feni",8801711765235,,,,Sundarban,,,0107 - Tanjil Hossain,,
Done,Octo24,27-Oct,Xiaomi TV A Pro 55 Inch,2,54590,109180,Janapriyo Electronics ,14 Bazir mor Narshindi sadar Narshindi ,8801715939459,,,,No Preference,,273140,0023 - Abdur Rahman,,
Done,Octo24,27-Oct,Xiaomi TV A Pro 55 Inch,2,54000,108000,Star Tech & Engineering Limited,"6th floor, 28 Kazi Nazrul Islam Ave,Navana Zohura Square, Dhaka 1000.",8801709995415,,New Elephant Road Multiplan Center Lavel 13 Shop no 1304,8801313-717050 ,Self Delivery,,0,B2B,,
Done,Octo24,27-Oct,Xiaomi TV A Pro 55 Inch,3,54000,162000,Star Tech & Engineering Limited,"6th floor, 28 Kazi Nazrul Islam Ave,Navana Zohura Square, Dhaka 1000.",8801709995415,,New Elephant Road Multiplan Center Lavel 13 Shop no 1304,,Self Delivery,,0,B2B,,
Done,Octo24,27-Oct,"Xiaomi TV A 43"" FHD 2025",35,28650,1002750,Wholesale Electronics ,"West Matikata, Auto Stand, Samsung Wearhouse ",8801329701304,,,,Self Delivery,,,0035 - Md.Rejaul Islam Sujon,,
Done,Octo24,27-Oct,Xiaomi TV A Pro 55 Inch,5,54590,272950,Brand Bazaar ,Happy Arcadia shopping malls ,8801711903044,,,,Self Delivery,,,0033 - Imran Hossain - DHK,,
Done,Octo24,27-Oct,Mi Dual Mode Wireless Mouse Silent Edition,1,1140,1140,Gadget & Gear (E-Com),"Police Plaza Concord (Tower 2), Gulshan 1, Dhaka 1212.",8801318236986,,,,No Preference,,0,E-Com,,
Done,Octo24,27-Oct,"Xiaomi TV A 43"" FHD 2025",1,29990,29990,Super electronics 2,"Super electronics 2
1st floor Latif Center, Zindabazar, Sylhet.",8801712124747,,,,Sundarban,,,0094 - Shaharia Khan,,
Done,Octo24,28-Oct,Xiaomi TV A Pro 43 Inch,4,36690,146760,New Friends Electronics,"Stadium 1 no gate, shop no 29",8801817097172,,,,Self Delivery,,0,0116 - Toukir Ahmed,,
Done,Octo24,28-Oct,Mi Smart Scale 2,1,2900,2900,Daraz,"Asfia tower - 76, Road-11, Block-E,  Banani ",8801847420050,,,,Self Delivery,,0,E-Com,,
Done,Octo24,28-Oct,Mi Dual Mode Wireless Mouse Silent Edition,1,879,879,Daraz,"Asfia tower - 76, Road-11, Block-E,  Banani ",8801847420050,,,,Self Delivery,,0,E-Com,,
Done,Octo24,28-Oct,Xiaomi Mijia Gel Ink Pen (10 Pcs),1,719,719,Daraz,"Asfia tower - 76, Road-11, Block-E,  Banani ",8801847420050,,,,Self Delivery,,0,E-Com,,
Cancelation,Octo24,28-Oct,Mi Smart Scale 2,,,0,daraz,daraz,daraz,daraz,daraz,daraz,Self Delivery,daraz,0,E-Com,,
Cancelation,Octo24,28-Oct,Mi Dual Mode Wireless Mouse Silent Edition,,,0,daraz,daraz,daraz,daraz,daraz,daraz,Self Delivery,daraz,0,E-Com,,
Done,Octo24,28-Oct,Xiaomi TV A Pro 43 Inch,1,36990,36990,Techi E Store ,JFP,8801711431809,Kajol,"Poschim Matikata, Near Babur Garage, Dhaka Cantonment ,Dhaka-1206",8801717571361,Self Delivery,,,0035 - Md.Rejaul Islam Sujon,,
Done,Octo24,29-Oct,Xiaomi Monitor A22i,1,9190,9190,Daraz,"Asfia tower - 76, Road-11, Block-E,  Banani ",8801847420050,daraz,daraz,daraz,Self Delivery,daraz,0,E-Com,,
Done,Octo24,29-Oct,Xiaomi TV A Pro 43 Inch,10,36000,360000,Silver Water Technologies Bangladesh Limited,"HOUSE- 26, ROAD-07, BLOCK- C, NIKETON, GULSHAN1, PS-GULSHAN, DHAKA",8801708127036,,,,Self Delivery,,0,E-Com,,
Done,Octo24,29-Oct,Xiaomi TV A Pro 55 Inch,5,54000,270000,Silver Water Technologies Bangladesh Limited,"HOUSE- 26, ROAD-07, BLOCK- C, NIKETON, GULSHAN1, PS-GULSHAN, DHAKA",8801708127036,,,,Self Delivery,,0,E-Com,,
Done,Octo24,30-Oct,Mi Dual Mode Wireless Mouse Silent Edition,1,905,905,Daraz,"Asfia tower - 76, Road-11, Block-E,  Banani ",8801847420050,daraz,daraz,daraz,Self Delivery,daraz,0,E-Com,,
Done,Octo24,30-Oct,Xiaomi TV A Pro 43 Inch,1,36990,36990,Bangladesh Telecom Plus ,"Joaddar plaza , Badur total Chuadanga Sadar , Chuadanga.",8801707858382,Nill,Nill,Nill,Sundarban,,00,0031 - Adnan Billah,,
Done,Octo24,30-Oct,Xiaomi TV A Pro 32 Inch,7,20990,146930,New Friends Electronics,"Stadium 1 no gate, shop no 29",8801817097172,,,,Self Delivery,,0,B2B,,
Done,Octo24,30-Oct,Xiaomi TV A Pro 32 Inch,12,21990,263880,HQ Ansar & VDP,"Khilgaon, Dhaka",8801313499050,,,,Self Delivery,,0,B2B,,
Done,Octo24,30-Oct,Xiaomi TV A Pro 65 Inch,1,79990,79990,HQ Ansar & VDP,"Khilgaon, Dhaka",8801313499050,,,,Self Delivery,,0,B2B,Not Imposed,
Cancelation,Octo24,30-Oct,Mi Smart Air Fryer 3.5L,,,0,Orient Electronics,Dhanmondi 28,8801672231185,,,,Self Delivery,,,0033 - Imran Hossain - DHK,,
Done,Octo24,30-Oct,Mi Smart Air Fryer 3.5L,1,8990,8990,Orient Electronics,Dhanmondi 28,8801672231185,,,,Self Delivery,,0,0033 - Imran Hossain - DHK,,
Done,Octo24,31-Oct,Xiaomi Mijia Gel Ink Pen (10 Pcs),1,649,649,Daraz,"Asfia tower - 76, Road-11, Block-E,  Banani ",8801847420050,daraz,daraz,daraz,Self Delivery,daraz,0,E-Com,,
Done,Octo24,31-Oct,Mi Smart Air Fryer 3.5L,1,9516,9516,Daraz,"Asfia tower - 76, Road-11, Block-E,  Banani ",8801847420050,,daraz,daraz,Self Delivery,daraz,0,E-Com,,
Done,Octo24,31-Oct,Mi 23.8'' Desktop Monitor 1C,1,12274,12274,Daraz,"Asfia tower - 76, Road-11, Block-E,  Banani ",8801847420050,daraz,daraz,daraz,Self Delivery,daraz,0,E-Com,,
Done,Octo24,31-Oct,Xiaomi TV A Pro 55 Inch,5,54590,272950,Long Tech ,"Y-7, Noorjahan Road, Mohammadpur ",8801919234023,,,,Self Delivery,,,0033 - Imran Hossain - DHK,,
Done,Octo24,31-Oct,Xiaomi TV A Pro 43 Inch,1,36990,36990,Shohan Electronics ,Hard metal Gallery Dakbangla Khulna ,8801726728024,Md.Mehedi Hasan,tufan company mor satkhira ,01730399119,Sundarban,,00,0031 - Adnan Billah,,
Done,Octo24,31-Oct,Xiaomi TV A Pro 43 Inch,3,36990,110970,Brand Bazaar ,Happy Arcade Shopping Malls ,8801711903044,,,,Self Delivery,,,0033 - Imran Hossain - DHK,,
Done,Octo24,31-Oct,Xiaomi TV A Pro 43 Inch,1,36990,36990,Best Quality Electronics ,"Kanaikhali, Sadar Natore. ",8801773026823,,,,Sundarban,,,0019 - Hafizur Rahman,,
Done,Octo24,31-Oct,Xiaomi TV A Pro 43 Inch,4,36990,147960,Dream Electronics,"ICT Bhaban, level 4",8801923853256,,,,Self Delivery,,,0033 - Imran Hossain - DHK,,
Done,Octo24,31-Oct,Xiaomi TV A Pro 55 Inch,5,54590,272950,Dream Electronics,"ICT Bhaban, level 4",8801923853256,,,,Self Delivery,,,0033 - Imran Hossain - DHK,,
Done,Nove24,3-Nov,Xiaomi Mijia Gel Ink Pen (10 Pcs),1,649,649,Daraz,"Asfia tower - 76, Road-11, Block-E,  Banani ",8801847420050,daraz,daraz,,Self Delivery,daraz,0,E-Com,,
Done,Nove24,3-Nov,Mi Smart Air Fryer 3.5L,1,8990,8990,Star Tech & Engineering Limited,"6th floor, 28 Kazi Nazrul Islam Ave,Navana Zohura Square, Dhaka 1000.",8801709995415,,,,Self Delivery,,0,B2B,,
Done,Nove24,3-Nov,Xiaomi TV A Pro 55 Inch,5,54590,272950,KS Electronics,"H 20, Gate 5, Baitul Mukarram Super Market, Dhaka",8801842261648,,,,Self Delivery,,0,0116 - Toukir Ahmed,,
Done,Nove24,3-Nov,Mi 23.8'' Desktop Monitor 1C,2,11000,22000,Bismillah World Technologies (BWT),"Dhanmoni 1, Dhaka",8801919679255,,,,Self Delivery,,0,B2B,,
Done,Nove24,3-Nov,Xiaomi TV A Pro 43 Inch,10,36190,361900,Tech Land,"Multiplan, level 13",8801647538526,,,,Self Delivery,,,0033 - Imran Hossain - DHK,,
Done,Nove24,3-Nov,Xiaomi Monitor A22i,1,8500,8500,TECH PRO INTERNATIONAL,"Khulna: 76/1 (Old-9), Khanjahan Ali Road, Tootpara, Khulna-9100.",8801717934178,Nill,Nill,Nill,Sundarban,,0,0031 - Adnan Billah,,
Done,Nove24,3-Nov,Mi Smart Scale 2,2,2490,4980,OnnoRokom Web Services Ltd,"2/1/E, Eden Center, Arambag, Motijheel, Dhaka-1000",8801708166273,,,,Self Delivery,,0,E-Com,,
Done,Nove24,3-Nov,Xiaomi Mijia Gel Ink Pen (10 Pcs),1,590,590,OnnoRokom Web Services Ltd,"2/1/E, Eden Center, Arambag, Motijheel, Dhaka-1000",8801708166273,,,,Self Delivery,,0,E-Com,,
Done,Nove24,4-Nov,Xiaomi TV A Pro 55 Inch,2,54590,109180,Sheba Electronics ,"Shop: 620, Level:5, RAJUK commercial market, Uttara",8801745308008,,,,Self Delivery,,,0035 - Md.Rejaul Islam Sujon,,
Done,Nove24,4-Nov,Xiaomi Mijia Gel Ink Pen (10 Pcs),2,590,1180,OnnoRokom Web Services Ltd,"2/1/E, Eden Center, Arambag, Motijheel, Dhaka-1000",8801708166273,,,,No Preference,,0,E-Com,,
Done,Nove24,4-Nov,Xiaomi TV A Pro 43 Inch,2,36990,73980,Archy Electronic ,Shop-17 club market BB road Narayanganj ,8801973332816,,,,No Preference,,163550,0023 - Abdur Rahman,,
Done,Nove24,4-Nov,Xiaomi TV A Pro 43 Inch,3,36990,110970,Shafin Enterprise ,Ekota Super Market 3rd floor Madanpur bus stand Bondar Narayanganj ,8801902604413,,,,No Preference,,00,0023 - Abdur Rahman,,
Done,Nove24,4-Nov,Xiaomi TV A Pro 43 Inch,3,36990,110970,M/S Ahmad Brothers,"61, KDA Avenue ( Tetul Tola More) khulna ",8801911245590,Nill,Nill,Nill,Sundarban,"অনুগ্রহ পুর্বক এই ওর্ডার এ অতিরিক্ত  ২ পিস ওয়ারেন্টি কার্ড দিয়ে দিবেন, ডিলার তার শোরুম গোছানোর সময় হারিয়ে ফেলেছেন, যার ফলে তিনি প্রডাক্ট সেল করতে পারছেন, না ওয়ারেন্টি কার্ড ২ টা দিলে স্টকের ২ টা প্রডাক্ট সেল করা সহজ হবে ।",00,0031 - Adnan Billah,,
Done,Nove24,4-Nov,Xiaomi Mijia Gel Ink Pen (10 Pcs),1,690,690,Grameen electronics ,"Sadar,Faridpur ",8801912663677,Rasel,"Sadar,Madaripur ",8801912884493,Sundarban,,,0026 - Ohidul Islam,,
Done,Nove24,4-Nov,Mi Smart Air Fryer 3.5L,1,8490,8490,Silver Water Technologies Bangladesh Limited,"HOUSE- 26, ROAD-07, BLOCK- C, NIKETON, GULSHAN1, PS-GULSHAN, DHAKA",8801715601888,,,,Self Delivery,,0,E-Com,,
Done,Nove24,5-Nov,Xiaomi Mijia Gel Ink Pen (10 Pcs),2,690,1380,Daraz,"Asfia tower - 76, Road-11, Block-E,  Banani ",8801847420050,daraz,daraz,daraz,Self Delivery,daraz,0,E-Com,,
Done,Nove24,5-Nov,Mi 23.8'' Desktop Monitor 1C,1,12990,12990,Daraz,"Asfia tower - 76, Road-11, Block-E,  Banani ",8801847420050,daraz,daraz,,Self Delivery,daraz,0,E-Com,,
Done,Nove24,5-Nov,Xiaomi TV A Pro 43 Inch,1,36990,36990,Lead Electronics ,"Shop: 307, 3 Tala, Rongdhonu Shopping Complex, Mirpur 11.5 Bus-stand, Dhaka 1216",8801864444428,,,,Self Pick,,,0035 - Md.Rejaul Islam Sujon,,
Done,Nove24,5-Nov,Mi Dual Mode Wireless Mouse Silent Edition,1,800,800,Robishop,"FlingEx Warehouse. 159/C Tejgaon Industrial Area, Dhaka, Bangladesh.",8801833623322,,,,Self Delivery,,0,E-Com,,
Done,Nove24,5-Nov,Xiaomi TV A Pro 55 Inch,1,54590,54590,Archy Electronic ,Shop 17 club market BB road Narayanganj ,8801973332816,,,,No Preference,,163550,0023 - Abdur Rahman,,
Done,Nove24,5-Nov,Xiaomi TV A Pro 32 Inch,1,20990,20990,KS Electronics,"Shop: H 20, Gate 5, Baitul Mukarram Super Market, Dhaka",8801842261648,,,,Self Delivery,,0,0116 - Toukir Ahmed,,
Done,Nove24,5-Nov,Xiaomi TV A Pro 43 Inch,1,36990,36990,Neptune Tech,"Mirpur 10, Dhaka",8801719283051,Md Shahin,Mirpur 1,8801719283051,Self Delivery,,0,0035 - Md.Rejaul Islam Sujon,,
Done,Nove24,5-Nov,Xiaomi TV A Pro 55 Inch,1,54590,54590,Mobile Hut,"Rahman Tower , lal Dighir purbopar Jessore . ",8801718182218,Nill,Nill,Nill,Sundarban,,00,0031 - Adnan Billah,,
Done,Nove24,5-Nov,Xiaomi TV A Pro 43 Inch,2,36990,73980,Sinthia Electronics,"Sherpur bus stand, Serpur, Bogura ",8801737664321,,,,Sundarban,,,0019 - Hafizur Rahman,,
Done,Nove24,6-Nov,Xiaomi TV A Pro 43 Inch,15,36990,554850,Super Brand Electronics ,"Shop: 71-E, Bongobondhu National Stadium Market, Dhaka",8801706688567,,,,Self Delivery,,0,0116 - Toukir Ahmed,,
Done,Nove24,6-Nov,Xiaomi TV A Pro 55 Inch,5,54590,272950,Super Brand Electronics ,"Shop: 71-E, Bongobondhu National Stadium Market, Dhaka",8801706688567,,,,Self Delivery,,0,0116 - Toukir Ahmed,,
Done,Nove24,6-Nov,Mi Smart Scale 2,1,2490,2490,OnnoRokom Web Services Ltd,"2/1/E, Eden Center, Arambag, Motijheel, Dhaka-1000",8801708166273,,,,Self Delivery,,0,E-Com,,
Done,Nove24,6-Nov,Xiaomi Mijia Gel Ink Pen (10 Pcs),1,590,590,OnnoRokom Web Services Ltd,"2/1/E, Eden Center, Arambag, Motijheel, Dhaka-1000",8801708166273,,,,Self Delivery,,0,E-Com,,
Done,Nove24,7-Nov,A2 18K VIOMI AC Split (Non-Inverter) 1.5 Ton,2,45000,90000,Sheba Electronics ,Uttara,8801745308008,জনাব মঞ্জুর আলম,"১৪/এফ পলাশী গভ. কলোনী, ঢাকা। (পলাশী বাজারের একটু সামনে)",8801716620891,Self Delivery,,,0035 - Md.Rejaul Islam Sujon,,
Done,Nove24,7-Nov,Xiaomi TV A Pro 55 Inch,8,54590,436720,FM Electronics,"Rifle Club, Nandan Kanon, Chittagong.",8801824946334,,,,No Preference,,,0025 - Imran Hossain - CTG,,
Done,Nove24,7-Nov,Xiaomi TV A Pro 43 Inch,16,36990,591840,FM Electronics,"Rifle Club, Nandan Kanon, Chittagong.",8801824946334,,,,No Preference,,,0025 - Imran Hossain - CTG,,
Done,Nove24,7-Nov,Xiaomi TV A Pro 43 Inch,1,36990,36990,Gungun,"Kalibari more, B,baria sadar",8801911097959,,,,Sundarban,,,0094 - Shaharia Khan,,
Done,Nove24,7-Nov,Xiaomi TV A Pro 43 Inch,1,36990,36990,Gungun,"Kalibari Road,  B,baria sadar",8801911097959,"Md Rakib Hasan  34/5 Hajaribagh, Shahi Eidgha,Sylhet Cell 01700711012","Md Rakib Hasan  34/5 Hajaribagh, Shahi Eidgha,Sylhet Cell 01700711012",01700711012,Sundarban,,,0094 - Shaharia Khan,,
Done,Nove24,7-Nov,Xiaomi TV A Pro 43 Inch,1,36990,36990,Bangladesh Telecom Plus ,"Joaddar plaza , Badur total Chuadanga Sadar , Chuadanga.",8801707858382,Nill,Nill,Nill,Sundarban,,00,0031 - Adnan Billah,,
Done,Nove24,9-Nov,Xiaomi TV A Pro 43 Inch,1,36990,36990,Archy Electronic ,Club market BB road Narayanganj city ,8801973332816,Joy Sarkar,"Airport Haji Camp, Shuvo hotel golli ",01776393004,No Preference,Cod,,0023 - Abdur Rahman,,
Done,Nove24,9-Nov,Xiaomi Wireless Keyboard and Mouse Combo,2,2290,4580,Daraz,"Asfia tower - 76, Road-11, Block-E,  Banani ",8801847420050,daraz,daraz,daraz,Self Delivery,daraz,0,E-Com,,
Done,Nove24,9-Nov,Xiaomi TV A Pro 43 Inch,5,36990,184950,KS Electronics,"Shop: H 20, Gate 5, Baitul Mukarram Super Market, Dhaka",8801842261648,,,,Self Delivery,,0,0116 - Toukir Ahmed,,
Done,Nove24,9-Nov,Xiaomi TV A Pro 55 Inch,2,54590,109180,Mojumder electronics ,"Shomobay Super market.. Ssk road, sador,Feni",8801712979390,G.S Game Spot,01771977801,01771977801,Self Pick,,,0107 - Tanjil Hossain,,
Done,Nove24,9-Nov,Xiaomi TV A Pro 43 Inch,5,36990,184950,Mustafa Electronics,"SA Tower, 101, Dholairpar, Dhaka",8801910186090,,,,Self Delivery,,0,0116 - Toukir Ahmed,,
Done,Nove24,9-Nov,Xiaomi TV A Pro 43 Inch,8,36990,295920,Success Computer & Engeneering ,"112,113,114,Aloka nodi bangla, Rambabu road,Mymensingh ",8801711682184,Mr:Shakil,"Mazar road,mouchak, kaliakoir,gazipur.",01967945122,Self Delivery,Plz ensure delivery in self transport. ,,0112 - Ahasanul Kabir,,
Done,Nove24,10-Nov,Xiaomi TV A Pro 43 Inch,5,36990,184950,Amin Smart LED Zone,"Shop: 1, Level: 2, Omar Tower, Ajompur Railgate, Uttara, Dhaka",8801908668577,,,,Self Delivery,,,0035 - Md.Rejaul Islam Sujon,,
Done,Nove24,10-Nov,Xiaomi TV A Pro 43 Inch,10,36000,360000,Star Tech & Engineering Limited,"6th floor, 28 Kazi Nazrul Islam Ave,Navana Zohura Square, Dhaka 1000.",8801709995415,,,,Self Delivery,,0,B2B,,
Done,Nove24,10-Nov,Xiaomi TV A Pro 55 Inch,10,53800,538000,Star Tech & Engineering Limited,"6th floor, 28 Kazi Nazrul Islam Ave,Navana Zohura Square, Dhaka 1000.",8801709995415,,,,Self Delivery,,0,B2B,,
Done,Nove24,10-Nov,Xiaomi TV A Pro 55 Inch,1,54590,54590,National Electronics ,"Fatema Plaza, Chawrongi bazar Gopalgonj.",8801714065626,Liton Chowdhury,"Shahjalal Housing LTD. House No: 14 Road No: 01 Bosila Road, (Nearby SPBN Barrack) Mohammadpur, Dhaka-1207",01717820195,No Preference,"Home delivery kore installation kore diye ashte hbe . Tv price 54,590/ + installation cost :500/- 
Total : 55,090/- bank e dicche ",00,0031 - Adnan Billah,,
Done,Nove24,10-Nov,"Xiaomi TV A 43"" FHD 2025",5,29990,149950,Tv Ghar ,Kadam Tola More Demra Dhaka ,8801911567808,,,,Self Delivery,,00,0023 - Abdur Rahman,,
Done,Nove24,10-Nov,Xiaomi TV A Pro 55 Inch,1,54590,54590,Electro Mind,"Bus-stand, sadar,Meherpur ",8801714948828,,,,Sundarban,,,0026 - Ohidul Islam,,
Done,Nove24,11-Nov,Mi Smart Scale 2,2,2550,5100,Daraz,"Asfia tower - 76, Road-11, Block-E,  Banani ",8801847420050,daraz,daraz,daraz,Self Delivery,daraz,0,E-Com,,
Done,Nove24,11-Nov,Xiaomi TV A Pro 43 Inch,2,38900,77800,Daraz,"Asfia tower - 76, Road-11, Block-E,  Banani ",8801847420050,daraz,daraz,daraz,Self Delivery,daraz,0,E-Com,,
Done,Nove24,11-Nov,Xiaomi Monitor A22i,4,8450,33800,Daraz,"Asfia tower - 76, Road-11, Block-E,  Banani ",8801847420050,daraz,daraz,daraz,Self Delivery,daraz,0,E-Com,,
Done,Nove24,11-Nov,Xiaomi Wireless Keyboard and Mouse Combo,2,2150,4300,Daraz,"Asfia tower - 76, Road-11, Block-E,  Banani ",8801847420050,daraz,daraz,daraz,Self Delivery,daraz,0,E-Com,,
Done,Nove24,11-Nov,Mi 23.8'' Desktop Monitor 1C,4,11820,47280,Daraz,"Asfia tower - 76, Road-11, Block-E,  Banani ",8801847420050,daraz,daraz,daraz,Self Delivery,daraz,0,E-Com,,
Done,Nove24,11-Nov,Mi Dual Mode Wireless Mouse Silent Edition,2,899,1798,Daraz,"Asfia tower - 76, Road-11, Block-E,  Banani ",8801847420050,daraz,daraz,daraz,Self Delivery,daraz,0,E-Com,,
Done,Nove24,11-Nov,Xiaomi TV A Pro 43 Inch,2,36990,73980,Brand Bazaar ,Happy Arcadia Shopping Malls ,8801711903044,,,,Self Delivery,,,0033 - Imran Hossain - DHK,,
Done,Nove24,11-Nov,Xiaomi TV A Pro 55 Inch,3,54590,163770,Brand Bazaar ,Happy Arcadia shopping malls ,8801711903044,,,,Self Delivery,,,0033 - Imran Hossain - DHK,,
Done,Nove24,11-Nov,Xiaomi TV A Pro 55 Inch,5,54590,272950,New Friends Electronics,"Shop: 29, Bongobondhu National Stadium Market, Dhaka",8801701395334,,,,No Preference,,0,0116 - Toukir Ahmed,,
Done,Nove24,11-Nov,Xiaomi TV A Pro 43 Inch,4,36990,147960,World Electronic ,"Beside Serebangla Ideal School, Hakkani Mosjid 2nd floor,Polashpur Donia Sonirakhra ",8801718244366,,,,No Preference,,00,0023 - Abdur Rahman,,
Done,Nove24,11-Nov,Xiaomi TV A Pro 55 Inch,1,54590,54590,World Electronic ,"Beside Serebangla Ideal School, Hakkani Mosjid 2nd floor,Polashpur Donia",8801718244366,,,,No Preference,,,0023 - Abdur Rahman,,
Done,Nove24,11-Nov,Mi Smart Scale 2,2,2450,4900,Amaya Industries,Amaya Industries HQ,8801753919191,,,,No Preference,,0,B2B,,
Cancelation,Nove24,12-Nov,Xiaomi Monitor A22i,,,0,Daraz,"Asfia tower - 76, Road-11, Block-E,  Banani ",8801847420050,daraz,daraz,daraz,Self Delivery,daraz,0,E-Com,,
Done,Nove24,12-Nov,Xiaomi TV A Pro 43 Inch,2,38900,77800,Daraz,"Asfia tower - 76, Road-11, Block-E,  Banani ",8801847420050,daraz,daraz,daraz,Self Delivery,daraz,0,E-Com,,
Done,Nove24,12-Nov,Xiaomi TV A Pro 32 Inch,10,20990,209900,Vision Electronics ,Ctg,880184982 2622,,,,No Preference,,,0070 - Tamal Roy,,
Done,Nove24,12-Nov,Mi 23.8'' Desktop Monitor 1C,11,11820,130020,Daraz,"Asfia tower - 76, Road-11, Block-E,  Banani ",8801847420050,daraz,daraz,daraz,Self Delivery,daraz,0,E-Com,,
Done,Nove24,12-Nov,Xiaomi Mijia Gel Ink Pen (10 Pcs),5,590,2950,Daraz,"Asfia tower - 76, Road-11, Block-E,  Banani ",8801847420050,daraz,daraz,daraz,Self Delivery,daraz,0,E-Com,,
Done,Nove24,12-Nov,Mi Smart Scale 2,2,2550,5100,Daraz,"Asfia tower - 76, Road-11, Block-E,  Banani ",8801847420050,daraz,daraz,daraz,Self Delivery,daraz,0,E-Com,,
Done,Nove24,12-Nov,Mi Dual Mode Wireless Mouse Silent Edition,4,899,3596,Daraz,"Asfia tower - 76, Road-11, Block-E,  Banani ",8801847420050,daraz,daraz,daraz,Self Delivery,daraz,0,E-Com,,
Done,Nove24,12-Nov,Mi Jumbo Gel Ink Pen,2,545,1090,Daraz,"Asfia tower - 76, Road-11, Block-E,  Banani ",8801847420050,daraz,daraz,daraz,Self Delivery,daraz,0,E-Com,,
Done,Nove24,12-Nov,Xiaomi TV A Pro 32 Inch,20,20990,419800,FM Electronics,"Rifle Club, Nandan Kanon, Chittagong.",8801824946334,,,,No Preference,,,0025 - Imran Hossain - CTG,,
Done,Nove24,12-Nov,Xiaomi Wireless Keyboard and Mouse Combo,3,2084,6252,Daraz,"Asfia tower - 76, Road-11, Block-E,  Banani ",8801847420050,daraz,daraz,daraz,Self Delivery,daraz,0,E-Com,,
Done,Nove24,12-Nov,Xiaomi TV A Pro 32 Inch,2,20990,41980,Samsung Electronics Mart,"CB - 288, Tamanna Complex, Kochukhet, Dhaka Cantonment",8801735025695,,,,Self Delivery,,,0035 - Md.Rejaul Islam Sujon,,
Done,Nove24,12-Nov,Xiaomi TV A Pro 43 Inch,2,36990,73980,Samsung Electronics Mart,"CB - 288, Tamanna Complex, Kochukhet, Dhaka Cantonment",8801735025695,,,,Self Delivery,,,0035 - Md.Rejaul Islam Sujon,,
Done,Nove24,12-Nov,Xiaomi TV A Pro 32 Inch,2,20990,41980,Ayat Electronics,Masjid Road Lal Mohon Bhola ,8801977-008384,Nill,Nill,Nill,No Preference,Only Shawdagor e diben ekhane ar kono courier nai .,00,0031 - Adnan Billah,,
Done,Nove24,12-Nov,Xiaomi TV A Pro 32 Inch,1,20990,20990,Bangladesh Telecom Plus ,"Joaddar plaza , Badur total Chuadanga Sadar , Chuadanga.",8801707858382,Nill,Nill,Nill,Sundarban,,00,0031 - Adnan Billah,,
Done,Nove24,12-Nov,Xiaomi TV A Pro 32 Inch,1,20990,20990,TV Bazar ,Dhanmondi ,8801881584115,Desh Radio,Manikganj ,8801611615529,Sundarban,Payment  advanced have in his ledger,,0033 - Imran Hossain - DHK,,
Done,Nove24,12-Nov,Xiaomi TV A Pro 32 Inch,3,20990,62970,Wholesale Electronic Narayanganj ,Apurbo tower uttor chasara Narayanganj ,8801888111146,,,,No Preference,,420000,0023 - Abdur Rahman,,
Done,Nove24,12-Nov,"Xiaomi TV A Pro 43"" QLED 2025",2,40990,81980,Wholesale Electronic Narayanganj ,Apurbo tower uttor chasara Narayanganj  ,8801888018887,,,,No Preference,,420000,0023 - Abdur Rahman,,
Done,Nove24,12-Nov,Xiaomi TV A Pro 32 Inch,4,20990,83960,Kailash electronics ,"Dorgah Gate,Sylhet",8801303309817,,,,Sundarban,,,0094 - Shaharia Khan,,
Done,Nove24,12-Nov,"Xiaomi TV A Pro 43"" QLED 2025",1,40990,40990,Archy Electronic ,Shop-17 Narayanganj Club Market BB Road Narayanganj Sadar,8801973332816,,,,No Preference,,,0023 - Abdur Rahman,,
Done,Nove24,12-Nov,Xiaomi TV A Pro 32 Inch,3,20990,62970,Archy Electronic ,shop-17 Club Market BB road Narayanganj ,8801973332816,,,,No Preference,,163550,0023 - Abdur Rahman,,
Done,Nove24,12-Nov,"Xiaomi TV A Pro 43"" QLED 2025",2,40990,81980,Sheba Electronics ,"Shop: 620, Level:5, Rajuk Commercial Market, Uttara",8801745308008,,,,Self Delivery,,,0035 - Md.Rejaul Islam Sujon,,
Done,Nove24,12-Nov,Xiaomi TV A Pro 32 Inch,1,20990,20990,Shohan Electronics ,Hard Metal Gallery Dakbangla Khulna ,8801726728024,Nahid,"১৩, dharmoshava cross road  Khulna ",1684077733,Sundarban,,00,0031 - Adnan Billah,,
Done,Nove24,12-Nov,Xiaomi Mijia Gel Ink Pen (10 Pcs),1,590,590,OnnoRokom Web Services Ltd,"2/1/E, Eden Center, Arambag, Motijheel, Dhaka-1000",8801708166273,,,,No Preference,,0,E-Com,,
Done,Nove24,12-Nov,A2 18K VIOMI AC Split (Non-Inverter) 1.5 Ton,2,45000,90000,SS Traders,"Padma Abasik-3,Vodra Rajshahi. ",8801711397879,,,,Self Delivery,,0,0019 - Hafizur Rahman,,
Done,Nove24,12-Nov,Xiaomi TV A Pro 32 Inch,5,20990,104950,Sofiq electronics,"Modhukhali, Faridpur ",8801705033553,,,,Sundarban,,,0026 - Ohidul Islam,,
Done,Nove24,12-Nov,Xiaomi TV A Pro 32 Inch,10,20990,209900,BN Electronics ,"Shop: E 11&12, Gate 4, Baitul Mukarram Super Market, Dhaka",8801932743355,,,,Self Delivery,,0,0116 - Toukir Ahmed,,
Done,Nove24,12-Nov,"Xiaomi TV A Pro 43"" QLED 2025",2,40990,81980,BN Electronics ,"Shop: E 11&12, Gate 4, Baitul Mukarram Super Market, Dhaka",8801932743355,,,,Self Delivery,,0,0116 - Toukir Ahmed,,
Done,Nove24,12-Nov,Xiaomi TV A Pro 32 Inch,5,20990,104950,KS Electronics,"Shop: H 20, Gate 5, Baitul Mukarram Super Market, Dhaka",8801842261648,,,,Self Delivery,,0,0116 - Toukir Ahmed,,
Done,Nove24,12-Nov,Xiaomi TV A Pro 32 Inch,6,20990,125940,Shohan Electronics ,Hard Metal Gallery Dakbangla Khulna ,8801726728024,Nill,Nill,Nil,AJR,,00,0031 - Adnan Billah,,
Done,Nove24,12-Nov,"Xiaomi TV A Pro 43"" QLED 2025",1,40990,40990,KS Electronics,"Shop: H 20, Gate 5, Baitul Mukarram Super Market, Dhaka",8801842261648,,,,No Preference,,0,0116 - Toukir Ahmed,,
Done,Nove24,12-Nov,Xiaomi TV A Pro 32 Inch,5,20990,104950,New Friends Electronics,"Shop: 29, Bongobondhu National Stadium Market, Dhaka",8801701395334,,,,Self Delivery,,0,0116 - Toukir Ahmed,,
Done,Nove24,12-Nov,"Xiaomi TV A Pro 43"" QLED 2025",1,40990,40990,Shohan Electronics ,Hard Metal Gallery Dakbangla Khulna ,8801726728024,Nill,Nill,Nill,AJR,,00,0031 - Adnan Billah,,
Done,Nove24,12-Nov,"Xiaomi TV A Pro 43"" QLED 2025",8,40990,327920,FM Electronics,"Rifle Club, Nandan Kanon, Chittagong.",0,,,,No Preference,,,0025 - Imran Hossain - CTG,,
Done,Nove24,12-Nov,"Xiaomi TV A Pro 43"" QLED 2025",2,40990,81980,New Friends Electronics,"Shop: 29, Bongobondhu National Stadium Market, Dhaka",8801701395334,,,,Self Delivery,,0,0116 - Toukir Ahmed,,
Done,Nove24,12-Nov,Xiaomi TV A Pro 32 Inch,5,20990,104950,N.B Electronics ,"Sholoshohor, Nasirabad, Chittagong ",8801720189210,,,,No Preference,,000,0070 - Tamal Roy,,
Done,Nove24,12-Nov,Xiaomi TV A Pro 32 Inch,5,20990,104950,Sony Bravia Electronics,"70/A, Bangabandhu National Stadium, Dhaka",8801810040859,,,,Self Delivery,,0,0116 - Toukir Ahmed,,
Done,Nove24,12-Nov,"Xiaomi TV A Pro 43"" QLED 2025",2,40990,81980,N.B Electronics ,"Sholoshohor, Nasirabad, Chittagong ",8801720189210,,,,No Preference,,00,0070 - Tamal Roy,,
Done,Nove24,12-Nov,"Xiaomi TV A Pro 43"" QLED 2025",2,40990,81980,Bj Electronics,Ctg,0,,,,No Preference,,,0025 - Imran Hossain - CTG,,
Done,Nove24,12-Nov,Xiaomi TV A Pro 32 Inch,1,20990,20990,Electronics Mart ,"Sadar,Rajbari ",8801775205555,Shuvo,"Kobori Road,sadar,Chuadanga ",8801712858604,Sundarban,,,0026 - Ohidul Islam,,
Done,Nove24,12-Nov,Xiaomi TV A Pro 32 Inch,2,20990,41980,Electronics Mart ,"Sadar,Rajbari ",8801775205555,,,,Sundarban,,,0026 - Ohidul Islam,,
Done,Nove24,12-Nov,"Xiaomi TV A Pro 43"" QLED 2025",1,40990,40990,Electronics Mart ,"Sadar,Rajbari ",8801775205555,,,,Sundarban,,,0026 - Ohidul Islam,,
Done,Nove24,12-Nov,Xiaomi TV A Pro 43 Inch,2,36990,73980,Electronics Mart ,"Sadar,Rajbari ",8801775205555,,,,Sundarban,,,0026 - Ohidul Islam,,
Done,Nove24,12-Nov,Xiaomi TV A Pro 43 Inch,2,36990,73980,National Electronics ,"Fatema Plaza, Chawrongi bazar Gopalgonj.",8801714065626,Nill,Nill,Nill,Sundarban,,00,0031 - Adnan Billah,,
Done,Nove24,12-Nov,"Xiaomi TV A Pro 43"" QLED 2025",1,40990,40990,National Electronics ,"Fatema Plaza, Chawrongi bazar Gopalgonj.",8801714065626,Nill,Nill,Nill,Sundarban,,00,0031 - Adnan Billah,,
Done,Nove24,12-Nov,Xiaomi TV A Pro 32 Inch,10,20990,209900,Aman Enterprise ,"Amin Bazar, laguna stand, Hazi Kafil Uddin Market",8801725705705,,,,Self Delivery,,,0033 - Imran Hossain - DHK,,
Done,Nove24,12-Nov,Xiaomi TV A Pro 43 Inch,2,36990,73980,Aman Enterprise ,"Amin Bazar, leguna Stand, Hazi Kafil uddin market",8801725705705,,,,Self Delivery,,,0033 - Imran Hossain - DHK,,
Done,Nove24,12-Nov,"Xiaomi TV A Pro 43"" QLED 2025",5,40990,204950,Aman Enterprise ,"Amin Bazar, leguna stand, Hazi Kafil Uddin market",8801725705705,,,,Self Delivery,,,0033 - Imran Hossain - DHK,,
Done,Nove24,12-Nov,Mi Smart Scale 2,1,2490,2490,Imran Hossain,"Sundarban Courier,Bandarban Branch.",8801865929019,,,,Sundarban,,,0025 - Imran Hossain - CTG,,
Done,Nove24,12-Nov,Xiaomi TV A Pro 32 Inch,1,20990,20990,Swopno electronics ,"Mymensingh road,Tangail Sadar",8801755990400,,,,Sundarban,"Swopno electronics. 
Total order 01 pcs 32"" A pro Tv",,0112 - Ahasanul Kabir,,
Done,Nove24,13-Nov,Xiaomi TV A Pro 43 Inch,1,38900,38900,Daraz,"Asfia tower - 76, Road-11, Block-E,  Banani ",8801847420050,daraz,daraz,daraz,Self Delivery,daraz,0,E-Com,,
Done,Nove24,13-Nov,Mi 23.8'' Desktop Monitor 1C,5,11820,59100,Daraz,"Asfia tower - 76, Road-11, Block-E,  Banani ",8801847420050,daraz,daraz,daraz,Self Delivery,daraz,0,E-Com,,
Done,Nove24,13-Nov,Xiaomi Mijia Gel Ink Pen (10 Pcs),1,590,590,Daraz,"Asfia tower - 76, Road-11, Block-E,  Banani ",8801847420050,daraz,daraz,daraz,Self Delivery,daraz,0,E-Com,,
Done,Nove24,13-Nov,Mi Dual Mode Wireless Mouse Silent Edition,1,899,899,Daraz,"Asfia tower - 76, Road-11, Block-E,  Banani ",8801847420050,daraz,daraz,daraz,Self Delivery,daraz,0,E-Com,,
Done,Nove24,13-Nov,"Xiaomi TV A Pro 43"" QLED 2025",1,40990,40990,Shohan Electronics ,Hard metal gallery Dakbangla Khulna ,8801726728024,Mahmud ,Eden market Jessore Sadar ,+880 19 1648 7048,Sundarban,,00,0031 - Adnan Billah,,
Done,Nove24,13-Nov,Xiaomi TV A Pro 43 Inch,1,36990,36990,Mojumder electronics ,Shomobay Super market. Ssk road. Sador.Feni,8801712979390,Kashfia jahan.,House 227.Block A.Road no 11.Tinshed Colony.Mirpur 13.Dhaka 1216,01758576166,Self Delivery,,,0107 - Tanjil Hossain,,
Done,Nove24,13-Nov,Xiaomi TV A Pro 32 Inch,5,20990,104950,Dhali Electronics ,"56 Sreepalli NurJahan Plaza,Bangabandhu Shek mujib Road,Munshiganj Sadar",8801933228008,,,,No Preference,,104950,0023 - Abdur Rahman,,
Done,Nove24,13-Nov,Xiaomi TV A Pro 43 Inch,3,36990,110970,The Brand Shop,"Uttara, Ajompur ",8801619638670,,,,Self Delivery,Saiful boss order. Product return from SS Electronics ,,0035 - Md.Rejaul Islam Sujon,,
Done,Nove24,13-Nov,Xiaomi TV A Pro 55 Inch,2,54590,109180,The Brand Shop,"Uttara, Ajompur ",8801619638670,,,,Self Delivery,Saiful boss order. Product return from SS Electronics ,,0035 - Md.Rejaul Islam Sujon,,
Done,Nove24,13-Nov,Xiaomi TV A Pro 32 Inch,4,20990,83960,Sinthia Electronics,"Sherpur bus stand, Sherpur, Bogura",8801711128606,,,,Sundarban,,,0019 - Hafizur Rahman,,
Cancelation,Nove24,13-Nov,Xiaomi TV A Pro 32 Inch,,,0,Sinthia Electronics,"Sherpur bus stand, Sherpur, Bogura",8801711128606,,,,Sundarban,,,0019 - Hafizur Rahman,,
Done,Nove24,13-Nov,"Xiaomi TV A Pro 43"" QLED 2025",1,40990,40990,Sinthia Electronics,"Sherpur bus stand, Sherpur, Sirajganj ",8801711128606,,,,Sundarban,Ledger advance ,,0019 - Hafizur Rahman,,
Done,Nove24,13-Nov,Xiaomi TV A Pro 32 Inch,2,20990,41980,Electra Hub,"Gha -99/3, Pragati Sarani, Middle Badda, Dhaka",8801700647916,,,,Self Delivery,,,0035 - Md.Rejaul Islam Sujon,,
Done,Nove24,13-Nov,Xiaomi TV A Pro 43 Inch,2,36990,73980,Electra Hub,Badda,8801700647916,,,,Self Delivery,,,0035 - Md.Rejaul Islam Sujon,,
Done,Nove24,13-Nov,"Xiaomi TV A Pro 43"" QLED 2025",2,40990,81980,Electra Hub,Badda,8801700647916,,,,Self Delivery,,,0035 - Md.Rejaul Islam Sujon,,
Done,Nove24,13-Nov,Xiaomi TV A Pro 32 Inch,4,20990,83960,TV Bazar ,Multiplane ,8801881584115,,,,Self Delivery,,,0033 - Imran Hossain - DHK,,
Done,Nove24,13-Nov,Xiaomi TV A Pro 32 Inch,10,20490,204900,Jitu,"Elephant road, Dhaka",8801723863710,,,,No Preference,,0,0033 - Imran Hossain - DHK,,
Done,Nove24,13-Nov,Xiaomi TV A Pro 32 Inch,6,20990,125940,Mollick electronics ,"Jibonnagor, Chuadanga ",8801922487846,,,,Sundarban,,,0026 - Ohidul Islam,,
Done,Nove24,13-Nov,Xiaomi TV A Pro 32 Inch,5,20990,104950,Juned & Jabed electronics ,"79/A Ali Complex, Pirujpur Bongbir Road, South Surma, Syhlet ",8801715128517,,,,Sundarban,New Delear,,0094 - Shaharia Khan,,
Done,Nove24,13-Nov,"Xiaomi TV A Pro 43"" QLED 2025",2,40990,81980,Smart home appliances ,"Alipur,sadar,Faridpur ",8801318300516,,,,Sundarban,,,0026 - Ohidul Islam,,
Done,Nove24,13-Nov,Xiaomi TV A Pro 32 Inch,4,20990,83960,Smart home appliances ,"Alipur, sadar,Faridpur ",8801318300516,,,,Sundarban,,,0026 - Ohidul Islam,,
Done,Nove24,13-Nov,Xiaomi TV A Pro 32 Inch,5,20990,104950,Brand Bazaar ,Happy Arcadia shopping malls ,8801711903044,,,,Self Delivery,,,0033 - Imran Hossain - DHK,,
Done,Nove24,13-Nov,"Xiaomi TV A Pro 43"" QLED 2025",5,40990,204950,Brand Bazaar ,Happy Arcadia shopping malls ,8801711903044,,,,Self Delivery,,,0033 - Imran Hossain - DHK,,
Done,Nove24,13-Nov,Xiaomi TV A Pro 32 Inch,1,20990,20990,AJ electronics ,"Elenga Bus Stand, Boola Road, kalihati,Tangail ",8801750857606,,,,Sundarban,"Dealer:Aj electronics 
Order:1 pcs Xiaomi A pro 32"" LED Tv",,0112 - Ahasanul Kabir,,
Done,Nove24,13-Nov,Mi Smart Scale 2,3,2450,7350,OnnoRokom Web Services Ltd,"2/1/E, Eden Center, Arambag, Motijheel, Dhaka-1000",8801708166273,,,,Self Delivery,,0,E-Com,,
Done,Nove24,13-Nov,Xiaomi Mijia Gel Ink Pen (10 Pcs),1,590,590,OnnoRokom Web Services Ltd,"2/1/E, Eden Center, Arambag, Motijheel, Dhaka-1000",8801708166273,,,,Self Delivery,,0,E-Com,,
Done,Nove24,13-Nov,Xiaomi TV A Pro 32 Inch,10,19990,199900,Chowdhury Electronics ,Alpona Plaza ,8801710549774,,,,Self Delivery,,,0033 - Imran Hossain - DHK,,
Done,Nove24,13-Nov,"Xiaomi TV A Pro 43"" QLED 2025",3,39500,118500,Chowdhury Electronics ,Alpona Plaza ,8801710549774,,,,Self Delivery,,,0033 - Imran Hossain - DHK,,
Done,Nove24,13-Nov,Xiaomi TV A Pro 55 Inch,1,54590,54590,Mi store Anonna Telecom ,Sadar Joypurhat ,8801979466789,,,,Sundarban,,,0019 - Hafizur Rahman,,
Done,Nove24,13-Nov,Xiaomi TV A Pro 32 Inch,3,20990,62970,Esha Electronics ,"Shah Amanat City Corporation Super Market (1st Floor), Jubilee Road, Chittagong",8801716548281,,,,No Preference,,00,0070 - Tamal Roy,,
Done,Nove24,13-Nov,"Xiaomi TV A Pro 43"" QLED 2025",2,40990,81980,Esha Electronics ,"Shah Amanat City Corporation Super Market (1st Floor), Jubilee Road, Chittagong",8801716548281,,,,No Preference,,00,0070 - Tamal Roy,,
Done,Nove24,13-Nov,Xiaomi TV A Pro 43 Inch,2,36990,73980,Esha Electronics ,"Shah Amanat City Corporation Super Market (1st Floor), Jubilee Road, Chittagong",8801716548281,,,,No Preference,,00,0070 - Tamal Roy,,
Done,Nove24,13-Nov,Mi Smart Air Fryer 3.5L,1,8990,8990,Star Tech & Engineering Limited,"6th floor, 28 Kazi Nazrul Islam Ave,Navana Zohura Square, Dhaka 1000.",8801709995415,,Multiplan,,No Preference,,0,B2B,,
Done,Nove24,14-Nov,Xiaomi TV A Pro 32 Inch,5,20990,104950,Shamim Electronics ,"North Side of desco, Jolladkhana, Mirpur 10",8801999949933,,,,Self Delivery,,,0035 - Md.Rejaul Islam Sujon,,
Done,Nove24,14-Nov,Mi Smart Scale 2,2,2550,5100,Daraz,"Asfia tower - 76, Road-11, Block-E,  Banani ",8801847420050,daraz,daraz,daraz,Self Delivery,daraz,0,E-Com,,
Done,Nove24,14-Nov,Xiaomi Mijia Gel Ink Pen (10 Pcs),2,590,1180,Daraz,"Asfia tower - 76, Road-11, Block-E,  Banani ",8801847420050,daraz,daraz,daraz,Self Delivery,daraz,0,E-Com,,
Done,Nove24,14-Nov,Mi 23.8'' Desktop Monitor 1C,2,11820,23640,Daraz,"Asfia tower - 76, Road-11, Block-E,  Banani ",8801847420050,daraz,daraz,daraz,Self Delivery,daraz,0,E-Com,,
Done,Nove24,14-Nov,Xiaomi Rechargeable Mini Fan,1,2200,2200,Daraz,"Asfia tower - 76, Road-11, Block-E,  Banani ",8801847420050,daraz,daraz,daraz,Self Delivery,daraz,0,E-Com,,
Done,Nove24,14-Nov,Mi Dual Mode Wireless Mouse Silent Edition,1,899,899,Daraz,"Asfia tower - 76, Road-11, Block-E,  Banani ",8801847420050,daraz,daraz,daraz,Self Delivery,daraz,0,E-Com,,
Done,Nove24,14-Nov,"Xiaomi TV A Pro 43"" QLED 2025",2,40990,81980,Techno Electronics ,Ctg,0,,,,Sundarban,,,0025 - Imran Hossain - CTG,,
Done,Nove24,14-Nov,Xiaomi TV A Pro 32 Inch,2,20990,41980,Techno Electronics ,Ctg,0,,,,Sundarban,,,0025 - Imran Hossain - CTG,,
Done,Nove24,14-Nov,Xiaomi TV A Pro 32 Inch,2,20990,41980,Amin Smart LED Zone,"Shop: 508, Level: 4, Mascot Plaza ",8801715238629,,,,Self Delivery,,,0035 - Md.Rejaul Islam Sujon,,
Done,Nove24,14-Nov,Xiaomi TV A Pro 32 Inch,2,20990,41980,Digital Square ,"House: 7, Darussalam Road, Mirpur 1, Dhaka Mirpur, Dhaka, 1216",8801712992828,,,,Self Delivery,,,0035 - Md.Rejaul Islam Sujon,,
Done,Nove24,14-Nov,"Xiaomi TV A Pro 43"" QLED 2025",1,40990,40990,Digital Square ,"House: 7, Darussalam Road, Mirpur 1, Dhaka Mirpur, Dhaka, 1216
",8801712992828,,,,Self Delivery,,,0035 - Md.Rejaul Islam Sujon,,
Done,Nove24,14-Nov,Xiaomi TV A Pro 32 Inch,10,19990,199900,Jahidul Electronics ,Kanchon Bazar Rupganj ,8801716738591,Gawsia Electronics By G Tech,Gawsia Rupganj Narayanganj ,01841-222241,No Preference,Check Collect ,215900,0023 - Abdur Rahman,,
Done,Nove24,14-Nov,Xiaomi TV A Pro 32 Inch,2,20990,41980,Sheba Electronics ,"Shop: 620, Level: 5, Rajuk commercial market, uttara",8801712992828,,,,Self Delivery,,,0035 - Md.Rejaul Islam Sujon,,
Done,Nove24,14-Nov,Xiaomi TV A Pro 43 Inch,3,36990,110970,Rana Electronics,"BS Tower, 63 Horonathgosh Road, Lalbagh, Dhaka",8801944922422,,,,Self Delivery,,0,0116 - Toukir Ahmed,,
Done,Nove24,14-Nov,Xiaomi TV A Pro 55 Inch,1,54590,54590,Rana Electronics,"BS Tower, 63 Horonathgosh Road, Lalbagh, Dhaka",8801944922422,,,,Self Delivery,,0,E-Com,,
Done,Nove24,14-Nov,"Xiaomi TV A Pro 43"" QLED 2025",1,40990,40990,Rana Electronics,"BS Tower, 63 Horonathgosh Road, Lalbagh, Dhaka",8801944922422,,,,Self Delivery,,0,0116 - Toukir Ahmed,,
Done,Nove24,14-Nov,Mi Dual Mode Wireless Mouse Silent Edition,1,1140,1140,Gadget & Gear (E-Com),"Police Plaza Concord (Tower 2), Gulshan 1, Dhaka 1212.",8801318236986,,,,No Preference,,0,E-Com,,
Done,Nove24,14-Nov,Xiaomi TV A Pro 32 Inch,2,20990,41980,Lahmi Labiba Electronics ,"East side of ghatail zame masjid,Ghatail",01641965985 01712188230,,,,Sundarban,Plz proceed Home delivery in ghatail upozilla,,0112 - Ahasanul Kabir,,
Done,Nove24,14-Nov,Xiaomi TV A Pro 43 Inch,1,36990,36990,Lahmi Labiba electronics ,"East side of Ghatail jame masjid,ghatail",01641965985 01712188230,,,,Sundarban,Plz proceed home delivery in ghatail upozila,,0112 - Ahasanul Kabir,,
Done,Nove24,14-Nov,"Xiaomi TV A Pro 43"" QLED 2025",2,40990,81980,Super electronics 2,"1st floor Latif Center, Zindabazar, Sylhet.",8801712124747,,,,Sundarban,,,0094 - Shaharia Khan,,
Done,Nove24,14-Nov,"Xiaomi TV A Pro 43"" QLED 2025",1,40990,40990,"Mi Store, Smart Cafe ","City Corporation Market (Ground Floor), New Market, Chittagong ",8801677009456,,,,Sundarban,Note : Make Sure Home Delivery.,00,0070 - Tamal Roy,,
Done,Nove24,14-Nov,Xiaomi TV A Pro 32 Inch,2,20990,41980,Super electronics 2,"1st floor Latif Center, Zindabazar, Sylhet.",8801712124747,,,,Sundarban,,,0094 - Shaharia Khan,,
Done,Nove24,14-Nov,"Xiaomi TV A Pro 43"" QLED 2025",2,40990,81980,Shetu Electronics ,"Boro Bazar, sadar,Chuadanga ",8801917936668,,,,Sundarban,,,0026 - Ohidul Islam,,
Done,Nove24,14-Nov,Xiaomi TV A Pro 32 Inch,2,20990,41980,Shetu Electronics ,"Boro Bazar, sadar,Chuadanga ",8801917936668,,,,Sundarban,,,0026 - Ohidul Islam,,
Done,Nove24,14-Nov,"Xiaomi TV A Pro 43"" QLED 2025",5,40990,204950,Mahatir Electronics ,"Khan Tower, Station Road, Gowranga Bazar, Kishoreganj 

",8801708601007,,,,Sundarban,Plz proceed home delivery in Sundarban ,,0094 - Shaharia Khan,,
Done,Nove24,14-Nov,Xiaomi TV A Pro 32 Inch,1,20490,20490,Jitu,"Elephant road, Dhaka",8801723863710,,,,Self Delivery,,0,0033 - Imran Hossain - DHK,,
Done,Nove24,14-Nov,Xiaomi TV A Pro 43 Inch,10,35490,354900,Jitu,"Elephant road, Dhaka",8801723863710,,,,Self Delivery,,0,0033 - Imran Hossain - DHK,,
Done,Nove24,16-Nov,"Xiaomi TV A Pro 43"" QLED 2025",1,40990,40990,Zahirul Islam ,"Holding 70/1, Ovijan-, 217, Mokdum Munshi Road, South Auchpara, Tongi, Gazipur.",8801717400681,,,,No Preference,Xiaomi Mujib bhai order,,B2B,,
Done,Nove24,16-Nov,Xiaomi TV A Pro 32 Inch,1,20990,20990,Sheba Electronics ,Uttara,8801745308008,Lotif Electronics ,"Siddiq Shopping complex, Mouchak, Kaliakoir, Gazipur ",01704700545,Sundarban,,,0035 - Md.Rejaul Islam Sujon,,
Done,Nove24,16-Nov,Xiaomi TV A Pro 43 Inch,1,36990,36990,Brothers Electronics,"Shop: 11, Kaptan Bazar Complex, Building 2, Nobabpur Road, Dhaka",8801924537055,,,,No Preference,Order submited by Mohoshin,0,0116 - Toukir Ahmed,,
Done,Nove24,16-Nov,Xiaomi TV A Pro 55 Inch,2,54590,109180,RM Electronics,"P94, Bus Stand Road, Gulzarbag, Zinzira, Keraniganj, Dhaka.",8801981520257,,,,No Preference,Ordered by mohosin,109180,0116 - Toukir Ahmed,,
Done,Nove24,16-Nov,"Xiaomi TV A Pro 43"" QLED 2025",1,40990,40990,Brothers Electronics,"Shop: 11, Kaptan Bazar Complex, Building 2, Nobabpur Road, Dhak",8801924537055,,,,No Preference,,0,0116 - Toukir Ahmed,,
Done,Nove24,17-Nov,Xiaomi TV A Pro 43 Inch,10,36990,369900,BN Electronics ,"Shop: E 11&12, Gate 4, Baitul Mukarram Super Market, Dhaka",8801932743355,,,,No Preference,,369900,0116 - Toukir Ahmed,,
Done,Nove24,17-Nov,Xiaomi TV A Pro 43 Inch,2,36990,73980,Ratul Electronics,"120, Siddik Bazar, Afzal Siddik Road, Dhaka.",8801676151051,,,,No Preference,,0,0116 - Toukir Ahmed,,
Done,Nove24,17-Nov,Xiaomi TV A Pro 55 Inch,1,54590,54590,Ratul Electronics,"120, Siddik Bazar, Afzal Siddik Road, Dhaka.",8801676151051,,,,No Preference,,0,0116 - Toukir Ahmed,,
Cancelation,Nove24,17-Nov,A2 12K VIOMI AC Split (Non-Inverter) 1 Ton,1,35500,35500,Ratul Electronics ,"120, Siddik Bazar, Afzal Siddik Road, Dhaka.",01676151051,,,,No Preference,,0,0116 - Toukir Ahmed,,
Cancelation,Nove24,17-Nov,A2 18K VIOMI AC Split (Non-Inverter) 1.5 Ton,1,43500,43500,Ratul Electronics,"120, Siddik Bazar, Afzal Siddik Road, Dhaka.",01676151051,,,,No Preference,,0,0116 - Toukir Ahmed,,
Done,Nove24,17-Nov,Xiaomi Mijia Gel Ink Pen (10 Pcs),1,590,590,Daraz,"Asfia tower - 76, Road-11, Block-E,  Banani ",8801847420050,daraz,daraz,daraz,Self Delivery,daraz,0,E-Com,,
Done,Nove24,17-Nov,Redmi Buds 3 Pro,1,3230,3230,Daraz,"Asfia tower - 76, Road-11, Block-E,  Banani ",8801847420050,daraz,daraz,,Self Delivery,daraz,0,E-Com,,
Done,Nove24,16-Nov,Mi 23.8'' Desktop Monitor 1C,3,11820,35460,Daraz,"Asfia tower - 76, Road-11, Block-E,  Banani ",8801847420050,,,,Self Pick,,,E-Com,,
Done,Nove24,16-Nov,Mi Smart Scale 2,3,2550,7650,Daraz,"Asfia tower - 76, Road-11, Block-E,  Banani ",8801847420050,,,,Self Pick,,,E-Com,,
Done,Nove24,16-Nov,Xiaomi Mijia Gel Ink Pen (10 Pcs),2,590,1180,Daraz,"Asfia tower - 76, Road-11, Block-E,  Banani ",8801847420050,,,,Self Pick,,,E-Com,,
Done,Nove24,16-Nov,Redmi Buds 3 Pro,1,3490,3490,Daraz,"Asfia tower - 76, Road-11, Block-E,  Banani ",8801847420050,,,,Self Pick,,,E-Com,,
Done,Nove24,16-Nov,Xiaomi Wireless Keyboard and Mouse Combo,1,2250,2250,Daraz,"Asfia tower - 76, Road-11, Block-E,  Banani ",8801847420050,,,,Self Pick,,0,E-Com,,
Done,Nove24,17-Nov,"Xiaomi TV A Pro 43"" QLED 2025",9,40990,368910,Shera Electronics ,"Shop: 24, Level: 2, Joynal Tower, Joynal Market, Dokkhinkhan, Dhaka",8801923318849,,,,Self Delivery,,,0035 - Md.Rejaul Islam Sujon,,
Done,Nove24,17-Nov,Xiaomi TV A Pro 43 Inch,11,36990,406890,Shera Electronics ,"Shop: 24, Level: 2, Joynal Tower, Joynal Market, Dokkhinkhan, Dhaka",8801923318849,,,,Self Delivery,,,0035 - Md.Rejaul Islam Sujon,,
Done,Nove24,17-Nov,Xiaomi TV A Pro 32 Inch,1,20990,20990,Shetu Electronics ,"Boro Bazar,sadar,Chuadanga ",8801917936668,,,,Sundarban,,,0026 - Ohidul Islam,,
Done,Nove24,17-Nov,Mi 23.8'' Desktop Monitor 1C,1,11820,11820,Daraz,"Asfia tower - 76, Road-11, Block-E,  Banani ",8801847420050,,,,Self Pick,,,E-Com,,
Done,Nove24,18-Nov,Xiaomi TV A Pro 65 Inch,1,73990,73990,Aman Enterprise ,"Mazar Road, 1st colony, Jomidar barir mosjid ar ulta pashe",8801725705705,,,,Self Delivery,,,0033 - Imran Hossain - DHK,Not Imposed,
Done,Nove24,18-Nov,Xiaomi TV A Pro 43 Inch,3,36990,110970,General Enterprise,"91, Bangabandhu National Stadium, Dhaka 1000",8801911225441,,,,No Preference,,,0116 - Toukir Ahmed,,
Done,Nove24,18-Nov,Xiaomi TV A Pro 55 Inch,2,54590,109180,General Enterprise,"91, Bangabandhu National Stadium, Dhaka 1000",8801911225441,,,,No Preference,,0,0116 - Toukir Ahmed,,
Done,Nove24,18-Nov,Xiaomi TV A Pro 65 Inch,2,73990,147980,Aman Enterprise ,"Amin Bazar, leguna Stand,  Hazi Kafil Uddin market",8801725705705,,,,Self Delivery,Paymet advance in his ledger,,0033 - Imran Hossain - DHK,Not Imposed,
Done,Nove24,18-Nov,Xiaomi TV A Pro 65 Inch,1,73990,73990,Aman Enterprise ,Amin Bazar ,8801725705705,Padma Blowing Ltd.,"32/1 Dilu Road, New Eskaton",8801313479675,Self Delivery,,,0033 - Imran Hossain - DHK,Not Imposed,
Done,Nove24,18-Nov,Xiaomi TV A Pro 65 Inch,5,73990,369950,Brand Bazaar ,Happy Arcadia shopping malls ,8801711903044,,,,Self Delivery,,,0033 - Imran Hossain - DHK,Not Imposed,
Done,Nove24,18-Nov,"Xiaomi TV A Pro 43"" QLED 2025",1,40990,40990,জীবেন্দ্র মোহন রায় ,"বাসা নং-৫০৩, (৩য় তলা), বেনীকুন্ড লেন, দত্তবাড়ী, 
বগুড়া সদর,  বগুড়া।",8801772892311,,,,Self Delivery,,0,B2B,,
Done,Nove24,18-Nov,Redmi Buds 3 Pro,1,3230,3230,Daraz,"Asfia tower - 76, Road-11, Block-E,  Banani ",8801847420050,daraz,daraz,daraz,Self Delivery,daraz,0,E-Com,,
Done,Nove24,18-Nov,Xiaomi Mijia Gel Ink Pen (10 Pcs),2,590,1180,Daraz,"Asfia tower - 76, Road-11, Block-E,  Banani ",8801847420050,daraz,daraz,daraz,Self Delivery,daraz,0,E-Com,,
Done,Nove24,18-Nov,Mi 23.8'' Desktop Monitor 1C,50,11000,550000,Nixsole Tech,"Suit #411, 3rd floor, Muktijoddha Haque plaza, Section 1, Mirpur, Dhaka",8801761101567,,,,No Preference,,0,B2B,,
Done,Nove24,18-Nov,Xiaomi Wireless Keyboard and Mouse Combo,1,2150,2150,Daraz,"Asfia tower - 76, Road-11, Block-E,  Banani ",8801847420050,daraz,daraz,daraz,Self Delivery,daraz,0,E-Com,,
Done,Nove24,18-Nov,Xiaomi TV A Pro 43 Inch,1,38900,38900,Daraz,"Asfia tower - 76, Road-11, Block-E,  Banani ",8801847420050,daraz,daraz,daraz,Self Delivery,daraz,0,E-Com,,
Done,Nove24,18-Nov,Xiaomi Wireless Keyboard and Mouse Combo,1,1990,1990,OnnoRokom Web Services Ltd,"2/1/E, Eden Center, Arambag, Motijheel, Dhaka-1000",8801708166273,,,,Self Delivery,,0,E-Com,,
Done,Nove24,18-Nov,Xiaomi TV A Pro 43 Inch,8,36990,295920,Jahidul Electronics ,Kanchon Bazar Rupganj ,8801716738591,,,,No Preference,,,0023 - Abdur Rahman,,
Done,Nove24,18-Nov,Xiaomi TV A Pro 65 Inch,5,72590,362950,Tech Land,Multiplan level - 13,8801647538526,,,,Self Delivery,,,0033 - Imran Hossain - DHK,Not Imposed,
Done,Nove24,18-Nov,Xiaomi TV A Pro 65 Inch,1,73990,73990,Mithun Electronics ,"Kagmari road,Baby stand,Tangail sadar,Tangail",8801777913502,,,,Sundarban,Advance payment his ledger 20 thousands. ,,0112 - Ahasanul Kabir,Done,
Done,Nove24,18-Nov,Xiaomi TV A Pro 65 Inch,1,73990,73990,Success Computer & Engeneering ,"112,113,114 Aloka nodi bangla complex,Mymensingh ",8801711682184,Major Faisal,"SSO,Ramu Cantonment, Cox's bazar",01769102736,Sundarban,Plz proceed delivery in Sundarban ,,0112 - Ahasanul Kabir,Done,
Done,Nove24,18-Nov,Xiaomi TV A Pro 55 Inch,1,54590,54590,Success Computer & Engeneering ,"112,113,114 Aloka nodi Bangla Complex, Mymensingh ",8801711682184,Major Faisal,"SSO,Ramu Cantonment, Cox's Bazar",01769102736,Sundarban,Plz proceed delivery in Sundarban ,,0112 - Ahasanul Kabir,,
Done,Nove24,18-Nov,Xiaomi TV A Pro 65 Inch,5,73990,369950,Star Tech & Engineering Limited,"6th floor, 28 Kazi Nazrul Islam Ave,Navana Zohura Square, Dhaka 1000.",8801709995415,,,,Self Delivery,,0,B2B,Done,
Done,Nove24,18-Nov,Mi 23.8'' Desktop Monitor 1C,1,11000,11000,Chowdhury Electronics ,Alpona Plaza ,8801710549774,,,,Self Delivery,,,0033 - Imran Hossain - DHK,,
Done,Nove24,18-Nov,Xiaomi TV A Pro 32 Inch,6,20990,125940,M/S Ahmad Brothers,"61, KDA Avenue ( Tetul Tola More) khulna ",8801911245590,Nill,Nill,Nill,Sundarban,,00,0031 - Adnan Billah,,
Done,Nove24,18-Nov,A2 18K VIOMI AC Split (Non-Inverter) 1.5 Ton,1,45000,45000,Md. Mohsin khan,"B,baria sadar",8801764220333,,,,Sundarban,,,0094 - Shaharia Khan,,
Done,Nove24,19-Nov,Xiaomi TV A Pro 55 Inch,5,54590,272950,Shamim Electronics ,"Jolladkhana, North side of desco, Mirpur 10",8801999949933,,,,Self Delivery,,,0035 - Md.Rejaul Islam Sujon,,
Done,Nove24,19-Nov,Mi Dual Mode Wireless Mouse Silent Edition,3,899,2697,Daraz,"Asfia tower - 76, Road-11, Block-E,  Banani ",8801847420050,daraz,daraz,daraz,Self Delivery,daraz,0,E-Com,,
Done,Nove24,19-Nov,Mi 23.8'' Desktop Monitor 1C,1,11820,11820,Daraz,"Asfia tower - 76, Road-11, Block-E,  Banani ",8801847420050,daraz,daraz,daraz,Self Delivery,daraz,0,E-Com,,
Done,Nove24,19-Nov,Xiaomi TV A Pro 43 Inch,2,36990,73980,The Best Electronics ,"Khandaker Super Market, Konapara,Demra Beside Rokiya Ahsan College ","8801705515251, 8801886817281",,,,No Preference,,,0023 - Abdur Rahman,,
Done,Nove24,19-Nov,Xiaomi TV A Pro 55 Inch,1,54590,54590,The Best Electronics ,"Khandaker Super Market, Konapara,Demra Beside Rokiya Ahsan College","8801705515251, 8801886817281",,,,No Preference,,,0023 - Abdur Rahman,,
Done,Nove24,19-Nov,Xiaomi Mijia Gel Ink Pen (10 Pcs),1,590,590,OnnoRokom Web Services Ltd,"2/1/E, Eden Center, Arambag, Motijheel, Dhaka-1000",8801708166273,,,,Self Delivery,,0,E-Com,,
Done,Nove24,19-Nov,Xiaomi TV A Pro 43 Inch,1,36990,36990,Sheba Electronics ,Uttara,8801745308008,Sayed,"Shop #004B, Level #4, Block #A, Jamuna Future Park, Kuril, Progoti Sharoni Dhaka, 1229",01946423650,Self Delivery,,,0035 - Md.Rejaul Islam Sujon,,
Done,Nove24,19-Nov,"Xiaomi TV A Pro 43"" QLED 2025",1,40990,40990,Sheba Electronics ,"Shop: 620, Level: 5, Rajuk Commercial Market, Uttara",8801745308008,,,,Self Delivery,,,0035 - Md.Rejaul Islam Sujon,,
Done,Nove24,20-Nov,Xiaomi TV A Pro 43 Inch,1,36990,36990,Success Computer & Engeneering ,"112,113,114 Aloka Nodi Bangla Complex, Rambabu road,Mymensingh ",8801711682184,SD Globalization ,"Sati kalibari mur,Netrokona",01676869409,Sundarban,Plz proceed delivery in Sundarban,,0112 - Ahasanul Kabir,,
Done,Nove24,20-Nov,Xiaomi Mijia Gel Ink Pen (10 Pcs),2,590,1180,Daraz,"Asfia tower - 76, Road-11, Block-E,  Banani ",8801847420050,daraz,daraz,daraz,Self Delivery,daraz,0,E-Com,,
Done,Nove24,20-Nov,Mi 23.8'' Desktop Monitor 1C,2,11820,23640,Daraz,"Asfia tower - 76, Road-11, Block-E,  Banani ",8801847420050,daraz,daraz,daraz,Self Delivery,daraz,0,E-Com,,
Done,Nove24,20-Nov,Mi Dual Mode Wireless Mouse Silent Edition,2,899,1798,Daraz,"Asfia tower - 76, Road-11, Block-E,  Banani ",8801847420050,daraz,daraz,daraz,Self Delivery,daraz,0,E-Com,,
Done,Nove24,20-Nov,Xiaomi TV A 2025 65 Inch,5,75400,377000,Chowdhury Electronics ,Alpona Plaza ,8801710549774,,,,Self Delivery,,,0033 - Imran Hossain - DHK,Not Imposed,
Done,Nove24,20-Nov,Xiaomi Wireless Keyboard and Mouse Combo,1,1990,1990,OnnoRokom Web Services Ltd,"2/1/E, Eden Center, Arambag, Motijheel, Dhaka-1000",8801708166273,,,,No Preference,,0,E-Com,,
Done,Nove24,20-Nov,Redmi TV Soundbar 33-inch,1,3500,3500,Quantanite Bangladesh Limited,"Address: Plot-A/5, Block-A, (9th Floor), Section-14, Mirpur, Dhaka-1206, Mirpur PS, Dhaka 1206. ",8801952495608,,,,Self Delivery,,0,B2B,,
Done,Nove24,20-Nov,Xiaomi TV A Pro 55 Inch,1,54590,54590,Electronics Park,"Kazi Market, shongram Hospital er uttor pashe Polash pol Shatkhira . ","8801711507798 , 017 1852 5354",Nill,Nill,Nill,Sundarban,,00,0031 - Adnan Billah,,
Done,Nove24,21-Nov,Xiaomi TV A 2025 65 Inch,1,75400,75400,Jahidul Electronics ,Kanchon Bazar Rupganj ,8801716738591,Md Rafiq Munshiganj It ,"মাসদাই তালা ফ্যাক্টরির মোড়, চাষাড়া, নারায়ণগঞ্জ",01850222644,No Preference,"Cash On Delivery + Fitting with wall Amount = 78,500tk*",,0023 - Abdur Rahman,Not Imposed,
Done,Nove24,21-Nov,Mi 23.8'' Desktop Monitor 1C,2,11820,23640,Daraz,"Asfia tower - 76, Road-11, Block-E,  Banani ",8801847420050,daraz,daraz,daraz,Self Delivery,daraz,0,E-Com,,
Done,Nove24,21-Nov,Mi Smart Scale 2,2,2550,5100,Daraz,"Asfia tower - 76, Road-11, Block-E,  Banani ",8801847420050,daraz,daraz,daraz,Self Delivery,daraz,0,E-Com,,
Done,Nove24,21-Nov,Mi Dual Mode Wireless Mouse Silent Edition,1,899,899,Daraz,"Asfia tower - 76, Road-11, Block-E,  Banani ",8801847420050,daraz,daraz,daraz,Self Delivery,daraz,0,E-Com,,
Done,Nove24,21-Nov,Xiaomi Wireless Keyboard and Mouse Combo,1,2150,2150,Daraz,"Asfia tower - 76, Road-11, Block-E,  Banani ",8801847420050,daraz,daraz,daraz,Self Delivery,daraz,0,E-Com,,
Done,Nove24,21-Nov,Xiaomi TV A Pro 43 Inch,1,38900,38900,Daraz,"Asfia tower - 76, Road-11, Block-E,  Banani ",8801847420050,daraz,daraz,daraz,Self Delivery,daraz,0,E-Com,,
Done,Nove24,21-Nov,"Xiaomi TV A Pro 43"" QLED 2025",1,40990,40990,O&S Communication ,"Khan mobile,Tangail",8801711909853,,,,Sundarban,Plz proceed home delivery in Sundarban,,0112 - Ahasanul Kabir,,
Done,Nove24,21-Nov,Mi 23.8'' Desktop Monitor 1C,1,11000,11000,Chowdhury Electronics ,Alpona Plaza ,8801710549774,,,,Self Pick,,,0033 - Imran Hossain - DHK,,
Done,Nove24,21-Nov,Xiaomi TV A Pro 65 Inch,2,73990,147980,Success Computer & Engeneering ,"112,113,114 Aloka Nodi Bangla Complex, Rambabu road, Mymensingh ",8801711682184,,,,Sundarban,Plz proceed home delivery in Sundarban ,,0112 - Ahasanul Kabir,Done,
Done,Nove24,21-Nov,Xiaomi TV A Pro 43 Inch,5,36990,184950,Brand Bazaar ,Happy Arcadia shopping malls ,8801711903044,,,,Self Delivery,,,0033 - Imran Hossain - DHK,,
Done,Nove24,21-Nov,Xiaomi TV A Pro 43 Inch,15,36990,554850,M/s Ak electronics ,"College road, Companigonj,Noakhali ",8801818294390,,,,Self Delivery,,,0107 - Tanjil Hossain,,
Done,Nove24,21-Nov,Xiaomi TV A Pro 55 Inch,2,54590,109180,M/s Ak electronics ,"College road, Companigonj,Noakhali ",8801818294390,,,,Self Pick,,,0107 - Tanjil Hossain,,
Done,Nove24,21-Nov,Xiaomi TV A 2025 65 Inch,2,77990,155980,M/s Ak electronics ,"College road, Companigonj,Noakhali ",8801818294390,,,,Self Pick,,,0107 - Tanjil Hossain,Done,
Done,Nove24,23-Nov,Xiaomi TV A Pro 65 Inch,3,73990,221970,Sumash Tech Ltd.,"Address - L#5, Shop # 108-111, B.City, Dhaka",8801676163308,,,,Self Delivery,,,0033 - Imran Hossain - DHK,Not Imposed,
Done,Nove24,23-Nov,Mi 23.8'' Desktop Monitor 1C,3,11000,33000,Sumash Tech Ltd.,"Address - L#5, Shop # 108-111, B.City, Dhaka",8801676163308,,,,Self Delivery,,,0033 - Imran Hossain - DHK,,
Done,Nove24,23-Nov,Xiaomi TV A Pro 55 Inch,1,54590,54590,Bankim,"11H, Udayan Raktokarabi (near commerce college), Plot:J/4, Block:J, Section:3, Mirpur-2 Dhaka-1216",8801799996677,,,,Self Delivery,"MD Sir Order, Zia bhai",0,B2C,,
Done,Nove24,23-Nov,Xiaomi TV A Pro 65 Inch,1,73990,73990,Bankim,"Flat:11H, Udayan Raktokarabi (near commerce college), Plot:J/4, Block:J, Section:3, Mirpur-2 Dhaka-1216",8801799996677,,,,Self Delivery,"MD Sir Order, Zia bhai",0,B2C,Done,
Done,Nove24,23-Nov,Xiaomi Wireless Keyboard and Mouse Combo,1,2150,2150,Daraz,"Asfia tower - 76, Road-11, Block-E,  Banani ",8801847420050,daraz,daraz,daraz,Self Delivery,daraz,0,E-Com,,
Done,Nove24,23-Nov,Mi Dual Mode Wireless Mouse Silent Edition,1,990,990,Daraz,"Asfia tower - 76, Road-11, Block-E,  Banani ",8801847420050,daraz,daraz,daraz,Self Delivery,daraz,0,E-Com,,
Done,Nove24,23-Nov,Mi Smart Scale 2,1,2790,2790,Daraz,"Asfia tower - 76, Road-11, Block-E,  Banani ",8801847420050,daraz,,daraz,Self Delivery,daraz,,E-Com,,
Done,Nove24,23-Nov,Xiaomi TV A Pro 43 Inch,2,36990,73980,Bj Electronics,Ctg,8801734640607,,,,Sundarban,,,0025 - Imran Hossain - CTG,,
Done,Nove24,23-Nov,Redmi Note 12 Pro 5G - 8/256GB,1,34545,34545,SEBL Distribution,"House # 7, Road # 54/A, Gulshan-2, Dhaka-1212",8801708813783,,,,Self Delivery,,0,B2B,,
Done,Nove24,23-Nov,Xiaomi TV A Pro 55 Inch,1,54590,54590,SL Electronics ,Uttara,8801746704173,,,,Self Delivery,Pick up from wearhouse. ,,0035 - Md.Rejaul Islam Sujon,,
Done,Nove24,24-Nov,Mi Smart Scale 2,1,2790,2790,Daraz,"Asfia tower - 76, Road-11, Block-E,  Banani ",8801847420050,daraz,daraz,daraz,Self Delivery,daraz,0,E-Com,,
Cancelation,Nove24,24-Nov,Xiaomi TV A Pro 55 Inch,,,0,BN Electronics ,"E 11&12, Gate 4, Baitul Mukarram Super Market, Dhaka",8801932743355,,,,No Preference,,0,0116 - Toukir Ahmed,,
Done,Nove24,24-Nov,Mi 23.8'' Desktop Monitor 1C,2,11000,22000,Shamim Electronics ,"North side of desco, Mirpur 10",8801999949933,,,,Self Delivery,,,0035 - Md.Rejaul Islam Sujon,,
Done,Nove24,24-Nov,Xiaomi TV A Pro 43 Inch,2,36990,73980,Fair Electronics ,Sadar Panchagarh. ,8801744853828,,,,Sundarban,,,0019 - Hafizur Rahman,,
Done,Nove24,24-Nov,Xiaomi TV A Pro 43 Inch,3,36990,110970,M/S Janani electronics ,"Ck ghosh road, Mymensingh ",8801720564526,,,,Sundarban,Ensure fast Delivery plz.,,0112 - Ahasanul Kabir,,
Done,Nove24,24-Nov,Xiaomi TV A Pro 55 Inch,1,54590,54590,M/s Janani electronics ,"Ck ghosh road, Mymensingh ",8801720564526,,,,Sundarban,Ensure fast delivery. ,,0112 - Ahasanul Kabir,,
Done,Nove24,24-Nov,Xiaomi TV A 2025 65 Inch,1,77990,77990,M/S Janani electronics ,"CK Ghosh road, Mymensingh ",8801720564526,,,,Sundarban,Ensure first delivery. ,,0112 - Ahasanul Kabir,Done,
Done,Nove24,25-Nov,Mi Smart Scale 2,2,2490,4980,Device Metro,"Shop: 001/A2 Block: A, Level: 4, Jamuna Future Park ",8801753317873,,,,Self Delivery,,,0035 - Md.Rejaul Islam Sujon,,
Done,Nove24,25-Nov,Xiaomi Wireless Keyboard and Mouse Combo,1,2290,2290,Daraz,"Asfia tower - 76, Road-11, Block-E,  Banani ",8801847420050,daraz,daraz,daraz,Self Delivery,daraz,0,E-Com,,
Done,Nove24,25-Nov,Mi Smart Scale 2,1,2511,2511,Daraz,"Asfia tower - 76, Road-11, Block-E,  Banani ",8801847420050,daraz,daraz,daraz,Self Delivery,daraz,0,E-Com,,
Done,Nove24,25-Nov,Mi Jumbo Gel Ink Pen,1,545,545,Daraz,"Asfia tower - 76, Road-11, Block-E,  Banani ",8801847420050,daraz,daraz,daraz,Self Delivery,daraz,0,E-Com,,
Done,Nove24,25-Nov,Xiaomi TV A Pro 55 Inch,2,54590,109180,Aristo computer ,"Lavli tower, sadar,Kushtia ",8801711450101,,,,Sundarban,,,0026 - Ohidul Islam,,
Done,Nove24,25-Nov,Xiaomi TV A Pro 55 Inch,5,54590,272950,Brand Bazaar ,Happy Arcadia Shopping malls ,8801711903044,,,,Self Delivery,,,0033 - Imran Hossain - DHK,,
Done,Nove24,26-Nov,Mi Dual Mode Wireless Mouse Silent Edition,2,899,1798,Daraz,"Asfia tower - 76, Road-11, Block-E,  Banani ",8801847420050,daraz,daraz,daraz,Self Delivery,daraz,0,E-Com,,
Done,Nove24,26-Nov,Xiaomi Mijia Gel Ink Pen (10 Pcs),1,633,633,Daraz,"Asfia tower - 76, Road-11, Block-E,  Banani ",8801847420050,daraz,daraz,daraz,Self Delivery,daraz,0,E-Com,,
Done,Nove24,26-Nov,Xiaomi TV A Pro 65 Inch,1,73990,73990,Cell Computer ,"Kadirganj, Sadar Rajshahi ",8801714081082,,,,Sundarban,,,0019 - Hafizur Rahman,Done,
Done,Nove24,26-Nov,Xiaomi TV A Pro 55 Inch,1,54590,54590,Cell Computer ,"Greater road,Kadirganj, Sadar Rajshahi ",8801714081082,,,,Sundarban,,,0019 - Hafizur Rahman,,
Done,Nove24,26-Nov,Xiaomi TV A Pro 43 Inch,12,35590,427080,Jahidul Electronics ,Kanchon Bazar Rupganj ,8801716738591,,,,No Preference,,,0023 - Abdur Rahman,,
Done,Nove24,26-Nov,Xiaomi TV X85 (Chinese),1,199990,199990,Rajib Talukder,"Flat 13A, House 08, Road 104, Gulshan 2",8801996344440,,,,No Preference,,0,B2C,,
Done,Nove24,27-Nov,Xiaomi TV A Pro 55 Inch,5,54590,272950,Shamim Electronics ,"Jolladkhana, North side of desco, Mirpur 10",8801999949933,,,,Self Delivery,,,0035 - Md.Rejaul Islam Sujon,,
Done,Nove24,27-Nov,Xiaomi Wireless Keyboard and Mouse Combo,1,2153,2153,Daraz,"Asfia tower - 76, Road-11, Block-E,  Banani ",8801847420050,daraz,daraz,daraz,Self Delivery,daraz,0,E-Com,,
Done,Nove24,27-Nov,Mi Smart Scale 2,1,2511,2511,Daraz,"Asfia tower - 76, Road-11, Block-E,  Banani ",8801847420050,daraz,daraz,daraz,Self Delivery,daraz,0,E-Com,,
Done,Nove24,27-Nov,Mi Dual Mode Wireless Mouse Silent Edition,1,889,889,Daraz,"Asfia tower - 76, Road-11, Block-E,  Banani ",8801847420050,daraz,daraz,daraz,Self Delivery,daraz,0,E-Com,,
Done,Nove24,27-Nov,"Xiaomi TV A 43"" FHD 2025",1,29990,29990,Shohan Electronics ,Hard metal gallery Dakbangla Khulna ,880172672 8024,Shoikot ,Jessore Sadar ,01713-403333,Sundarban,Xiaomi RM boss order . Khub shundor kore check kore dewar jonno binito onurodh roilo ,00,0031 - Adnan Billah,,
Done,Nove24,28-Nov,Mi Smart Scale 2,1,2551,2551,Daraz,"Asfia tower - 76, Road-11, Block-E,  Banani ",8801847420050,daraz,daraz,daraz,Self Delivery,daraz,0,E-Com,,
Done,Nove24,28-Nov,Xiaomi TV A Pro 43 Inch,1,36990,36990,Smart home appliances ,"Alipur, sadar,Faridpur ",8801318300516,Rassel,"Sadar,Madaripur ",8801912884493,Sundarban,,,0026 - Ohidul Islam,,
Done,Nove24,28-Nov,Xiaomi TV A Pro 43 Inch,10,36990,369900,M/s Ak electronics ,"College road, Companigonj,Noakhali ",8801818294390,,,,Sundarban,,,0107 - Tanjil Hossain,,
Done,Nove24,30-Nov,Xiaomi TV A Pro 43 Inch,10,36990,369900,Brand Bazaar ,happy Arcadia shopping malls ,8801711903044,,,,Self Delivery,,,0033 - Imran Hossain - DHK,,
Done,Nove24,30-Nov,Xiaomi TV A Pro 55 Inch,5,54590,272950,Brand Bazaar ,Happy Arcadia shopping malls ,8801711903044,,,,Self Delivery,,,0033 - Imran Hossain - DHK,,
Done,Nove24,30-Nov,Mi Smart Air Fryer 3.5L,1,8990,8990,Star Tech & Engineering Limited,"6th floor, 28 Kazi Nazrul Islam Ave,Navana Zohura Square, Dhaka 1000.",8801709995415,,,,Self Delivery,,0,B2B,,
Done,Nove24,30-Nov,Mi Dual Mode Wireless Mouse Silent Edition,1,1140,1140,Amaya Industries,Amaya Industries HQ,8801753919191,,,,Self Delivery,,0,B2B,,
Done,Nove24,30-Nov,Xiaomi TV A Pro 43 Inch,2,36990,73980,Mollick electronics ,"Jibonnagor, Chuadanga ",8801922487846,,,,Sundarban,,,0026 - Ohidul Islam,,
Done,Dece24,1-Dec,Xiaomi TV A 2025 65 Inch,1,77990,77990,Gungun,"Khalibari more,  B,baria Sadar ",8801911097959,,,,Sundarban,,,0094 - Shaharia Khan,Done,
Done,Dece24,1-Dec,Xiaomi TV A Pro 43 Inch,15,35000,525000,Silver Water Technologies Bangladesh Limited,"HOUSE- 26, ROAD-07, BLOCK- C, NIKETON, GULSHAN1, PS-GULSHAN, DHAKA",8801708127036,,,,Self Delivery,,0,E-Com,,
Done,Dece24,1-Dec,Xiaomi TV A Pro 55 Inch,15,53000,795000,Silver Water Technologies Bangladesh Limited,"HOUSE- 26, ROAD-07, BLOCK- C, NIKETON, GULSHAN1, PS-GULSHAN, DHAKA",8801708127036,,,,Self Delivery,,0,E-Com,,
Done,Dece24,1-Dec,Mi Smart Air Fryer 3.5L,1,8490,8490,Silver Water Technologies Bangladesh Limited,"HOUSE- 26, ROAD-07, BLOCK- C, NIKETON, GULSHAN1, PS-GULSHAN, DHAKA",8801708127036,,,,No Preference,,0,E-Com,,
Done,Dece24,2-Dec,Mi Smart Scale 2,1,2511,2511,Daraz,"Asfia tower - 76, Road-11, Block-E,  Banani ",8801847420050,daraz,daraz,daraz,Self Delivery,daraz,0,E-Com,,
Done,Dece24,2-Dec,Mi Dual Mode Wireless Mouse Silent Edition,1,899,899,Daraz,"Asfia tower - 76, Road-11, Block-E,  Banani ",8801847420050,daraz,daraz,daraz,Self Delivery,daraz,0,E-Com,,
Done,Dece24,2-Dec,Xiaomi Wireless Keyboard and Mouse Combo,1,2290,2290,Daraz,"Asfia tower - 76, Road-11, Block-E,  Banani ",8801847420050,daraz,daraz,daraz,Self Delivery,daraz,0,E-Com,,
Done,Dece24,2-Dec,Xiaomi Mijia Gel Ink Pen (10 Pcs),1,690,690,Daraz,"Asfia tower - 76, Road-11, Block-E,  Banani ",8801847420050,daraz,daraz,daraz,Self Delivery,daraz,0,E-Com,,
Done,Dece24,2-Dec,Mi Dual Mode Wireless Mouse Silent Edition,1,990,990,Daraz,"Asfia tower - 76, Road-11, Block-E,  Banani ",8801847420050,daraz,daraz,daraz,Self Delivery,daraz,0,E-Com,,
Done,Dece24,2-Dec,Xiaomi TV A Pro 43 Inch,5,36990,184950,FM Electronics,"Rifle Club, Nandan Kanon, Chittagong.",8801824946334,,,,Sundarban,,,0025 - Imran Hossain - CTG,,
Done,Dece24,2-Dec,Xiaomi TV A Pro 43 Inch,1,36990,36990,Electro Mind,"Bus stand, sadar,Meherpur ",8801714948828,,,,Sundarban,,,0026 - Ohidul Islam,,
Done,Dece24,2-Dec,Xiaomi TV A Pro 55 Inch,1,54590,54590,Electro Mind,"Bus stand, sadar,Meherpur ",8801714948828,,,,Sundarban,,,0026 - Ohidul Islam,,
Done,Dece24,2-Dec,Xiaomi TV A Pro 43 Inch,1,36990,36990,Mi Store (Hello Tel),"Shop: 020B2, Block: C, Level: 4, Jamuna Future Park",8801631741239,,,,Self Delivery,,,0035 - Md.Rejaul Islam Sujon,,
Done,Dece24,2-Dec,Mi Smart Scale 2,2,2490,4980,Mi Store (Hello Tel),"Shop: 020B2, Block: C, Level: 4, Jamuna Future Park",8801631741239,,,,Self Delivery,,,0035 - Md.Rejaul Islam Sujon,,
Done,Dece24,2-Dec,Xiaomi Mijia Gel Ink Pen (10 Pcs),1,590,590,OnnoRokom Web Services Ltd,"2/1/E, Eden Center, Arambag, Motijheel, Dhaka-1000",8801708166273,,,,Self Delivery,,0,E-Com,,
Done,Dece24,2-Dec,Xiaomi Wireless Keyboard and Mouse Combo,1,2590,2590,Md Monir,Ansar Camp,8801401235764,,,,Self Delivery,,0,E-Com,,
Done,Dece24,3-Dec,Mi Dual Mode Wireless Mouse Silent Edition,1,1140,1140,Amaya Industries,Amaya Industries warehouse,8801753919191,,,,Self Delivery,Murshid bhai,0,B2B,,
Done,Dece24,3-Dec,Mi Smart Scale 2,1,2790,2790,Daraz,"Asfia tower - 76, Road-11, Block-E,  Banani ",8801847420050,daraz,daraz,daraz,Self Delivery,daraz,0,E-Com,,
Cancelation,Dece24,3-Dec,Mi Smart Air Fryer 3.5L,2,8500,17000,Crockeries Park,"
দোকান#৪৪,২য় তলা,
১০৪,গ্রীন রোড, ফার্মগেট, ঢাকা-১২১৫। আনন্দ-ছন্দ 
সিনেমা হলের পাসে লাজ
ফার্মা-র বিপরীত-এ।",8801711414151,,,,Self Delivery,Payment advanced in his ledger,,0033 - Imran Hossain - DHK,,
Done,Dece24,3-Dec,Xiaomi Wireless Keyboard and Mouse Combo,2,1990,3980,The Best Electronics ,"Khandaker Super Market, Konapara,Demra Beside Rokiya Ahsan College ","170,551,525,101,886,000,000",,,,AJR,,,0023 - Abdur Rahman,,
Done,Dece24,3-Dec,Xiaomi TV A 2025 65 Inch,2,77990,155980,Kailash electronics ,"Kailash Electronics 
Niloy 20,Chowhatta, Sylhet
Cell:01784-108836",8801303309817,,,,Sundarban,,,0094 - Shaharia Khan,Done,
Done,Dece24,3-Dec,Xiaomi TV A Pro 55 Inch,1,54590,54590,Global Electronics Point,"Abdul Hai mollah market,new town moor,Bhairab",8801896192888,,,,Sundarban,Plz proceed delivery in Sundarban courier ,,0094 - Shaharia Khan,,
Done,Dece24,3-Dec,Xiaomi TV A Pro 55 Inch,2,54590,109180,Kailash electronics ,"Kailash Electronics 
Niloy 20,Chowhatta, Sylhet
Cell:01784-108836",8801303309817,,,,Sundarban,,,0094 - Shaharia Khan,,
Done,Dece24,3-Dec,"Xiaomi TV A2 FHD 43""",12,26990,323880,FM Electronics,"Rifle Club, Nandan Kanon, Chittagong.",8801824946334,,,,Sundarban,,,0025 - Imran Hossain - CTG,,
Done,Dece24,3-Dec,"Xiaomi TV A2 FHD 43""",3,26990,80970,Bj Electronics,Ctg,8801734640607,,,,Sundarban,,,0025 - Imran Hossain - CTG,,
Done,Dece24,4-Dec,Mi Smart Scale 2,1,2790,2790,Daraz,"Asfia tower - 76, Road-11, Block-E,  Banani ",8801847420050,daraz,daraz,daraz,Self Delivery,daraz,0,E-Com,,
Done,Dece24,4-Dec,Xiaomi TV A Pro 43 Inch,3,36990,110970,Electronics Garden,"76 Haranath Ghosh Rd, Dhaka 1211",8801745580050,,,,No Preference,,110970,0116 - Toukir Ahmed,,
Done,Dece24,4-Dec,Xiaomi TV A Pro 55 Inch,2,54590,109180,Electronics Garden,"76 Haranath Ghosh Rd, Dhaka 1211",8801745580050,,,,No Preference,,109180,0116 - Toukir Ahmed,,
Done,Dece24,4-Dec,Xiaomi TV A Pro 43 Inch,1,36990,36990,Mia Electronics ,"107, Bangsal road,  Dhaka.",8801819295610,,,,No Preference,,0,0116 - Toukir Ahmed,,
Done,Dece24,4-Dec,Xiaomi TV A Pro 55 Inch,1,54590,54590,Mia Electronics ,"107, Bangsal road,  Dhaka.",8801819295610,,,,No Preference,,0,0116 - Toukir Ahmed,,
Done,Dece24,4-Dec,Xiaomi TV A Pro 43 Inch,2,36990,73980,Masud Electronics ,"Akanda Mansion, Central Masjid Road, Joydevpur, Gazipur ",8801707365371,,,,No Preference,,73980,0116 - Toukir Ahmed,,
Done,Dece24,4-Dec,Xiaomi TV A Pro 55 Inch,1,54590,54590,Masud Electronics ,"Akanda Mansion, Central Masjid Road, Joydevpur, Gazipur ",8801707365371,,,,No Preference,,54590,0116 - Toukir Ahmed,,
Done,Dece24,4-Dec,Xiaomi TV A Pro 55 Inch,2,54590,109180,Esha Electronics ,"Shah Amanat City Corporation Super Market (1st Floor), Jubilee Road, Chittagong",8801716548281,,,,No Preference,,00,0070 - Tamal Roy,,
Done,Dece24,5-Dec,Xiaomi TV A Pro 43 Inch,4,36990,147960,Aman Enterprise ,Amin Bazar ,8801725705705,Cirstal Vision,"(Building-1) 8th Floor, 2 Bir Uttam AK Khandakar Road, Mohakhali C/A, Dhaka 1212, Bangladesh",8801821292979,Self Delivery,,,0033 - Imran Hossain - DHK,,
Done,Dece24,5-Dec,Xiaomi Wireless Keyboard and Mouse Combo,1,1990,1990,Amaya Industries,Amaya Industries warehouse,8801753919191,,,,Self Delivery,,0,B2B,,
Done,Dece24,5-Dec,Xiaomi TV A Pro 55 Inch,1,54590,54590,Super electronics 2,"Super electronics 2
1st floor Latif Center, Zindabazar, Sylhet.",8801712124747,,,,Sundarban,,,0094 - Shaharia Khan,,
Done,Dece24,5-Dec,A2 18K VIOMI AC Split (Non-Inverter) 1.5 Ton,1,44000,44000,M/S Nurul Enterprise,Sohrawardi College Banorgati Khulna ,8801923404406,Nill,Nill,Nill,Sundarban,,00,0031 - Adnan Billah,,
Done,Dece24,5-Dec,Xiaomi TV A Pro 55 Inch,1,54590,54590,Bj Electronics,Ctg,8801734640607,MM Electronics ,"Abeda plaza,High school road,Bandarban ",01881074945,Sundarban,,,0025 - Imran Hossain - CTG,,
Done,Dece24,5-Dec,"Xiaomi TV A2 FHD 43""",3,26990,80970,National Electronics ,"Fatema Plaza, Chawrongi bazar Gopalgonj.",8801714065626,Nill,Nill,Nill,Sundarban,,00,0031 - Adnan Billah,,
Done,Dece24,7-Dec,Xiaomi TV A Pro 43 Inch,1,36990,36990,Device Metro,JFP,8801753317873,Hasina Akter,"Khan vila, 398/ E,  niribiligoli,  East  nakhalpara,Tejgaon,Dhaka.","01738529196, 01717880587",Self Delivery,,,0035 - Md.Rejaul Islam Sujon,,
Done,Dece24,7-Dec,Xiaomi TV A Pro 43 Inch,3,36990,110970,Sheba Electronics ,"Shop: 620, Level: 5, Rajuk Commercial Market, Uttara",880174308008,,,,Self Delivery,,,0035 - Md.Rejaul Islam Sujon,,
Done,Dece24,7-Dec,Xiaomi TV A Pro 55 Inch,2,54590,109180,Wholesale Electronic Narayanganj ,Old Abc school Uttor Chasara Narayanganj,8801888018887,,,,No Preference,,00,0023 - Abdur Rahman,,
Done,Dece24,7-Dec,Xiaomi Mijia Gel Ink Pen (10 Pcs),3,590,1770,OnnoRokom Web Services Ltd,"2/1/E, Eden Center, Arambag, Motijheel, Dhaka-1000",8801708166273,,,,Self Delivery,,0,E-Com,,
Done,Dece24,7-Dec,Xiaomi TV A Pro 55 Inch,3,54590,163770,Sumash Tech Ltd.,"L#5, Shop # 108-111, B.City, Dhaka",8801676163308,,,,Self Delivery,,0,B2B,,
Done,Dece24,7-Dec,Mi 23.8'' Desktop Monitor 1C,2,11000,22000,Sumash Tech Ltd.,"L#5, Shop # 108-111, B.City, Dhaka",8801676163308,,,,Self Delivery,,0,B2B,,
Done,Dece24,7-Dec,Xiaomi TV A Pro 55 Inch,1,54590,54590,Gungun,"Khalibari more,  B,baria sadar",8801911097959,"Md, Shajjat Hosain, ","Mi Store,  Sattar khan complex,  khandir par ",+8801313027155,Sundarban,,,0094 - Shaharia Khan,,
Done,Dece24,7-Dec,Xiaomi TV A Pro 43 Inch,5,35590,177950,Chowdhury Electronics ,Alpona Plaza ,8801710549774,,,,Self Delivery,,,0033 - Imran Hossain - DHK,,
Done,Dece24,7-Dec,Xiaomi TV A Pro 65 Inch,1,73000,73000,Md. Jakaria Ali,"159/7, 304 No Piller er pasher Road Poshchim Shewrapara, Mannan Sharani, Mirpur, Dhaka",8801303604068,,,,Self Delivery,,0,B2B,Done,
Done,Dece24,8-Dec,Mi Smart Scale 2,1,2790,2790,Daraz,"Asfia tower - 76, Road-11, Block-E,  Banani ",8801847420050,daraz,daraz,daraz,Self Delivery,daraz,0,E-Com,,
Done,Dece24,8-Dec,Xiaomi TV EA75 (Chinese),1,99990,99990,Prime Electronics ,"House: 1, Road: 19, Sector: 11, Uttara",8801777854905,,,,Self Delivery,,,0035 - Md.Rejaul Islam Sujon,,
Done,Dece24,8-Dec,Xiaomi TV A Pro 55 Inch,1,54590,54590,The Brand Shop,"House: 19 Road 15 Sector 03, Uttara",8801619638670,,,,Self Delivery,,,0035 - Md.Rejaul Islam Sujon,,
Done,Dece24,8-Dec,Xiaomi TV A Pro 55 Inch,3,54590,163770,Shera Electronics ,"Shop: 24, Level: 2, Joynal Tower, Joynal Market",8801983871825,,,,Self Delivery,,,0035 - Md.Rejaul Islam Sujon,,
Done,Dece24,9-Dec,Xiaomi TV A Pro 65 Inch,5,73990,369950,Star Tech & Engineering Limited,"6th floor, 28 Kazi Nazrul Islam Ave,Navana Zohura Square, Dhaka 1000.",8801709995415,Star tech & engineering Ltd,Central warehouse Hazaribag,,Self Delivery,,0,B2B,Done,
Done,Dece24,9-Dec,Xiaomi TV A Pro 65 Inch,1,73990,73990,Authentic Computer,"Kalibari Road, Habiganj Sadar , Habiganj. 01713 805362 , 01711241058",8801711241058,,,,Sundarban,Must be delivery done by tomorrow ,,0094 - Shaharia Khan,Done,
Done,Dece24,9-Dec,Mi Smart Scale 2,1,2490,2490,Gadget & Gear (E-Com),"Police Plaza Concord (Tower 2), Gulshan 1, Dhaka 1212.",8801318236986,,,,Self Delivery,,0,E-Com,,
Done,Dece24,9-Dec,Xiaomi TV A Pro 55 Inch,5,54590,272950,Brand Bazaar ,Happy Arcadia shopping malls ,8801711903044,,,,Self Delivery,,,0033 - Imran Hossain - DHK,,
Done,Dece24,10-Dec,Xiaomi TV A Pro 55 Inch,2,54590,109180,IT Store,"Shop: 22, 99 Gulshan Avenue, Ground Floor, Rupayan Golden Age, Gulshan 2",8801681001620,,,,Self Delivery,,,0035 - Md.Rejaul Islam Sujon,,
Done,Dece24,10-Dec,Xiaomi TV A Pro 55 Inch,1,54500,54500,Rashed Rana ,"2/4, P#04, R# 02,Main road, Nobodoy H/S Mohammad pur  Dhaka 1207",8801717038400,,,,No Preference,MD sir order,0,B2B,,
Done,Dece24,10-Dec,Xiaomi TV A Pro 32 Inch,1,20990,20990,Fair Electronics ,Sadar Panchagarh ,8801744853828,,,,Sundarban,,,0019 - Hafizur Rahman,,
Done,Dece24,11-Dec,"Xiaomi TV A 43"" FHD 2025",2,29990,59980,Kailash electronics ,"Niloy 20,Chowhatta, Sylhet
Cell:01784-108836",8801303309817,,,,Sundarban,,,0094 - Shaharia Khan,,
Done,Dece24,11-Dec,"Xiaomi TV A2 FHD 43""",2,27000,54000,Kailash electronics ,"Kailash Electronics 
Niloy 20,Chowhatta, Sylhet
Cell:01784-108836",8801303309817,,,,Sundarban,,,0094 - Shaharia Khan,,
Cancelation,Dece24,11-Dec,Xiaomi TV A Pro 43 Inch,,,0,Mukul Mart ,"H# 9, Block: B, Main Road, Banasree, Rampura, Dhaka",8801680224488,,,,No Preference,,36990,0116 - Toukir Ahmed,,
Done,Dece24,11-Dec,Xiaomi TV A Pro 55 Inch,1,54590,54590,Mukul Mart ,"H# 9, Block: B, Main Road, Banasree, Rampura, Dhaka",8801680224488,,,,No Preference,,54590,0116 - Toukir Ahmed,,
Done,Dece24,11-Dec,Xiaomi TV A Pro 32 Inch,2,20990,41980,Archy Electronic ,Club Market BB road Narayanganj city ,8801973332816,,,,No Preference,,,0023 - Abdur Rahman,,
Done,Dece24,11-Dec,Xiaomi TV A Pro 55 Inch,1,54590,54590,Archy Electronic ,Club Market BB Road Narayanganj ,8801973332816,,,,No Preference,,,0023 - Abdur Rahman,,
Done,Dece24,11-Dec,Xiaomi TV A Pro 32 Inch,4,20990,83960,Jahidul Electronics ,Kanchon Bazar Rupganj ,8801716738591,Janapriyo Electronics ,,01715-939459,No Preference,,266900,0023 - Abdur Rahman,,
Done,Dece24,11-Dec,"Xiaomi TV A Pro 43"" QLED 2025",4,40990,163960,Jahidul Electronics ,Janapriyo Electronics ,8801716738591,14 Bazir More Narsingdi sadar road ,,,No Preference,,266900,0023 - Abdur Rahman,,
Done,Dece24,11-Dec,Xiaomi TV A 2025 65 Inch,1,77990,77990,Jahidul Electronics ,Kanchon Bazar ,8801716738591,Janapriyo Electronics ,14 Bajir Mor Narsingdi sadar ,01715-939459,No Preference,,266900,0023 - Abdur Rahman,Not Imposed,
Done,Dece24,11-Dec,Xiaomi TV A Pro 32 Inch,3,20990,62970,Sheba Electronics ,"Shop: 620, Level: 5, Rajuk Commercial MarShopket, Uttara, Dhaka",8801745308008,,,,Self Delivery,,,0035 - Md.Rejaul Islam Sujon,,
Done,Dece24,11-Dec,Xiaomi TV A Pro 32 Inch,3,20990,62970,Wholesale Electronic Narayanganj ,Old Abc School Apurbo Tower Uttor Chasara Narayanganj city ,8801888018887,,,,No Preference,,,0023 - Abdur Rahman,,
Done,Dece24,11-Dec,"Xiaomi TV A Pro 43"" QLED 2025",3,40990,122970,Shamim Electronics ,"Jolladkhana, North Side Of Desco, Mirpur 10, Dhaka",8801999949933,,,,Self Delivery,,,0035 - Md.Rejaul Islam Sujon,,
Done,Dece24,11-Dec,Xiaomi TV A Pro 55 Inch,3,54590,163770,FM Electronics,"Rifle Club, Nandan Kanon, Chittagong.",8801824946334,,,,Sundarban,,,0025 - Imran Hossain - CTG,,
Done,Dece24,11-Dec,Xiaomi TV A Pro 32 Inch,5,20990,104950,Amin Smart LED Zone,"Shop: 01, Level: 2, Omar Shajahan Tower, Ajompur Railgate, Uttara Dhaka",8801908668577,,,,Self Delivery,,,0035 - Md.Rejaul Islam Sujon,,
Done,Dece24,11-Dec,"Xiaomi TV A Pro 43"" QLED 2025",5,40990,204950,Aman Enterprise ,"Amin Bazar, leguna stand, Hazi Kafil Uddin market",8801725705705,,,,Self Delivery,Bhai Please process delivery ,,0033 - Imran Hossain - DHK,,
Done,Dece24,11-Dec,"Xiaomi TV A Pro 43"" QLED 2025",1,40990,40990,Kailash electronics ,"Niloy 20,Chowhatta, Sylhet
",8801303309817,,,,Sundarban,,,0094 - Shaharia Khan,,
Done,Dece24,11-Dec,"Xiaomi TV A Pro 43"" QLED 2025",1,41000,41000,Cell Computer ,"Kadirganj, Sadar Rajshahi ",8801714081082,Akash,"PN School, Miapara, Sadar Rajshahi. ",+8801719254116,Sundarban,,,0019 - Hafizur Rahman,,
Done,Dece24,11-Dec,Xiaomi TV A Pro 32 Inch,5,20990,104950,Gungun,"Khalibari more,  B,baria Sadar",8801911097959,,,,Sundarban,,,0094 - Shaharia Khan,,
Done,Dece24,11-Dec,"Xiaomi TV A Pro 43"" QLED 2025",1,40990,40990,Gungun,"Khalibari more, B,baria sadr",8801911097959,,,+8801911097959,Sundarban,,,0094 - Shaharia Khan,,
Done,Dece24,11-Dec,Xiaomi TV A Pro 32 Inch,3,20990,62970,Bj Electronics,Ctg,8801734640607,,,,Sundarban,,,0025 - Imran Hossain - CTG,,
Done,Dece24,11-Dec,Xiaomi TV A Pro 32 Inch,2,20990,41980,Fair Electronics ,Sadar Panchagarh ,8801744853828,,,,Sundarban,The remaining amount will be adjusted from the ledger.,,0019 - Hafizur Rahman,,
Done,Dece24,11-Dec,Xiaomi TV A Pro 32 Inch,3,20990,62970,National Electronics ,"Fatema Plaza, Chawrongi bazar Gopalgonj.",8801714065626,Nill,Nill,Nill,Sundarban,,00,0031 - Adnan Billah,,
Done,Dece24,11-Dec,Xiaomi TV A Pro 55 Inch,1,54590,54590,Mi Store Smart point ,"Jolil Super market,Sorishahatir.Sadar Naogaon. ",8801721747547,,,,Sundarban,,,0019 - Hafizur Rahman,,
Done,Dece24,11-Dec,Xiaomi TV A Pro 32 Inch,1,20990,20990,Cell Computer ,"Kadirganj, Sadar Rajshahi ",8801714081082,,,,Sundarban,,,0019 - Hafizur Rahman,,
Done,Dece24,12-Dec,Xiaomi TV A Pro 32 Inch,5,20990,104950,Masud Electronics ,"Akanda Mansion, Central Masjid Road, Joydevpur, Gazipur",8801707365371,,,,No Preference,,104950,0116 - Toukir Ahmed,,
Done,Dece24,12-Dec,Xiaomi TV A Pro 32 Inch,3,20790,62370,New Friends Electronics,"Shop: 29, Bongobondhu National Stadium Market, Dhaka",8801701395334,,,,No Preference,,0,0116 - Toukir Ahmed,,
Done,Dece24,12-Dec,"Xiaomi TV A Pro 43"" QLED 2025",2,40690,81380,New Friends Electronics,"Shop: 29, Bongobondhu National Stadium Market, Dhaka",8801701395334,,,,No Preference,,,0116 - Toukir Ahmed,,
Done,Dece24,12-Dec,"Xiaomi TV A Pro 43"" QLED 2025",1,40990,40990,Jahidul Electronics ,Kanchon Bazar Rupganj ,8801716738591,Janapriyo electronics ,14 bazir mor Narsingdi sadar road ,01715-939459,No Preference,,266900,0023 - Abdur Rahman,,
Done,Dece24,12-Dec,Xiaomi TV A Pro 32 Inch,2,20990,41980,TV Bazar ,"Multiplan, level 1",8801881584115,,,,Self Delivery,,,0033 - Imran Hossain - DHK,,
Cancelation,Dece24,12-Dec,Xiaomi TV A Pro 43 Inch,,,0,Daraz,"Asfia tower - 76, Road-11, Block-E,  Banani ",8801847420050,daraz,daraz,daraz,Self Delivery,daraz,0,E-Com,,
Done,Dece24,12-Dec,"Xiaomi TV A Pro 43"" QLED 2025",2,40990,81980,TV Bazar ,"Multiplan, level 1",8801881584115,,,,Self Delivery,,,0033 - Imran Hossain - DHK,,
Done,Dece24,12-Dec,Xiaomi TV A Pro 32 Inch,3,20990,62970,KS Electronics,"Shop: H 20, Gate 5, Baitul Mukarram Super Market, Dhaka",8801842261648,,,,No Preference,,,0116 - Toukir Ahmed,,
Done,Dece24,12-Dec,Xiaomi TV A Pro 32 Inch,8,20790,166320,Tech Land,"Multiplan, level 13",8801647538526,,,,Self Delivery,,,0033 - Imran Hossain - DHK,,
Done,Dece24,12-Dec,Xiaomi TV A Pro 65 Inch,7,72590,508130,Tech Land,"Multiplan, level 13",8801647538526,,,,Self Delivery,,,0033 - Imran Hossain - DHK,Not Imposed,
Done,Dece24,12-Dec,Xiaomi TV A 2025 65 Inch,3,76490,229470,Tech Land,"Multiplan, level 13",8801647538526,,,,Self Delivery,,,0033 - Imran Hossain - DHK,Not Imposed,
Done,Dece24,12-Dec,"Xiaomi TV A Pro 43"" QLED 2025",1,40990,40990,KS Electronics,"Shop: H 20, Gate 5, Baitul Mukarram Super Market, Dhaka",8801842261648,,,,No Preference,,,0116 - Toukir Ahmed,,
Done,Dece24,12-Dec,Xiaomi TV A Pro 32 Inch,2,20990,41980,Crockeries Park,"দোকান#৪৪,২য় তলা,
১০৪,গ্রীন রোড, ফার্মগেট, ঢাকা-১২১৫। আনন্দ-ছন্দ 
সিনেমা হলের পাসে লাজ
ফার্মা-র বিপরীত-এ।",8801711414151,,,,Self Delivery,,,0033 - Imran Hossain - DHK,,
Done,Dece24,12-Dec,Xiaomi TV A Pro 65 Inch,1,73990,73990,Khan electro house ,"Sadar,Madaripur ",8801715163094,,,,Sundarban,,,0026 - Ohidul Islam,Done,
Done,Dece24,12-Dec,Xiaomi TV A Pro 32 Inch,4,20990,83960,Aristo computer ,"Lavli tower, sadar,Kushtia ",8801711450101,,,,Sundarban,,,0026 - Ohidul Islam,,
Done,Dece24,12-Dec,"Xiaomi TV A Pro 43"" QLED 2025",1,40990,40990,Aristo computer ,"Lavli tower, sadar,Kushtia ",8801711450101,,,,Sundarban,,,0026 - Ohidul Islam,,
Done,Dece24,12-Dec,"Xiaomi TV A Pro 43"" QLED 2025",1,40990,40990,Success Computer & Engeneering ,"112,113,114 Aloka nodi Bangla,Mymensingh sadar,Mymensingh ",8801711682184,Md shamim,"Shop#20-21,Mazeda Complex, Rajbari road,joydebpur,Gazipur",01969398652,Sundarban,Plz proceed delivery in Sundarban ,,0112 - Ahasanul Kabir,,
Done,Dece24,12-Dec,Xiaomi TV A Pro 32 Inch,3,20990,62970,Alhamdulillah Electronics,Ctg,8801818917168,,,,Sundarban,,,0025 - Imran Hossain - CTG,,
Cancelation,Dece24,12-Dec,Xiaomi TV A Pro 43 Inch,,,0,Alhamdulillah Electronics,Ctg,8801818917168,,,,Sundarban,,,0025 - Imran Hossain - CTG,,
Done,Dece24,14-Dec,Mi Smart Scale 2,2,2511,5022,Daraz,"Asfia tower - 76, Road-11, Block-E,  Banani ",8801847420050,daraz,daraz,daraz,Self Delivery,daraz,0,E-Com,,
Done,Dece24,14-Dec,Mi Dual Mode Wireless Mouse Silent Edition,1,889,889,Daraz,"Asfia tower - 76, Road-11, Block-E,  Banani ",8801847420050,daraz,daraz,daraz,Self Delivery,daraz,0,E-Com,,
Done,Dece24,14-Dec,Xiaomi TV A Pro 32 Inch,2,20990,41980,Lead Electronics ,"Shop: 307, Level: 2, Rangdhonu Market, Pallabi, Mirpur ",8801864444428,,,,Self Delivery,,,0035 - Md.Rejaul Islam Sujon,,
Done,Dece24,14-Dec,"Xiaomi TV A Pro 75"" QLED 2025",1,135990,135990,Lead Electronics ,"Pallabi, Mirpur ",8801864444428,,,,Self Delivery,,,0035 - Md.Rejaul Islam Sujon,Not Imposed,
Done,Dece24,14-Dec,"Xiaomi TV A Pro 43"" QLED 2025",1,40990,40990,The Best Electronics ,1/1 Paradogair Samiul Ahsan Road Demra Dhaka,8801977377540,,,,Sundarban,,,0023 - Abdur Rahman,,
Done,Dece24,14-Dec,Xiaomi TV A Pro 32 Inch,10,20790,207900,New Japan electronics ,"Stadium market,Khandir par,Cumilla.",8801841392790,,,,Sundarban,,,0107 - Tanjil Hossain,,
Done,Dece24,14-Dec,Xiaomi TV A Pro 32 Inch,5,20990,104950,Brand Bazaar ,Happy Arcadia shopping malls ,8801711903044,,,,Self Delivery,,,0033 - Imran Hossain - DHK,,
Done,Dece24,14-Dec,"Xiaomi TV A Pro 43"" QLED 2025",2,40990,81980,Brand Bazaar ,Happy Arcadia shopping malls ,8801711903044,,,,Self Delivery,,,0033 - Imran Hossain - DHK,,
Done,Dece24,14-Dec,Xiaomi TV A 2025 65 Inch,2,77990,155980,Brand Bazaar ,Happy Arcadia shopping malls ,8801711903044,,,,Self Delivery,,,0033 - Imran Hossain - DHK,Not Imposed,
Done,Dece24,14-Dec,Mi 23.8'' Desktop Monitor 1C,1,11000,11000,Electronics City ,"Multiplan, level 3",8801786435142,,,,Self Pick,,,0033 - Imran Hossain - DHK,,
Done,Dece24,14-Dec,"Xiaomi TV A2 FHD 43""",1,27000,27000,Zaman Electronics ,"Baburhat bazar sadar road,Nazirpur,Pirojpur",8801721166344,Mr Golam Faruk,"17/1 North goran,khilgaon,dhaka,1219",01720670047,Self Delivery,Plz confirm delivery in today.Confirm deluvery befor communication wih customers. ,,0123 - Anamul Islam Jewel,,
Done,Dece24,14-Dec,Xiaomi TV A Pro 32 Inch,10,19990,199900,Chowdhury Electronics ,Alpona Plaza ,8801710549774,,,,Self Delivery,,,0033 - Imran Hossain - DHK,,
Done,Dece24,14-Dec,Xiaomi TV A Pro 55 Inch,5,52990,264950,Chowdhury Electronics ,Alpona Plaza ,8801710549774,,,,Self Delivery,,,0033 - Imran Hossain - DHK,,
Done,Dece24,14-Dec,Xiaomi TV A Pro 32 Inch,5,20990,104950,Sumash Tech Ltd.,"L#5, Shop # 108-111, B.City, Dhaka",8801676163308,,,,Self Delivery,,0,0033 - Imran Hossain - DHK,,
Done,Dece24,14-Dec,"Xiaomi TV A Pro 43"" QLED 2025",1,37400,37400,Chowdhury Electronics ,Alpona Plaza ,8801710549774,,,,Self Delivery,,,0033 - Imran Hossain - DHK,,
Done,Dece24,15-Dec,Mi Smart Scale 2,2,2511,5022,Daraz,"Asfia tower - 76, Road-11, Block-E,  Banani ",8801847420050,daraz,daraz,daraz,Self Delivery,daraz,0,E-Com,,
Done,Dece24,15-Dec,Xiaomi TV A Pro 32 Inch,5,20990,104950,Roton electronics ,"Milkvita road, Takerhat, Madaripur ",8801711398333,,,,Sundarban,,,0026 - Ohidul Islam,,
Done,Dece24,15-Dec,"Xiaomi TV A Pro 75"" QLED 2025",2,126000,252000,Chowdhury Electronics ,Alpona Plaza,8801710549774,,,,Self Delivery,,,0033 - Imran Hossain - DHK,Not Imposed,
Done,Dece24,15-Dec,Xiaomi TV A Pro 32 Inch,5,20990,104950,Premier Electronics Plus ,"Barapol Moor, Under Eastern Bank Ltd., Halishahar, Chittagong ",8801979600351,,,,Sundarban,,00,0070 - Tamal Roy,,
Done,Dece24,15-Dec,Xiaomi TV A Pro 55 Inch,1,54590,54590,Premier Electronics Plus ,"Barapol Moor, Under Eastern Bank Ltd., Halishahar, Chittagong ",8801979600351,,,,Sundarban,,00,0070 - Tamal Roy,,
Done,Dece24,15-Dec,Xiaomi TV A Pro 32 Inch,1,20990,20990,Mayer Dowa electronics ,"Mill Gate,Gorai,Mirzapur,Tangail",8801676281516,,,,Sundarban,Please Deliver 01 pcs 32 A pro Tv,,0112 - Ahasanul Kabir,,
Done,Dece24,15-Dec,Xiaomi TV A Pro 32 Inch,1,20990,20990,Shetu electronics ,"Sadar,Chuadanga ",8801917936668,,,,Sundarban,,,0026 - Ohidul Islam,,
Done,Dece24,15-Dec,Mi Smart Scale 2,1,2490,2490,OnnoRokom Web Services Ltd,"2/1/E, Eden Center, Arambag, Motijheel, Dhaka-1000",8801708166273,,,,Self Delivery,,0,E-Com,,
Done,Dece24,15-Dec,Xiaomi TV A Pro 32 Inch,3,20990,62970,Mollick electronics ,"Jibonnagor, Chuadanga ",8801922487846,,,,Sundarban,,,0026 - Ohidul Islam,,
Done,Dece24,15-Dec,"Xiaomi TV A Pro 43"" QLED 2025",1,40990,40990,Sofiq electronics ,"Modhukhali Bazar Modhukhali, Faridpur ",8801705033553,,,,Sundarban,,,0026 - Ohidul Islam,,
Done,Dece24,17-Dec,"Xiaomi TV A Pro 43"" QLED 2025",1,45990,45990,Daraz,"Asfia tower - 76, Road-11, Block-E,  Banani ",8801847420050,daraz,daraz,daraz,Self Delivery,daraz,0,E-Com,,
Done,Dece24,17-Dec,Mi Smart Scale 2,2,2511,5022,Daraz,"Asfia tower - 76, Road-11, Block-E,  Banani ",8801847420050,daraz,daraz,daraz,Self Delivery,daraz,0,E-Com,,
Done,Dece24,17-Dec,Mi Dual Mode Wireless Mouse Silent Edition,1,889,889,Daraz,"Asfia tower - 76, Road-11, Block-E,  Banani ",8801847420050,daraz,daraz,daraz,Self Delivery,daraz,0,E-Com,,
Done,Dece24,17-Dec,Xiaomi TV A Pro 55 Inch,1,54590,54590,Mr Sabbir,"463 (level 5), Rd, 13, Block: F, Bashundhara R/A",8801705282828,,,,Self Delivery,MD sir Order,0,B2C,,
Done,Dece24,17-Dec,"Xiaomi TV A Pro 43"" QLED 2025",1,40990,40990,Meheruq Kader ( PInky ),Agargaon ( Near Biggyan Jadugar ),8801319567933,,,,Self Delivery,,0,B2C,,
Done,Dece24,17-Dec,"Xiaomi TV A Pro 43"" QLED 2025",1,40990,40990,Bj Electronics,Ctg,8801734640607,Bablu Electronics," Shop no 6, Gazi Complex Mobile Market, Cepz Moor, Chittagong",01711330222,Sundarban,,,0025 - Imran Hossain - CTG,,
Done,Dece24,17-Dec,"Xiaomi TV A Pro 43"" QLED 2025",1,40990,40990,Bj Electronics,Ctg,8801734640607,Sunjia Islam Juin," Assistant Commissioner and Executive Magistrate, DC Office, Maijdee, Noakhali Sadar.",01875854848,Sundarban,,,0025 - Imran Hossain - CTG,,
Done,Dece24,17-Dec,"Xiaomi TV A Pro 43"" QLED 2025",5,40990,204950,Shafin Enterprise ,"Address - Ekota Super Market,(3rd Floor) ,Dokan No-317, Modonpur,Bondar , Narayanganj ",8801902604413,,,,No Preference,,,0023 - Abdur Rahman,,
Done,Dece24,17-Dec,"Xiaomi TV A Pro 75"" QLED 2025",1,135990,135990,Shamim Electronics ,"Jolladkhana, North side of desco, Mirpur 10",8801999949933,,,,Self Delivery,,,0035 - Md.Rejaul Islam Sujon,Not Imposed,
Done,Dece24,17-Dec,"Xiaomi TV A Pro 43"" QLED 2025",10,40990,409900,Shamim Electronics ,Mirpur 10,8801999949933,,,,Self Delivery,,,0035 - Md.Rejaul Islam Sujon,,
Done,Dece24,17-Dec,Xiaomi TV A Pro 32 Inch,3,20990,62970,Shamim Electronics ,Mirpur 10,8801999949933,,,,Self Delivery,,,0035 - Md.Rejaul Islam Sujon,,
Done,Dece24,17-Dec,"Xiaomi TV A Pro 43"" QLED 2025",3,40990,122970,Wholesale Electronic Narayanganj ,Old abc School Uttor Chasara Narayanganj ,8801888018887,,,,No Preference,,,0023 - Abdur Rahman,,
Done,Dece24,17-Dec,"Xiaomi TV A Pro 43"" QLED 2025",3,40990,122970,Amin Smart LED Zone,"Shop: 2, Level: 2, Omar Shahjahan Tower, Ajompur Railgate, Uttara",8801715238629,,,,Self Delivery,,,0035 - Md.Rejaul Islam Sujon,,
Done,Dece24,17-Dec,"Xiaomi TV A Pro 43"" QLED 2025",2,40990,81980,Super Electronics 2,"Super electronics 2
1st floor Latif Center, Zindabazar, Sylhet.",8801712124747,,,,Sundarban,,,0094 - Shaharia Khan,,
Done,Dece24,17-Dec,"Xiaomi TV A Pro 43"" QLED 2025",2,40990,81980,New Japan electronics ,Stadium market. Khandir par Cumilla,8801841392790,,,,Sundarban,,,0107 - Tanjil Hossain,,
Done,Dece24,17-Dec,"Xiaomi TV A Pro 43"" QLED 2025",15,37400,561000,Chowdhury Electronics ,Alpona Plaza ,8801710549774,,,,Self Delivery,,,0033 - Imran Hossain - DHK,,
Done,Dece24,17-Dec,"Xiaomi TV A Pro 75"" QLED 2025",2,126000,252000,Chowdhury Electronics ,Alpona Plaza ,8801710549774,,,,Self Delivery,,,0033 - Imran Hossain - DHK,Not Imposed,
Done,Dece24,17-Dec,Xiaomi TV A Pro 32 Inch,5,20990,104950,SL Electronics ,"Jamir Ali Market, Ajompur, Uttara",8801746704173,,,,Self Delivery,,,0035 - Md.Rejaul Islam Sujon,,
Done,Dece24,17-Dec,"Xiaomi TV A Pro 43"" QLED 2025",3,40990,122970,SL Electronics ,"Ajompur, Uttara",8801746704173,,,,Self Delivery,,,0035 - Md.Rejaul Islam Sujon,,
Done,Dece24,17-Dec,Xiaomi TV A Pro 32 Inch,2,20990,41980,Electro Mind,"Bus stand, sadar,Meherpur ",8801714948828,,,,Sundarban,,,0026 - Ohidul Islam,,
Done,Dece24,17-Dec,"Xiaomi TV A Pro 43"" QLED 2025",2,40990,81980,Badol electronics ,"Main road, Maijdee court,Noakhali ",8801712862731,,,,Sundarban,,,0107 - Tanjil Hossain,,
Done,Dece24,17-Dec,Xiaomi TV A Pro 55 Inch,1,54590,54590,Badol electronics ,Maijdee Noakhali ,8801712862731,,,,Sundarban,,,0107 - Tanjil Hossain,,
Done,Dece24,17-Dec,Xiaomi TV A 2025 65 Inch,1,77990,77990,Badol electronics ,Maijdee Noakhali ,8801712862731,,,,Sundarban,,,0107 - Tanjil Hossain,Pending,
Done,Dece24,17-Dec,"Xiaomi TV A Pro 65"" QLED 2025",1,85590,85590,Badol electronics ,"Maijdee,Noakhali ",8801712862731,,,,Sundarban,,,0107 - Tanjil Hossain,Pending,
Done,Dece24,17-Dec,Xiaomi TV A Pro 32 Inch,2,20990,41980,Badol electronics ,"Maijdee, Noakhali ",8801712862731,,,,Sundarban,,,0107 - Tanjil Hossain,,
Done,Dece24,17-Dec,Xiaomi TV A Pro 32 Inch,2,20990,41980,AK electronics ,"Boshurhat, Noakhali ",8801818294390,,,,Sundarban,,,0107 - Tanjil Hossain,,
Done,Dece24,17-Dec,"Xiaomi TV A Pro 43"" QLED 2025",2,40990,81980,AK electronics ,"Boshurhat, Noakhali ",8801818294390,,,,Sundarban,,,0107 - Tanjil Hossain,,
Done,Dece24,18-Dec,Xiaomi TV A Pro 32 Inch,1,20990,20990,KB Electronics ,"Baneshwar Bazar, Puthia, Rajshahi ",8801731913708,,,,Sundarban,"Note:dangler-20p,Leaflet -100p, X- Stand-2p",,0019 - Hafizur Rahman,,
Done,Dece24,18-Dec,"Xiaomi TV A2 FHD 43""",1,26990,26990,KB Electronics ,"Baneshwar Bazar, Puthia, Rajshahi. ",8801731913708,,,,Sundarban,"Note:dangler-20p,leaflet -100p,X- Stand-02p",,0019 - Hafizur Rahman,,
Done,Dece24,18-Dec,Mi Dual Mode Wireless Mouse Silent Edition,1,1140,1140,Gadget & Gear (E-Com),"Police Plaza Concord (Tower 2), Gulshan 1, Dhaka 1212",8801318236986,,,,Self Delivery,,0,E-Com,,
Done,Dece24,18-Dec,"Xiaomi TV A2 FHD 43""",3,26990,80970,Shohan Electronics ,Hard Metal Gallery Dakbangla Khulna ,8801726728024,Nill,Nill,Nill,AJR,AJR e den ,00,0031 - Adnan Billah,,
Done,Dece24,18-Dec,"Xiaomi TV A Pro 43"" QLED 2025",1,40990,40990,Shohan Electronics ,Hard Metal Gallery Dakbangla Khulna ,8801726728024,Nill,Nill,Nill,AJR,,00,0031 - Adnan Billah,,
Done,Dece24,18-Dec,Xiaomi TV A Pro 55 Inch,2,54590,109180,Shohan Electronics ,Hard Metal Gallery Dakbangla Khulna,8801726728024,Nill,Nill,Nill,AJR,,00,0031 - Adnan Billah,,
Done,Dece24,18-Dec,"Xiaomi TV A Pro 43"" QLED 2025",3,40990,122970,Brand Bazaar ,Happy Arcadia shopping malls ,8801711903044,,,,Self Delivery,,,0033 - Imran Hossain - DHK,,
Done,Dece24,18-Dec,Xiaomi TV A Pro 55 Inch,1,54590,54590,Khan electro house ,"Badamtoli sorok,sada,Madaripur ",8801715163094,,,,AJR,,,0026 - Ohidul Islam,,
Done,Dece24,18-Dec,Mi Smart Scale 2,1,2500,2500,Khandekar Zoha,Amaya Accounts,8801779496151,,,,Self Delivery,,,E-Com,,
Done,Dece24,19-Dec,"Xiaomi TV A Pro 65"" QLED 2025",1,85590,85590,AC Mart & Electronics,Narkel Tola Satkhira Sadar ,8801988482543,Nill,Nill,Nill,Sundarban,,00,0031 - Adnan Billah,Done,
Done,Dece24,19-Dec,"Xiaomi TV A Pro 65"" QLED 2025",1,85590,85590,Bj Electronics,Ctg,8801734640607,Jane Alam,"A H HOUSE  EAST NOYA PARA,  BIBI BILA CHARAMBA, LOHAGARA,CTG. ",1818785698,Sundarban,,,0025 - Imran Hossain - CTG,Done,
Done,Dece24,19-Dec,"Xiaomi TV A Pro 65"" QLED 2025",1,85590,85590,Amin Smart LED Zone,"Shop: 1, Level: 2, Omar Shajahan Tower, Ajompur Railgate, Uttara",8801715238629,,,,Self Delivery,,,0035 - Md.Rejaul Islam Sujon,Not Imposed,
Done,Dece24,19-Dec,"Xiaomi TV A Pro 75"" QLED 2025",1,135990,135990,Sheba Electronics ,"Shop: 620, Level: 5, Rajuk Commercial Market, Uttara.",8801745308008,,,,Self Delivery,,,0035 - Md.Rejaul Islam Sujon,Not Imposed,
Done,Dece24,19-Dec,"Xiaomi TV A Pro 65"" QLED 2025",1,85590,85590,Shamim Electronics ,"Jolladkhana, North Side Of Desco, Mirpur 10",8801911004589,,,,Self Delivery,,,0035 - Md.Rejaul Islam Sujon,Not Imposed,
Done,Dece24,19-Dec,Xiaomi TV A Pro 55 Inch,5,54590,272950,Shamim Electronics ,Mirpur 10,8801911004589,,,,Self Delivery,,,0035 - Md.Rejaul Islam Sujon,,
Done,Dece24,19-Dec,Mi Smart Scale 2,1,2490,2490,OnnoRokom Web Services Ltd,"2/1/E, Eden Center, Arambag, Motijheel, Dhaka-1000",8801708166273,,,,Self Delivery,,0,E-Com,,
Done,Dece24,19-Dec,"Xiaomi TV A Pro 43"" QLED 2025",17,40990,696830,Shera Electronics ,"Shop: 24, Level: 2, Joynal Tower, Joynal Market, Dokkhinkhan, Uttara ",8801923318849,,,,Self Delivery,,,0035 - Md.Rejaul Islam Sujon,,
Done,Dece24,19-Dec,"Xiaomi TV A Pro 43"" QLED 2025",11,40990,450890,Shafin Enterprise ,Ekota Super Market Modonpur Bus stand ,8801902604413,,,,No Preference,,,0023 - Abdur Rahman,,
Done,Dece24,19-Dec,Xiaomi TV A Pro 55 Inch,1,54590,54590,Shafin Enterprise ,Ekota super market Modonpur Bondar Narayanganj ,8801902604413,,,,No Preference,,,0023 - Abdur Rahman,,
Done,Dece24,19-Dec,"Xiaomi TV A Pro 65"" QLED 2025",5,80700,403500,Chowdhury Electronics ,Alpona Plaza ,8801710549774,,,,Self Delivery,,,0033 - Imran Hossain - DHK,Not Imposed,
Done,Dece24,19-Dec,"Xiaomi TV A Pro 43"" QLED 2025",5,40990,204950,Brand Bazaar ,Happy Arcadia shopping malls ,8801711903044,,,,Self Delivery,,,0033 - Imran Hossain - DHK,,
Done,Dece24,19-Dec,"Xiaomi TV A Pro 75"" QLED 2025",1,136000,136000,Brand Bazaar ,Happy Arcadia shopping malls ,880 1711903044,,,,Self Delivery,,,0033 - Imran Hossain - DHK,Not Imposed,
Done,Dece24,19-Dec,"Xiaomi TV A Pro 65"" QLED 2025",1,85590,85590,Brand Bazaar ,Happy Arcadia shopping malls ,8801711903044,,,,Self Delivery,,,0033 - Imran Hossain - DHK,Not Imposed,
Done,Dece24,19-Dec,"Xiaomi TV A Pro 43"" QLED 2025",2,40990,81980,Long Tech ,"Y-7, Noor Jahan Road, Mohammadpur ",8801919234023,,,,Self Delivery,,,0033 - Imran Hossain - DHK,,
Done,Dece24,19-Dec,"Xiaomi TV A Pro 65"" QLED 2025",1,85590,85590,Long Tech ,"Y-7, Noor Jahan road, Mohammadpur ",8801919234023,,,,Self Delivery,,,0033 - Imran Hossain - DHK,Not Imposed,
Done,Dece24,19-Dec,"Xiaomi TV A Pro 43"" QLED 2025",10,39990,399900,Tech Land,"Multiplan, Level 13",8801647538526,,,,Self Delivery,,,0033 - Imran Hossain - DHK,,
Done,Dece24,19-Dec,"Xiaomi TV A Pro 43"" QLED 2025",5,40990,204950,Electronics City ,"Multiplan, level 3, shop 305",8801780379606,,,,Self Delivery,,,0033 - Imran Hossain - DHK,,
Done,Dece24,19-Dec,"Xiaomi TV A Pro 65"" QLED 2025",1,85590,85590,Electronics City ,Electronics City ,8801780379606,,,,Self Delivery,,,0033 - Imran Hossain - DHK,Not Imposed,
Done,Dece24,19-Dec,Xiaomi TV A Pro 55 Inch,2,54590,109180,Electronics City ,"Multiplan, level 3, shop 305",8801780379606,,,,Self Delivery,,,0033 - Imran Hossain - DHK,,
Done,Dece24,19-Dec,Xiaomi TV A Pro 55 Inch,1,53800,53800,Star Tech & Engineering Limited,"6th floor, 28 Kazi Nazrul Islam Ave,Navana Zohura Square, Dhaka 1000.",8801709995415,,,,Self Delivery,,0,B2B,,
Done,Dece24,21-Dec,Mi Dual Mode Wireless Mouse Silent Edition,2,990,1980,Daraz,"Asfia tower - 76, Road-11, Block-E,  Banani ",8801847420050,daraz,daraz,daraz,Self Delivery,daraz,0,E-Com,,
Done,Dece24,21-Dec,Mi Smart Scale 2,1,2790,2790,Daraz,"Asfia tower - 76, Road-11, Block-E,  Banani ",8801847420050,daraz,daraz,daraz,Self Delivery,daraz,0,E-Com,,
Done,Dece24,21-Dec,Xiaomi TV A Pro 43 Inch,2,36990,73980,Alhamdulillah Electronics,Ctg,8801818917168,,,,Sundarban,,,0025 - Imran Hossain - CTG,,
Done,Dece24,21-Dec,"Xiaomi TV A Pro 43"" QLED 2025",10,40000,400000,Star Tech & Engineering Limited,"6th floor, 28 Kazi Nazrul Islam Ave,Navana Zohura Square, Dhaka 1000.",8801709995415,,"127 Hazaribagh Road, Dhaka 1209 (Near tannery More Jame Mosjid) Former Apex Tannery",,Self Delivery,,0,B2B,,
Done,Dece24,21-Dec,Xiaomi TV A Pro 55 Inch,10,53800,538000,Star Tech & Engineering Limited,"6th floor, 28 Kazi Nazrul Islam Ave,Navana Zohura Square, Dhaka 1000.",8801709995415,,"127 Hazaribagh Road, Dhaka 1209 (Near tannery More Jame Mosjid) Former Apex Tannery",,Self Delivery,,0,B2B,,
Done,Dece24,21-Dec,"Xiaomi TV A Pro 43"" QLED 2025",1,40990,40990,Success Computer & Engeneering ,"112,113,114,Aloka nodi bangla complex, Rambabu road, Mymensingh ",8801711682184,,,,Self Pick,Advance payment his ledger 24000.Another amount will pay in logistics  & ensure self pick in logistics. Plz ensure delivery. Ibrahim-01845842999,,0112 - Ahasanul Kabir,,
Done,Dece24,21-Dec,"Xiaomi TV A Pro 43"" QLED 2025",1,44151,44151,Daraz,"Asfia tower - 76, Road-11, Block-E,  Banani ",8801847420050,daraz,daraz,daraz,Self Delivery,daraz,0,E-Com,,
Done,Dece24,21-Dec,Mi Smart Air Fryer 3.5L,1,9302,9302,Daraz,"Asfia tower - 76, Road-11, Block-E,  Banani ",8801847420050,daraz,daraz,daraz,Self Delivery,daraz,0,E-Com,,
Done,Dece24,21-Dec,Mi Dual Mode Wireless Mouse Silent Edition,1,990,990,Daraz,"Asfia tower - 76, Road-11, Block-E,  Banani ",8801847420050,daraz,daraz,daraz,Self Delivery,daraz,0,E-Com,,
Done,Dece24,22-Dec,"Xiaomi TV A Pro 65"" QLED 2025",2,85590,171180,Wholesale Electronic Narayanganj ,Old abc school Uttor Chasara Narayanganj ,8801888018887,,,,No Preference,,,0023 - Abdur Rahman,Not Imposed,
Done,Dece24,22-Dec,Mi Dual Mode Wireless Mouse Silent Edition,1,990,990,Daraz,"Asfia tower - 76, Road-11, Block-E,  Banani ",8801847420050,daraz,daraz,daraz,Self Delivery,daraz,0,E-Com,,
Done,Dece24,23-Dec,"Xiaomi TV A Pro 65"" QLED 2025",1,85590,85590,Wholesale Electronic Narayanganj ,Old abc school Uttor Chasara ,8801888018887,"Mobashshira Anwar Road - 55, Plot - 21, Flat - D 1 Gulshan  - 2, Dhaka - 1212","Mobashshira Anwar Road - 55, Plot - 21, Flat - D 1 Gulshan  - 2, Dhaka - 1212",,No Preference,"Wholesale Electronic Narayanganj 
Secondary address-Mobashshira Anwar
Road - 55,
Plot - 21,
Flat - D 1
Gulshan  - 2,
Dhaka - 1212
Mobile  - 01550057558

Order - 65"" Qled-1ps


Total Cash on Delivery amount-98000
",,0023 - Abdur Rahman,Not Imposed,
Done,Dece24,23-Dec,Xiaomi TV A Pro 55 Inch,2,54590,109180,Amin Smart LED Zone,"Shop: 1, Level: 2, Omar Shahjahan Tower, Ajompur Railgate, Uttara",8801908668577,,,,Self Delivery,,,0035 - Md.Rejaul Islam Sujon,,
Done,Dece24,23-Dec,Mi Dual Mode Wireless Mouse Silent Edition,1,990,990,Daraz,"Asfia tower - 76, Road-11, Block-E,  Banani ",8801847420050,daraz,daraz,daraz,Self Delivery,daraz,0,E-Com,,
Done,Dece24,23-Dec,Xiaomi TV A Pro 55 Inch,1,54590,54590,Long Tech ,Noor Jahan road ,8801919234023,Yeasin Ahmed,"333 Mir Hajir Bag, Jatrabari, Dhaka (Near by Ex Habu Commissioner House)",8801793298333,Self Delivery,,,0033 - Imran Hossain - DHK,,
Done,Dece24,23-Dec,"Xiaomi TV A Pro 65"" QLED 2025",1,85590,85590,Sheba Electronics ,"Shop: 620, Level: 5, Rajuk Commercial, Ajompur, Uttara",8801745308008,,,,Self Delivery,,,0035 - Md.Rejaul Islam Sujon,Not Imposed,
Done,Dece24,23-Dec,Xiaomi TV A Pro 65 Inch,1,73990,73990,Shamim Electronics ,"Jolladkhana, North Side Of Desco, Mirpur 10",8801999949933,,,,Self Delivery,,,0035 - Md.Rejaul Islam Sujon,Not Imposed,
Done,Dece24,23-Dec,"Xiaomi TV A Pro 43"" QLED 2025",1,39000,39000,Habibur Rahman,"House - 18, Road-7, Block-E, Mirpur -1 (Eid gah math er pashe)",8801958520190,,,,Self Delivery,,0,B2B,,
Done,Dece24,24-Dec,Redmi Buds 3 Pro,1,3490,3490,Daraz,"Asfia tower - 76, Road-11, Block-E,  Banani ",8801847420050,daraz,daraz,daraz,Self Delivery,daraz,0,E-Com,,
Done,Dece24,24-Dec,"Xiaomi TV A Pro 43"" QLED 2025",3,40690,122070,New Friends Electronics,"Shop: 29, Bongobondhu National Stadium Market, Dhaka",8801701395334,,,,No Preference,,,0116 - Toukir Ahmed,,
Done,Dece24,24-Dec,"Xiaomi TV A Pro 65"" QLED 2025",1,85590,85590,National Electronics ,"Fatema Plaza, Chawrongi bazar Gopalgonj.",8801714065626,Nill,Nill,Nill,Sundarban,,00,0031 - Adnan Billah,Done,
Done,Dece24,26-Dec,"Xiaomi TV A Pro 75"" QLED 2025",1,173170,173170,Garments Export Village Limited,"Maa Tower, K.B.M Road, Tongi I/A, Gazipur",8801817291761,,,,No Preference,"Special Price With ATI - 142000
VAT - 31170
Total - 173170",,B2B,Done,
Done,Dece24,26-Dec,Mi 23.8'' Desktop Monitor 1C,2,11000,22000,Chowdhury Electronics ,Alpona Plaza ,8801710549774,,,,Self Delivery,,,0033 - Imran Hossain - DHK,,
Done,Dece24,26-Dec,Xiaomi TV A Pro 32 Inch,2,20990,41980,Dhaka E Mart,"773. Begum Rokeya Sarami, Shewrapara, Mirpur, Dhaka",8801734766888,,,,Self Delivery,,,0035 - Md.Rejaul Islam Sujon,,
Done,Dece24,26-Dec,"Xiaomi TV A Pro 43"" QLED 2025",1,40990,40990,Long Tech ,Noor Jahan road ,8801919234023,Race Online Limited,"Level - 5,Impetus Center,242/B Bir Uttam Mir Shawkat Sarak,Dhaka 1208",8801844-543162,Self Delivery,,,0033 - Imran Hossain - DHK,,
Done,Dece24,26-Dec,Xiaomi TV A Pro 32 Inch,10,19990,199900,Chowdhury Electronics ,Alpona Plaza ,8801710549774,,,,Self Delivery,,,0033 - Imran Hossain - DHK,,
Done,Dece24,26-Dec,Mi Dual Mode Wireless Mouse Silent Edition,1,1140,1140,Penguin,self pick,no number,,,,Self Pick,Shared by Shad,0,B2B,,
Done,Dece24,24-Dec,Xiaomi TV A Pro 32 Inch,1,21000,21000,Conromo Technology,"House - 14, Road 7, Dhanmondi, Dhaka",8801847095895,,,,Self Pick,Shared by Shad and collection confirmed by Nasir,,B2B,,
Done,Dece24,26-Dec,Xiaomi TV A Pro 32 Inch,4,20990,83960,Jahidul electronics ,Kanchon Rupganj ,8801737804055,Tajmahal Electronics ,Borpa bus stand Rupganj Narayanganj ,+880 1818-266760,No Preference,,,0023 - Abdur Rahman,,
Done,Dece24,26-Dec,Mi Smart Scale 2,3,2490,7470,OnnoRokom Web Services Ltd,"2/1/E, Eden Center, Arambag, Motijheel, Dhaka-1000",8801708166273,,,,No Preference,Shared by Shad,,E-Com,,
Done,Dece24,26-Dec,Xiaomi Wireless Keyboard and Mouse Combo,1,1990,1990,OnnoRokom Web Services Ltd,"2/1/E, Eden Center, Arambag, Motijheel, Dhaka-1000",8801708166273,,,,No Preference,Shared by Shad,,E-Com,,
Done,Dece24,26-Dec,"Xiaomi TV A Pro 43"" QLED 2025",3,39500,118500,Jahidul Electronics ,Kanchon Bazar Rupganj Narayanganj ,8801737804055,,,,No Preference,,,0023 - Abdur Rahman,,
Done,Dece24,26-Dec,Xiaomi TV A Pro 32 Inch,3,20990,62970,M/S Mamtaz electronics ,"Deukhola Bazar Main Road Fulbaria, Mymensingh ",8801622293463,,,,Sundarban,Brother plz ensure home delivery. ,,0112 - Ahasanul Kabir,,
Cancelation,Dece24,,"Xiaomi TV A 43"" FHD 2025",,,0,Star Tech,Multiplan 13 Floor,8801709995415,,,,Self Delivery,,,B2B,,
Done,Dece24,27-Dec,Redmi Buds 3 Pro,1,3500,3500,Janapriyo Electronics ,Bazir mor Narsingdi Demra ,8801715939459,The Best Electronics ,"শোরুম এর নামঃ দি বেস্ট ইলেক্ট্রনিকস  ঠিকানাঃ ১/১, পাড়াডগাইর, সামিউল আহসান রোড, ডেমরা, ঢাকা।  ফোনঃ , ০১৮৮৬৮১৭২৮১",1705515251,No Preference,"Send it with replacement 55"" Tv ",,0023 - Abdur Rahman,,
Done,Dece24,28-Dec,Xiaomi TV A Pro 32 Inch,2,20990,41980,Samsung Electronics Mart,"Tamanna Complex, Kochukhet, Mirpur, Dhaka. (Kochukhet Foot Over Bridge)",8801735025695,,,,Self Delivery,Cash on delivery ,,0035 - Md.Rejaul Islam Sujon,,
Done,Dece24,28-Dec,Xiaomi TV A Pro 32 Inch,2,20990,41980,Sheba Electronics ,"Shop: 620, Level: 5, Rajuk Commercial Market, Uttara",8801309312131,,,,Self Delivery,,,0035 - Md.Rejaul Islam Sujon,,
Done,Dece24,28-Dec,Mi Smart Scale 2,3,2790,8370,Daraz,"Asfia tower - 76, Road-11, Block-E,  Banani ",8801847420050,daraz,daraz,daraz,Self Delivery,daraz,0,E-Com,,
Done,Dece24,28-Dec,Xiaomi Wireless Keyboard and Mouse Combo,1,2290,2290,Daraz,"Asfia tower - 76, Road-11, Block-E,  Banani ",8801847420050,daraz,daraz,daraz,No Preference,daraz,0,E-Com,,
Done,Dece24,28-Dec,Mi Dual Mode Wireless Mouse Silent Edition,1,990,990,Daraz,"Asfia tower - 76, Road-11, Block-E,  Banani ",8801847420050,daraz,daraz,daraz,Self Delivery,daraz,0,E-Com,,
Done,Dece24,28-Dec,Xiaomi TV A Pro 32 Inch,2,20990,41980,Archy Electronic ,Club market bb road,8801973332816,,,,No Preference,,,0023 - Abdur Rahman,,
Done,Dece24,28-Dec,Xiaomi TV A Pro 55 Inch,1,54590,54590,Sheba Electronics ,"Uttara, Ajompur ",8801745308008,Alpana Habib,"Apt A4, H12A,  Rd - 63, Gulshan-2",01720373817,Self Delivery,,,0035 - Md.Rejaul Islam Sujon,,
Done,Dece24,28-Dec,"Xiaomi TV A Pro 65"" QLED 2025",1,84590,84590,Star Tech & Engineering Limited,"6th floor, 28 Kazi Nazrul Islam Ave,Navana Zohura Square, Dhaka 1000.",8801709995415,Star Tech Ltd  Store Multiplan Center 13  New Elephant Road Multiplan Center Lavel 13 Shop no 1304  Contact Person: Mr. Mamun  Number,Multiplan Center 13  New Elephant Road Multiplan Center Lavel 13 Shop no 1304,8801313-717050 - Mamun  ,Self Delivery,,,B2B,Done,
Done,Dece24,28-Dec,"Xiaomi TV A Pro 43"" QLED 2025",1,40990,40990,Electronics Gallery ,"Altafunnesa school field,Satanibari,Sadar  Bogura ",8801715605378,,,,Sundarban,,,0019 - Hafizur Rahman,,
Done,Dece24,28-Dec,Xiaomi TV A Pro 65 Inch,1,73990,73990,Cell Computer ,"Greater road,Kadirganj, Bualia, Rajshahi. ",8801714081082,,,,Sundarban,,,0019 - Hafizur Rahman,Done,
Done,Dece24,28-Dec,Mi Smart Scale 2,2,2790,5580,Daraz,"Asfia tower - 76, Road-11, Block-E,  Banani ",8801847420050,daraz,daraz,daraz,Self Delivery,daraz,0,E-Com,,
Done,Dece24,28-Dec,Xiaomi TV A Pro 32 Inch,10,20490,204900,Jitu,"Elephant road, Dhaka",8801723863710,,,,No Preference,,0,0033 - Imran Hossain - DHK,,
Done,Dece24,28-Dec,"Xiaomi TV A Pro 43"" QLED 2025",5,39690,198450,Jitu,"Elephant road, Dhaka",8801723863710,,,,Self Delivery,,0,0033 - Imran Hossain - DHK,,
Done,Dece24,29-Dec,Xiaomi TV X85 (Chinese),1,200000,200000,Bismillah World Technologies (BWT),"Dhanmoni 1, Dhaka","01919679255, 01956666777",,,,Self Delivery,,0,B2B,,
Done,Dece24,29-Dec,Mi Dual Mode Wireless Mouse Silent Edition,1,1140,1140,Gadget & Gear (E-Com),"Police Plaza Concord (Tower 2), Gulshan 1, Dhaka 1212",8801318236986,,,,Self Delivery,,0,E-Com,,
Done,Dece24,29-Dec,Mi Smart Scale 2,1,2790,2790,Electronics Park,"Kazi Market, shongram Hospital er uttor pashe Polash pol Shatkhira . ","8801711507798 , 8801718525354",আশা,কপিলমনি বাজার হরির ডালি পুলিশ ফাঁড়ির সামনে,01718525354,Sundarban,Don’t share price invoice ,00,0031 - Adnan Billah,,
Done,Dece24,29-Dec,"Xiaomi TV A Pro 43"" QLED 2025",1,40990,40990,Shahin Computer ,Chawrongi Bazar Gopalgonj ,8801715711707,Nill,Nill,Nill,Sundarban,,00,0031 - Adnan Billah,,
Done,Dece24,29-Dec,Mi Dual Mode Wireless Mouse Silent Edition,1,1140,1140,Minion Gadget,Alpona Plaza,8801778767884,,,,Self Delivery,,0,B2B,,
Done,Dece24,30-Dec,Xiaomi TV A Pro 32 Inch,3,20990,62970,Tv Bazar ,"Multiplan, level 1",8801881584115,,,,Self Delivery,,,0033 - Imran Hossain - DHK,,
Done,Dece24,30-Dec,Xiaomi TV A Pro 55 Inch,1,54590,54590,Gulshan Gadget ,"Gulshan Point, Plot (CWS) 7A, Bir Uttam AK khondokar Road Gulshan south avanue, Gulsha 1, Dhaka",8801914224863,,,,Self Delivery,,,0035 - Md.Rejaul Islam Sujon,,
Done,Dece24,30-Dec,"Xiaomi TV A Pro 43"" QLED 2025",1,40990,40990,Esha Electronics ,"Shah Amanat City Corporation Super Market (1st Floor), Jubilee Road, Chittagong",8801716548281,,,,Sundarban,,00,0070 - Tamal Roy,,
Done,Dece24,31-Dec,Mi Dual Mode Wireless Mouse Silent Edition,1,990,990,Daraz,"Asfia tower - 76, Road-11, Block-E,  Banani ",8801847420050,daraz,daraz,daraz,Self Delivery,daraz,0,E-Com,,
Done,Dece24,31-Dec,Xiaomi TV A Pro 55 Inch,10,53800,538000,Star Tech & Engineering Limited,"6th floor, 28 Kazi Nazrul Islam Ave,Navana Zohura Square, Dhaka 1000.",8801709995415,,,,No Preference,,0,B2B,,
Done,Dece24,31-Dec,Xiaomi TV A Pro 32 Inch,2,20990,41980,J S Electronics ,Sipahipara Cawrasta rampal Munshiganj ,8801770375981,,,,No Preference,,,0023 - Abdur Rahman,,
Done,Dece24,31-Dec,"Xiaomi TV A Pro 43"" QLED 2025",1,40500,40500,Jahidul Electronics ,Kanchon Bazar ,8801716738591,Js Electronic ,Sipahipara cwarrasta rampal Munshiganj ,01317207708,No Preference,,,0023 - Abdur Rahman,,
Done,Dece24,31-Dec,"Xiaomi TV A Pro 43"" QLED 2025",6,39500,237000,Jahidul electronics ,Kanchon Bazar Rupganj ,8801716738591,,,,No Preference,,,0023 - Abdur Rahman,,
Done,Dece24,31-Dec,Xiaomi TV A Pro 55 Inch,3,52990,158970,Jahidul Electronics ,Kanchon Bazar Rupganj Narayanganj ,8801716738591,,,,No Preference,,,0023 - Abdur Rahman,,
Done,Janu25,1-Jan,"Xiaomi TV A Pro 43"" QLED 2025",2,40990,81980,Bj Electronics,Ctg,8801734640607,,,,Sundarban,,,0025 - Imran Hossain - CTG,,
Done,Janu25,1-Jan,Xiaomi TV A 2025 65 Inch,1,77990,77990,Bj Electronics,Ctg,8801734640607,,,,Sundarban,,,0025 - Imran Hossain - CTG,Done,
Done,Janu25,1-Jan,Xiaomi TV A Pro 55 Inch,2,54590,109180,Bj Electronics,Ctg,8801734640607,,,,Sundarban,,,0025 - Imran Hossain - CTG,,
Done,Janu25,1-Jan,Xiaomi TV A Pro 32 Inch,3,20990,62970,Electro Mind ,"Bus stand, sadar,Meherpur ",8801714948828,,,,Sundarban,,,0026 - Ohidul Islam,,
Done,Janu25,1-Jan,"Xiaomi TV A Pro 43"" QLED 2025",1,40990,40990,Electro Mind ,"Bus stand, sadar,Meherpur ",8801714948828,,,,Sundarban,,,0026 - Ohidul Islam,,
Done,Janu25,1-Jan,Xiaomi TV A Pro 32 Inch,6,20990,125940,Mollick electronics ,"Jibonnagor, Chuadanga ",8801922487846,,,,Sundarban,,,0026 - Ohidul Islam,,
Done,Janu25,1-Jan,"Xiaomi TV A Pro 43"" QLED 2025",1,40990,40990,Mollick electronics ,"Jibonnagor, Chuadanga ",8801922487846,,,,Sundarban,,,0026 - Ohidul Islam,,
Done,Janu25,1-Jan,Xiaomi TV A Pro 55 Inch,10,52990,529900,Chowdhury Electronics ,Alpona Plaza ,8801710549774,,,,Self Delivery,,,0033 - Imran Hossain - DHK,,
Done,Janu25,1-Jan,"Xiaomi TV A Pro 43"" QLED 2025",1,38000,38000,Sindrella Das,"House-1026/1, East Monipur, Kathaltola, Mirpur-2,Dhaka-1216",8801308311469,,,,Self Delivery,MD Sir order,0,B2C,,
Done,Janu25,1-Jan,"Xiaomi TV A Pro 43"" QLED 2025",1,40990,40990,Bj Electronics,Ctg,8801734640607,Bablu Electronics,"Shop no 6, Gazi Complex Mobile Market, Cepz Moor, Chittagong ",01711330222,Sundarban,,,0025 - Imran Hossain - CTG,,
Done,Janu25,2-Jan,Mi Dual Mode Wireless Mouse Silent Edition,1,990,990,Daraz,"Asfia tower - 76, Road-11, Block-E,  Banani ",8801847420050,daraz,daraz,daraz,Self Delivery,daraz,0,E-Com,,
Done,Janu25,2-Jan,Xiaomi TV A Pro 32 Inch,10,20990,209900,RM Electronics ,"P94, Bus Stand Road, Gulzarbag, Zinzira, Keraniganj, Dhaka.",8801981520257,,,,No Preference,,209900,0116 - Toukir Ahmed,,
Done,Janu25,2-Jan,"Xiaomi TV A Pro 43"" QLED 2025",10,40990,409900,RM Electronics ,"P94, Bus Stand Road, Gulzarbag, Zinzira, Keraniganj, Dhaka",8801981520257,,,,No Preference,,409900,0116 - Toukir Ahmed,,
Done,Janu25,2-Jan,Xiaomi TV A 2025 65 Inch,1,77990,77990,RM Electronics ,"P94, Bus Stand Road, Gulzarbag, Zinzira, Keraniganj, Dhaka",8801981520257,,,,No Preference,,77990,0116 - Toukir Ahmed,Not Imposed,
Done,Janu25,2-Jan,"Xiaomi TV A 43"" FHD 2025",2,29990,59980,Raton electronics ,"Milkvita road,Takerhat, Madaripur ",8801711398333,,,,Sundarban,,,0026 - Ohidul Islam,,
Done,Janu25,2-Jan,Xiaomi TV A Pro 55 Inch,1,54500,54500,Hospi Trade,"Nasir Trade Center, 89 Bir Uttam, CR Dutta Rd, Hatirpool, Dhaka 1205",8801705229204,,,,Self Delivery,,0,B2B,,
Done,Janu25,2-Jan,"Xiaomi TV A Pro 65"" QLED 2025",1,85590,85590,Hospi Trade,"Nasir Trade Center, 89 Bir Uttam, CR Dutta Rd, Hatirpool, Dhaka 1205",8801705229204,,,,Self Delivery,,0,B2B,Done,
Done,Janu25,2-Jan,Xiaomi TV A Pro 32 Inch,3,20990,62970,NB Electronics,Ctg,8801720189210,,,,Sundarban,,,0070 - Tamal Roy,,
Done,Janu25,2-Jan,Xiaomi TV A Pro 55 Inch,2,54590,109180,NB Electronics ,Ctg,8801720189210,,,,No Preference,,,0070 - Tamal Roy,,
Done,Janu25,2-Jan,"Xiaomi TV A Pro 43"" QLED 2025",1,40990,40990,NB Electronics ,Ctg,8801720189210,,,,No Preference,,,0070 - Tamal Roy,,
Done,Janu25,2-Jan,"Xiaomi TV A Pro 43"" QLED 2025",5,40990,204950,FM Electronics ,"Rifle Club, Nandan Kanon, Chittagong.",8801824946334,,,,No Preference,,,0025 - Imran Hossain - CTG,,
Done,Janu25,2-Jan,Xiaomi TV A Pro 55 Inch,5,54590,272950,FM Electronics ,"Rifle Club, Nandan Kanon, Chittagong.",8801824946334,,,,No Preference,,,0025 - Imran Hossain - CTG,,
Done,Janu25,2-Jan,"Xiaomi TV A Pro 75"" QLED 2025",2,135990,271980,FM Electronics ,"Rifle Club, Nandan Kanon, Chittagong.",8801824946334,,,,No Preference,,,0025 - Imran Hossain - CTG,Done,
Done,Janu25,2-Jan,Xiaomi TV A Pro 32 Inch,4,20990,83960,Mostofa Electronics,"Dholaipar, Dhaka",8801552484806,,,,No Preference,,83960,0116 - Toukir Ahmed,,
Done,Janu25,2-Jan,"Xiaomi TV A Pro 43"" QLED 2025",1,40990,40990,Mostofa Electronics ,"Dholaipar, Dhaka",8801552484806,,,,No Preference,,40990,0116 - Toukir Ahmed,,
Done,Janu25,2-Jan,Xiaomi TV A Pro 55 Inch,1,54590,54590,Mostofa Electronics ,"Dholaipar, Dhaka",8801552484806,,,,No Preference,,54590,0116 - Toukir Ahmed,,
Done,Janu25,4-Jan,Mi Smart Scale 2,1,3590,3590,Daraz,"Asfia tower - 76, Road-11, Block-E,  Banani ",8801847420050,daraz,daraz,daraz,Self Delivery,daraz,0,E-Com,,
Done,Janu25,4-Jan,Mi Smart Air Fryer 3.5L,1,8990,8990,OnnoRokom Web Services Ltd," 2/1/E, Eden Center, Arambag, Motijheel, Dhaka-1000

",8801708166273, OnnoRokom Web Services Ltd," 2/1/E, Eden Center, Arambag, Motijheel, Dhaka-1000",1708166273,Self Delivery," OnnoRokom Web Services Ltd
",0,E-Com,,
Done,Janu25,4-Jan,"Xiaomi TV A Pro 43"" QLED 2025",1,40990,40990,Mi Store (Hello Tel),"Shop: 020B2, Block: C, Level: 4, Jamuna Future Park",8801631741239,,,,Self Delivery,,0,0035 - Md.Rejaul Islam Sujon,,
Done,Janu25,4-Jan,Xiaomi TV A Pro 32 Inch,6,20990,125940,Techno Electronics ,Ctg,8801747079467,,,,Sundarban,,,0025 - Imran Hossain - CTG,,
Done,Janu25,4-Jan,Xiaomi TV A Pro 55 Inch,5,54590,272950,Dream Electronics ,"ICT Bhaban, level 4",8801923853256,,,,Self Delivery,,,0033 - Imran Hossain - DHK,,
Done,Janu25,4-Jan,Xiaomi TV A Pro 32 Inch,3,20990,62970,Dream Electronics ,"ICT Bhaban, level 4",8801923853256,,,,Self Delivery,,,0033 - Imran Hossain - DHK,,
Done,Janu25,5-Jan,Mi Smart Scale 2,1,2790,2790,Daraz,"Asfia tower - 76, Road-11, Block-E,  Banani ",8801847420050,daraz,daraz,daraz,Self Delivery,daraz,0,E-Com,,
Done,Janu25,5-Jan,Mi Smart Air Fryer 3.5L,1,8490,8490,Silver Water Technologies Bangladesh Limited	,"Address - HOUSE- 26, ROAD-07, BLOCK- C, NIKETON, GULSHAN1, PS-GULSHAN, DHAKA",8801715601888,Silver Water Technologies Bangladesh Limited	,"HOUSE- 26, ROAD-07, BLOCK- C, NIKETON, GULSHAN1, PS-GULSHAN, DHAKA	",880 1715-601888,Self Delivery,Pickaboo,0,E-Com,,
Done,Janu25,5-Jan,"Xiaomi TV A Pro 43"" QLED 2025",1,40990,40990,Shohan Electronics ,Hard metal gallery Dakbangla Khulna ,8801726728024,Md. Naimul Hasan ,"Nirala Tower', Flat-5D, House- 1/F, Goltek, Barontek, (Behind Janata Bank), Balughat, ",+880 1818‑468960,No Preference,Note : ECB....PLEASE SEND THE PAUSE MACHINE,00,0031 - Adnan Billah,,
Done,Janu25,5-Jan,Xiaomi TV A Pro 32 Inch,2,20990,41980,Mokka electronics ,"Sadar,Gopalgonj ",8801916385902,,,,Sundarban,,,0026 - Ohidul Islam,,
Done,Janu25,5-Jan,Xiaomi TV A Pro 32 Inch,2,20990,41980,Aristo computer ,"Lavli tower, sadar,Kushtia ",8801711450101,,,,Sundarban,,,0026 - Ohidul Islam,,
Done,Janu25,5-Jan,"Xiaomi TV A Pro 43"" QLED 2025",2,40990,81980,UB Mobile Centre ,Narsindi sadar road,8801711148963,,,,Sundarban,,,0023 - Abdur Rahman,,
Done,Janu25,5-Jan,Xiaomi TV A Pro 32 Inch,1,20490,20490,Jitu,"Elephant road, Dhaka",8801723863710,,,,Self Delivery,,0,B2B,,
Done,Janu25,5-Jan,"Xiaomi TV A Pro 43"" QLED 2025",1,40990,40990,Dx Tel Shop (Sanmar),"4th Floor, Sanmar Ocean City, Nasirabad, Ctg",8801828912903,,,,Self Delivery,,0,B2B,,
Done,Janu25,6-Jan,Xiaomi TV A Pro 32 Inch,3,20790,62370,New Friends electronics ,29 Bangabandhu national Stadium market,8801817097172,,,,No Preference,,,0116 - Toukir Ahmed,,
Done,Janu25,6-Jan,"Xiaomi TV A Pro 43"" QLED 2025",3,40690,122070,New friends electronics ,29 Bangabandhu national Stadium market ,8801817097172,,,,No Preference,,,0116 - Toukir Ahmed,,
Done,Janu25,6-Jan,"Xiaomi TV A Pro 75"" QLED 2025",1,134990,134990,New Friends electronics ,29 Bangabandhu national Stadium market ,8801817097172,,,,No Preference,,,0116 - Toukir Ahmed,Not Imposed,
Done,Janu25,6-Jan,"Xiaomi TV A Pro 43"" QLED 2025",1,40990,40990,Mi Store (Mobile Choice),"House: 566, Shahid Baki Road, Block: C, Khilgoan Dhaka 1219",8801853970905,,,,Self Delivery,,0,B2B,,
Done,Janu25,6-Jan,"Xiaomi TV A Pro 43"" QLED 2025",1,40990,40990,New Khan mobile point ,"Victoria road, Tangail Sadar. ",8801711909853,,,,Sundarban,For Live Dummy,,0112 - Ahasanul Kabir,,
Done,Janu25,6-Jan,Xiaomi TV A Pro 32 Inch,2,20990,41980,Grameen electronics ,"Gojariya, Faridpur ",8801912663677,Safa electronics ,"Alipur,sadar,Faridpur ",8801711977676,Sundarban,,,0026 - Ohidul Islam,,
Done,Janu25,6-Jan,Xiaomi TV A Pro 55 Inch,1,54590,54590,Computer Park,"BSC complex 24, 25 KDA Avenue  Shekh para Moor Khulna . ",8801750106455,Nill,Nill,Nill,Sundarban,,0,0031 - Adnan Billah,,
Done,Janu25,6-Jan,Xiaomi TV A Pro 32 Inch,3,20990,62970,Computer Park ,"BSC complex 24, 25 KDA Avenue  Shekh para Moor Khulna . ",8801750106455,Nill,Nill,Nill,Sundarban,"POP , PSM needed new dealer",00,0031 - Adnan Billah,,
Done,Janu25,6-Jan,Xiaomi TV A Pro 32 Inch,1,20990,20990,M/S Union enterprise ,"Taltola,Akurtakur para,Tangail",8801727012342,,,,Sundarban,Plz proceed home delivery in Sundarban ,,0112 - Ahasanul Kabir,,
Done,Janu25,6-Jan,"Xiaomi TV A Pro 43"" QLED 2025",2,40990,81980,Computer Park,"BSC complex 24, 25 KDA Avenue  Shekh para Moor Khulna . ",8801750106455,Nill,Nill,Nill,Sundarban,POP PSM Needed please new Dealer ,00,0031 - Adnan Billah,,
Done,Janu25,6-Jan,Xiaomi TV A Pro 32 Inch,1,20990,20990,Mi Smart point ,"Abdul jolil super market, Sorishahatir more,Sadar Naogaon. ",8801713701417,MI store Hazi Traders,"Nojipur bus stand,potnitola,Naogaon. ",+880 1712-196540,Sundarban,,,0019 - Hafizur Rahman,,
Done,Janu25,7-Jan,Xiaomi TV A Pro 32 Inch,2,20990,41980,Khan Electronics,"Shopnopuri Underground, Kunabari, Gazipur",8801740647297,,,,No Preference,"21980/- cash will pay at 12/01/25, And 20000/- cheque already given which will clear end of the month",20000,0117 - Mohosin Lasker,,
Done,Janu25,7-Jan,Xiaomi TV A Pro 32 Inch,2,20990,41980,MG Bazar ,"Salma Complex, Borobari, Gacha, Gazipur",8801711258320,,,,No Preference,Cheque will clear at 30/01/25,41980,0117 - Mohosin Lasker,,
Done,Janu25,7-Jan,"Xiaomi TV A Pro 43"" QLED 2025",1,40990,40990,MG Bazar ,"Salma Complex, Borobari, Gacha, Gazipur",8801711258320,,,,No Preference,,,0117 - Mohosin Lasker,,
Done,Janu25,7-Jan,"Xiaomi TV A Pro 43"" QLED 2025",1,40990,40990,Samsung Electronics Mart,"Tamanna Complex, Kochukhet, Mirpur, Dhaka",8801735025695,,,,Self Delivery,"Cash Collect 4,000/- ",,0035 - Md.Rejaul Islam Sujon,,
Done,Janu25,7-Jan,Xiaomi TV A Pro 55 Inch,1,54590,54590,Bangladesh office supply & services LTD,...,8801705707333,,,,Self Pick,,,0033 - Imran Hossain - DHK,,
Done,Janu25,7-Jan,Xiaomi TV A Pro 32 Inch,2,20990,41980,Tahmina electronics ,"Doyagonj Mor, Jatrabari, Dhaka.",8801311857493,,,,No Preference,,,0116 - Toukir Ahmed,,
Done,Janu25,7-Jan,Xiaomi TV A Pro 55 Inch,1,54590,54590,Tahmina electronics ,"Doyagonj Mor, Jatrabari, Dhaka.",8801311857493,,,,No Preference,,,0116 - Toukir Ahmed,,
Done,Janu25,7-Jan,Xiaomi TV A Pro 32 Inch,15,20990,314850,FM Electronics ,"Rifle Club, Nandan Kanon, Chittagong.",8801824946334,,,,No Preference,,,0025 - Imran Hossain - CTG,,
Done,Janu25,7-Jan,"Xiaomi TV A Pro 75"" QLED 2025",1,135990,135990,FM Electronics ,"Rifle Club, Nandan Kanon, Chittagong.",8801824946334,,,,No Preference,,,0025 - Imran Hossain - CTG,Done,
Done,Janu25,7-Jan,"Xiaomi TV A Pro 75"" QLED 2025",2,135990,271980,Bj Electronics,Ctg,8801734640607,,,,No Preference,,,0025 - Imran Hossain - CTG,Done,
Done,Janu25,7-Jan,Xiaomi TV A Pro 55 Inch,2,54590,109180,Bj Electronics,Ctg,8801734640607,,,,No Preference,,,0025 - Imran Hossain - CTG,,
Done,Janu25,7-Jan,Xiaomi TV A 2025 65 Inch,1,77990,77990,Bj Electronics,Ctg,0,,,,No Preference,,,0025 - Imran Hossain - CTG,Done,
Done,Janu25,7-Jan,"Xiaomi TV A Pro 43"" QLED 2025",2,40990,81980,Dazzle,Ctg,8801830999969,,,,No Preference,,,0025 - Imran Hossain - CTG,,
Done,Janu25,7-Jan,Xiaomi TV A Pro 32 Inch,3,20990,62970,Dazzle,Ctg,8801830999969,,,,No Preference,,,0025 - Imran Hossain - CTG,,
Done,Janu25,7-Jan,"Xiaomi TV A Pro 43"" QLED 2025",1,40990,40990,Tech City,"Shop no - 245, level 2, Shimanto square market",8801709651931,,,,Self Delivery,For live demo purpose ,,0033 - Imran Hossain - DHK,,
Done,Janu25,7-Jan,"Xiaomi TV A Pro 43"" QLED 2025",2,40990,81980,Mobile Hut 2,2no Railgate Ukil Para BB road Narayanganj city ,801908777370,,,,No Preference,Send it today bhai,,0023 - Abdur Rahman,,
Done,Janu25,7-Jan,"Xiaomi TV A Pro 43"" QLED 2025",2,40990,81980,Electro Mind ,"Bus stand, sadar,Meherpur ",8801714948828,,,,Sundarban,,,0026 - Ohidul Islam,,
Done,Janu25,7-Jan,"Xiaomi TV A Pro 43"" QLED 2025",5,40990,204950,Asia tech technology ,"Masjid road B,baria",8801712551675,,,,Self Pick,,,0094 - Shaharia Khan,,
Done,Janu25,7-Jan,Xiaomi TV A Pro 32 Inch,10,20990,209900,Asia tech technology ,"Masjid road, B,baria sadar",8801712551675,,,,Self Delivery,,,0094 - Shaharia Khan,,
Done,Janu25,7-Jan,Xiaomi TV A Pro 55 Inch,1,54590,54590,Asia tech technology ,"Masjid road,  B,baria sadar",8801712551675,,,,Self Delivery,,,0094 - Shaharia Khan,,
Done,Janu25,8-Jan,Mi Smart Scale 2,1,2790,2790,Daraz,"Asfia tower - 76, Road-11, Block-E,  Banani ",8801847420050,daraz,daraz,daraz,Self Delivery,daraz,0,E-Com,,
Done,Janu25,8-Jan,Mi Dual Mode Wireless Mouse Silent Edition,1,990,990,Daraz,"Asfia tower - 76, Road-11, Block-E,  Banani ",8801847420050,daraz,daraz,daraz,Self Delivery,daraz,0,E-Com,,
Done,Janu25,8-Jan,Xiaomi TV A Pro 32 Inch,4,20990,83960,Asraf Electronics ,"Alupotti More, Bualia, Rajshahi ",8801716347470,,,,Sundarban,"Dangler -20p, liflet-100p,x-stand 2p.",,0019 - Hafizur Rahman,,
Done,Janu25,8-Jan,"Xiaomi TV A Pro 43"" QLED 2025",3,40990,122970,Asraf Electronics ,"Alupotti More, Bualia, Rajshahi ",8801716347470,,,,Sundarban,,,0019 - Hafizur Rahman,,
Cancelation,Janu25,,"Xiaomi TV A Pro 43"" QLED 2025",,,0,Asraf Electronics ,"Alupotti More, Boalia, Rajshahi ",8801716-347470,,,,Sundarban,,,0019 - Hafizur Rahman,,
Done,Janu25,8-Jan,Xiaomi TV A Pro 55 Inch,1,54590,54590,Asraf Electronics ,"Alupotti More, Bualia, Rajshahi ",8801716347470,,,,Sundarban,"Dangler -20p,Liflet-100p,X-Stand-2p",,0019 - Hafizur Rahman,,
Done,Janu25,8-Jan,Xiaomi TV A Pro 32 Inch,5,20990,104950,Electronics Mart ,"Sadar,Rajbari ",8801775205555,,,,Sundarban,,,0026 - Ohidul Islam,,
Done,Janu25,8-Jan,"Xiaomi TV A Pro 43"" QLED 2025",1,40990,40990,Riad Xiaomi BD,"BSC complex 24, 25 KDA Avenue  Shekh para Moor Khulna . ",8801714047223,Nill,Nill,Nill,Sundarban,Order ta Mi BD er Head Of Sales Boss er . Dealer agami kalk received kore rakhben . Kal boss er relative er Bashay  installation korte hbe . ,00,0031 - Adnan Billah,,
Done,Janu25,8-Jan,Xiaomi TV A Pro 32 Inch,10,20990,209900,Fatema electronics,"37,KB Hemayet Uddin Road,Barisal",8801711358671,,,,Sundarban,Plz proceed home delivery in dealer house by sundarban courier,,0123 - Anamul Islam Jewel,,
Done,Janu25,8-Jan,"Xiaomi TV A Pro 43"" QLED 2025",1,40990,40990,MI Store Gunjon plus -2,"Zilla Parishad super market, Sadar Rangpur. ",8801712094522,,,,Sundarban,"Liflet-100p,Dangler-20p,X - Stand -01p",,0019 - Hafizur Rahman,,
Done,Janu25,8-Jan,Xiaomi TV A Pro 32 Inch,9,20370,183330,DX Distribution Ltd ,"Road - 54A, House - 07, Gulshan - 2, Dhaka - 1212",8801708464166,,,,Self Delivery,,0,B2B,,
Done,Janu25,8-Jan,"Xiaomi TV A Pro 43"" QLED 2025",1,37900,37900,DX Distribution Ltd ,"54A, House - 07, Gulshan - 2, Dhaka - 1212",8801708464166,,,,Self Delivery,,0,B2B,,
Done,Janu25,9-Jan,Xiaomi TV A Pro 32 Inch,3,20990,62970,Global Electronics,Sufia complex 69 uttor chasara groun floor hatil building ,8801612355951,,,,No Preference,,,0023 - Abdur Rahman,,
Done,Janu25,9-Jan,"Xiaomi TV A Pro 43"" QLED 2025",4,40990,163960,Global Electronics,Sufia Complex 69: Uttor Chasara Narayanganj ,8801612355951,,,,No Preference,,,0023 - Abdur Rahman,,
Done,Janu25,9-Jan,Xiaomi TV A Pro 55 Inch,3,54590,163770,Global Electronics,Sufia Complex Uttor Chasara Narayanganj ,8801612355951,,,,No Preference,,,0023 - Abdur Rahman,,
Done,Janu25,9-Jan,Xiaomi TV A Pro 32 Inch,6,20990,125940,Shohan Electronics,Hard Metal Gallery Dakbangla Khulna,8801726728024,Nill,Nill,Nill,Sundarban,1 pcs extra warranty diben. 1 pcs warranty card missing chilo ,00,0031 - Adnan Billah,,
Done,Janu25,9-Jan,"Xiaomi TV A Pro 43"" QLED 2025",2,40990,81980,Bhondu Electro Mart ,"Koshombag point, Moulvibazar sadar,Moulvibazar  ",8801788521528,,,,Sundarban,,,0094 - Shaharia Khan,,
Done,Janu25,9-Jan,Xiaomi TV A Pro 32 Inch,1,20990,20990,Bhondu electro mart ,"Koshombag point,Moulvibazar sadar, Moulvibazar ",8801788521528,,,,Sundarban,,,0094 - Shaharia Khan,,
Done,Janu25,9-Jan,Xiaomi TV A Pro 32 Inch,5,19990,99950,jahidul Electronics,kanchon bazar rupganj,8801737804055,,,,No Preference,,,0023 - Abdur Rahman,,
Cancelation,Janu25,11-Jan,"Xiaomi TV A Pro 43"" QLED 2025",0,0,0,Amin smart led zone,"Azompur kacha bazar,azompur,Uttara",8801842950030,,,,Self Delivery,He will payment 1 lac in today Evening ,,0035 - Md.Rejaul Islam Sujon,,
Done,Janu25,11-Jan,"Xiaomi TV A Pro 65"" QLED 2025",1,85590,85590,Sheba Electronics ,"Shop: 620, Level: 5, Rajuk Commercial Market, Uttara",880130932131,,,,Self Delivery,,,0035 - Md.Rejaul Islam Sujon,Not Imposed,
Done,Janu25,11-Jan,"Xiaomi TV A Pro 43"" QLED 2025",10,40000,400000,Star Tech & Engineering Limited,"6th floor, 28 Kazi Nazrul Islam Ave,Navana Zohura Square, Dhaka 1000.",8801709995415,,,,Self Delivery,,,B2B,,
Done,Janu25,11-Jan,Xiaomi TV A 2025 65 Inch,1,77990,77990,Shihab Electric & Electronics,"Rahima Rongu Super Market, Patgati Bazar. Tungipara, Gopalganj.",8801740837844,Nill,Nill,Nill,Sundarban,,00,0031 - Adnan Billah,Done,
Done,Janu25,11-Jan,Xiaomi TV A Pro 55 Inch,1,54590,54590,Shihab Electric & Electronics,"Rahima Rongu Super Market, Patgati Bazar. Tungipara, Gopalganj.",8801740837844,Nill,Nill,Nill,Sundarban,,00,0031 - Adnan Billah,,
Done,Janu25,11-Jan,"Xiaomi TV A Pro 43"" QLED 2025",5,40990,204950,Amin Smart LED Zone,"Shop: 1, Level: 2, Omar Shahjahan Tower, Ajompur Railgate Uttara",8801908668577,,,,Self Delivery,,,0035 - Md.Rejaul Islam Sujon,,
Done,Janu25,11-Jan,Mi Smart Scale 2,1,2490,2490,OnnoRokom Web Services Ltd," 2/1/E, Eden Center, Arambag, Motijheel, Dhaka-1000",8801708166273,,,,Self Pick,,,E-Com,,
Done,Janu25,11-Jan,"Xiaomi TV A Pro 43"" QLED 2025",1,40990,40990,"DX tel, MI Store Naogaon ","Sorisahatir more,Chokdeb,Sadar Naogaon. ",8801708813741,,,,Sundarban,"Leflet-100,X-Stand-2,Dangler-20p",,0019 - Hafizur Rahman,,
Done,Janu25,11-Jan,Xiaomi TV A 2025 65 Inch,1,74000,74000,Dx Tel Ltd,"Road - 54A, House - 07, Gulshan - 2, Dhaka - 1212",8801708464166,,,,Sundarban,,,B2B,Done,
Done,Janu25,11-Jan,Xiaomi TV A Pro 55 Inch,1,54590,54590,SS Traders ,"Padma Abasik-3,Vodra,Rajshahi ",8801711504879,,,,Sundarban,,,0019 - Hafizur Rahman,,
Done,Janu25,12-Jan,Xiaomi Wireless Keyboard and Mouse Combo,1,2290,2290,Daraz,"Asfia tower - 76, Road-11, Block-E,  Banani ",8801847420050,daraz,,daraz,Self Delivery,daraz,0,E-Com,,
Done,Janu25,12-Jan,Xiaomi TV A Pro 55 Inch,1,54590,54590,Shohan Electronics ,Hard metal gallery ,8801726728024,Capt woafee ,Gulistan stadium army camp ,+880 1814‑260511‬,No Preference,"Products delivery diye 56,500/- tk nite hbe .",00,0031 - Adnan Billah,,
Done,Janu25,12-Jan,"Xiaomi TV A Pro 43"" QLED 2025",1,40990,40990,Grameen electronics ,"Gojariya, sadar,Faridpur ",8801912663677,Mr. Bipul kumer,"Sadar,Faridpur ",8801712732573,Sundarban,,,0026 - Ohidul Islam,,
Done,Janu25,12-Jan,Xiaomi TV A Pro 32 Inch,2,20990,41980,AC Fair ,"BNS Center, Shop: B32, 1st floor, Sector: 7 Uttara, Dhaka
",8801725010037,,,,Self Delivery,,,0035 - Md.Rejaul Islam Sujon,,
Done,Janu25,12-Jan,Xiaomi TV A 2025 65 Inch,1,77990,77990,AC Fair ,"BNS Center, Shop: B32, 1st floor, Sector: 7 Uttara, Dhaka
",8801725010037,,,,Self Delivery,,,0035 - Md.Rejaul Islam Sujon,Not Imposed,
Done,Janu25,12-Jan,"Xiaomi TV A Pro 43"" QLED 2025",2,40990,81980,AC Fair ,Uttara,8801725010037,,,,Self Delivery,,,0035 - Md.Rejaul Islam Sujon,,
Done,Janu25,12-Jan,Xiaomi TV A Pro 55 Inch,1,54590,54590,AC Fair ,Uttara,8801725010037,,,,Self Delivery,,,0035 - Md.Rejaul Islam Sujon,,
Done,Janu25,12-Jan,Xiaomi TV A 2025 65 Inch,1,77990,77990,Shamim Electronics ,"Jolladkhana, North Side Of Desco, Mirpur 10",8801911004589,,,,Self Delivery,,,0035 - Md.Rejaul Islam Sujon,Not Imposed,
Done,Janu25,12-Jan,Xiaomi TV A Pro 32 Inch,2,20990,41980,Matrichaya Enterprise ,"Jalal Shopping Center, Board Bazar, Gazipur ",8801757796760,,,,No Preference,Cheque will clear within 10 February 2025,41980,0117 - Mohosin Lasker,,
Done,Janu25,12-Jan,"Xiaomi TV A Pro 43"" QLED 2025",1,40990,40990,Matrichaya Enterprise ,"Jalal Shopping Center, Board Bazar, Gazipur ",8801757796760,,,,No Preference,,40990,0117 - Mohosin Lasker,,
Done,Janu25,12-Jan,Xiaomi TV A Pro 55 Inch,12,54590,655080,FM Electronics ,"Rifle Club, Nandan Kanon, Chittagong.",8801824346334,,,,No Preference,,,0025 - Imran Hossain - CTG,,
Done,Janu25,12-Jan,Xiaomi TV A Pro 32 Inch,3,20990,62970,Bj Electronics,Ctg,8801734640607,,,,No Preference,,,0025 - Imran Hossain - CTG,,
Done,Janu25,12-Jan,Xiaomi TV A Pro 55 Inch,1,54590,54590,Bj Electronics,Ctg,8801734640607,,,,No Preference,,,0025 - Imran Hossain - CTG,,
Done,Janu25,12-Jan,"Xiaomi TV A Pro 43"" QLED 2025",2,40990,81980,Computer Park,"BSC complex 24, 25 KDA Avenue  Shekh para Moor Khulna . ",8801750106455,Nill,Nill,Nill,Sundarban,,00,0031 - Adnan Billah,,
Done,Janu25,13-Jan,Xiaomi TV A Pro 32 Inch,10,20990,209900,Pretom Electronics ,"58 Baitul Mukarram market, Dhaka. ",8801831301032,,,,No Preference,,,0116 - Toukir Ahmed,,
Done,Janu25,13-Jan,"Xiaomi TV A Pro 43"" QLED 2025",5,40990,204950,Pretom Electronics ,"58 Baitul Mukarram market, Dhaka",8801831301032,,,,No Preference,,,0116 - Toukir Ahmed,,
Done,Janu25,13-Jan,Xiaomi TV A Pro 55 Inch,2,54590,109180,Pretom Electronics ,"58 Baitul Mukarram market, Dhaka",8801831301032,,,,No Preference,,,0116 - Toukir Ahmed,,
Done,Janu25,13-Jan,Xiaomi TV A 2025 65 Inch,3,77990,233970,Pretom electronics ,"58 Baitul Mukarram market, Dhaka.",8801831301032,,,,No Preference,,,0116 - Toukir Ahmed,Not Imposed,
Done,Janu25,13-Jan,Redmi Buds 3 Pro,1,3790,3790,Gadget & Gear (E-Com),"Police Plaza Concord (Tower 2), Gulshan 1, Dhaka 1212.",8801318236986,,,,Self Delivery,,0,E-Com,,
Done,Janu25,13-Jan,Mi Smart Air Fryer 3.5L,2,8990,17980,Mahathir Electronics ,"Khan tower,station road,Gowrangabazar,Kishorganj ",8801708601007,,,,Sundarban,Plz proceed home delivery in sundarban courier,,0094 - Shaharia Khan,,
Done,Janu25,13-Jan,Mi Smart Scale 2,2,2790,5580,Mahathir electronics ,"Khan tower,station road,Gowrangabazar,kishorgonj",8801708601007,,,,Sundarban,Plz proceed home delivery in sundarban courier ,,0094 - Shaharia Khan,,
Done,Janu25,13-Jan,Xiaomi Rechargeable Mini Fan,1,2690,2690,Mahathir electronics ,"Khan tower,station road,Gowrangabazar, Kishorganj ",8801708601007,,,,Sundarban,Plz proceed home delivery in sundarban courier ,,0094 - Shaharia Khan,,
Done,Janu25,13-Jan,Mi Smart Scale 2,3,2490,7470,OnnoRokom Web Services Ltd,"2/1/E, Eden Center, Arambag, Motijheel, Dhaka-1000",8801708166273,,,,Self Delivery,,0,E-Com,,
Done,Janu25,13-Jan,Xiaomi TV A Pro 55 Inch,10,54000,540000,Silver Water Technologies Bangladesh Limited	,"HOUSE- 26, ROAD-07, BLOCK- C, NIKETON, GULSHAN1, PS-GULSHAN, DHAKA",8801715601888,Silver Water Technologies Bangladesh Limited	,"HOUSE- 26, ROAD-07, BLOCK- C, NIKETON, GULSHAN1, PS-GULSHAN, DHAKA",880 1715-601888,Self Delivery,Pickaboo,540000,E-Com,,
Done,Janu25,13-Jan,Xiaomi TV A Pro 32 Inch,2,20990,41980,Mi Store Smart Point ,"Abdul jolil super market, Sorisahatir more.Sadar Naogaon. ",8801721747547,,,,Sundarban,,,0019 - Hafizur Rahman,,
Done,Janu25,13-Jan,"Xiaomi TV A Pro 43"" QLED 2025",2,40990,81980,Mi Store Smart Point ,"Abdul jolil super market, Sorisahatir more,Sadar Naogaon. ",8801721747547,,,,Sundarban,"Danler-20,Liflet-100p,X Stand-02p.
43"" Qled display -01p",,0019 - Hafizur Rahman,,
Cancelation,Janu25,13-Jan,Mi 23.8'' Desktop Monitor 1C,,,0,FM Electronics ,"Rifle Club, Nandan Kanon, Chittagong.",01824946334,,,,No Preference,,,0025 - Imran Hossain - CTG,,
Done,Janu25,13-Jan,Xiaomi TV A Pro 55 Inch,1,54500,54500,Mr. Jafor Iqbal,House- 1222/A(C-1)Road -29Block-KBashundhara R/A.,8801705282828,,,,No Preference,,0,B2B,,
Done,Janu25,13-Jan,"Xiaomi TV A Pro 43"" QLED 2025",1,37900,37900,Dx Tel Ltd,"Road - 54A, House - 07, Gulshan - 2, Dhaka - 1212",8801708464166,"Mi Store, Rajbari(DTL)","Sadar Road, Pouro New Market Panna Chattar, Rajbari",8801708813729,Sundarban,,0,B2B,,
Done,Janu25,13-Jan,"Xiaomi TV A Pro 43"" QLED 2025",10,37400,374000,Chowdhury Electronics ,Alpona Plaza ,8801611646464,,,,Self Delivery,,,0033 - Imran Hossain - DHK,,
Done,Janu25,13-Jan,"Xiaomi TV A Pro 43"" QLED 2025",1,41000,41000,Madhumoti Bank PLC,Banglamotor Branch,8801707011137,Kawsar (Madhumati Branch Manager),"Bijoy Rakin City, Building no. A-8, Tower No. 02, Flat No. 5-3, Mirpur-14  (Behind PSC Convention Hall)",880 1707-011137,Self Delivery,,0,B2B,,
Done,Janu25,14-Jan,"Xiaomi TV A Pro 43"" QLED 2025",2,40990,81980,The Brand Shop,"House: 19, Road: 15, Sector: 3, Rabindra Sarani, Uttara, Dhaka",8801619638670,,,,Self Delivery,,,0035 - Md.Rejaul Islam Sujon,,
Done,Janu25,14-Jan,Xiaomi TV A Pro 32 Inch,3,20990,62970,Sheba Electronics,"Shop: 620, Level: 5, Rajuk Commercial Market, Uttara",8801745308008,,,,Self Delivery,,,0035 - Md.Rejaul Islam Sujon,,
Done,Janu25,14-Jan,Xiaomi TV A Pro 43 Inch,3,36990,110970,Sheba Electronics ,Uttara,8801745308008,,,,Self Delivery,,,0035 - Md.Rejaul Islam Sujon,,
Done,Janu25,14-Jan,Redmi Buds 3 Pro,1,3790,3790,Gadget & Gear (E-Com),"Police Plaza Concord (Tower 2), Gulshan 1, Dhaka 1212.",8801318236986,,,,Self Delivery,,0,E-Com,,
Done,Janu25,14-Jan,Mi Smart Air Fryer 3.5L,2,8500,17000,Madhumoti Bank PLC,Banglamotor Branch,8801707011137,Falgooni Sarkar,"Khandakar Tower, Level - 7, 94 Gulshan Avenue, Dhaka 1212",8801715445533,Self Delivery,,0,B2B,,
Done,Janu25,14-Jan,"Xiaomi TV A Pro 43"" QLED 2025",5,40990,204950,Wholesale Electronic Narayanganj ,Uttor Chasara Narayanganj,8801888018887,,,,No Preference,,,0023 - Abdur Rahman,,
Done,Janu25,14-Jan,Xiaomi TV A Pro 32 Inch,3,20990,62970,Wholesale Electronic Narayanganj ,Uttor Chasara Narayanganj,8801888018887,,,,No Preference,,,0023 - Abdur Rahman,,
Done,Janu25,14-Jan,Xiaomi TV A Pro 55 Inch,1,52450,52450,Dx Tel Ltd,"PC Garden, (5th Floor), Flat No-5/A, 20-21, Garden Road,Kawran Bazar Lane,; Tejgaon PS; Dhaka-1215; Bangladesh",8801708813798,Mi Home Rajshahi,"Shop #15, Level - 5, Theme Omar Plaza, Gourhanga, Rajshahi",8801708813787,Self Delivery,,0,B2B,,
Done,Janu25,15-Jan,Xiaomi TV A Pro 55 Inch,2,54590,109180,Archy Electronics ,17 Club Market BB Road Narayanganj ,8801973332816,,,,No Preference,,,0023 - Abdur Rahman,,
Done,Janu25,15-Jan,Xiaomi TV A Pro 32 Inch,3,20990,62970,Archy Electronics ,17 Club Market BB Road Narayanganj ,8801973332816,,,,No Preference,,,0023 - Abdur Rahman,,
Done,Janu25,15-Jan,"Xiaomi TV A Pro 43"" QLED 2025",1,40990,40990,Md.Ziaul Haque,"K-145/24,Floor(B-4),Noyanagar, Khilkheat, Dhaka",8801912454681,,,,Self Delivery,,0,B2C,,
Done,Janu25,15-Jan,"Xiaomi TV A Pro 43"" QLED 2025",8,39890,319120,Wholesale Electronics City,"9/Na, Ring Road, Shyamoli, Dhaka",8801623686478,,,,Self Delivery,,1006800,0033 - Imran Hossain - DHK,,
Done,Janu25,15-Jan,Xiaomi TV A Pro 55 Inch,10,53490,534900,Wholesale Electronics City,"9/KA, Ring Road, Shyamoli, Dhaka",8801623686478,,,,Self Delivery,,1006800,0033 - Imran Hossain - DHK,,
Done,Janu25,15-Jan,Xiaomi TV A 2025 65 Inch,2,76390,152780,Wholesale Electronics City,"9/KA, Ring Road, Shyamoli, Dhaka",8801623686478,,,,Self Delivery,,1006800,0033 - Imran Hossain - DHK,Not Imposed,
Done,Janu25,15-Jan,A2 24K VIOMI AC Split (Non-Inverter) 2 Ton,1,57000,57000,Ks electronics ,"20 Baitul Mukarram market, Dhaka",8801711261648,Elements,"House :65, Road :8A,Dhanmondi, Dhaka",+880 16 7372 7609,No Preference,,,0116 - Toukir Ahmed,,
Done,Janu25,15-Jan,Xiaomi TV A Pro 55 Inch,2,54590,109180,Electronics House,"Borogola more,Sadar Bogura",8801622334403,,,,Sundarban,,,0019 - Hafizur Rahman,,
Done,Janu25,15-Jan,Xiaomi TV A Pro 32 Inch,1,20990,20990,Cell Computer ,"Greater road,Kadirganj, Bualia, Rajshahi. ",8801714081082,,,,Sundarban,,,0019 - Hafizur Rahman,,
Done,Janu25,16-Jan,Xiaomi Wireless Keyboard and Mouse Combo,1,2290,2290,Daraz,"Asfia tower - 76, Road-11, Block-E,  Banani ",8801847420050,daraz,daraz,daraz,Self Delivery,daraz,0,E-Com,,
Done,Janu25,16-Jan,Xiaomi TV A Pro 55 Inch,1,54590,54590,The Brand Shop,"House: 19, Road: 13, Sector: 3, Ajompur, Uttara",8801619638670,,,,Self Delivery,,,0035 - Md.Rejaul Islam Sujon,,
Done,Janu25,16-Jan,Xiaomi TV A Pro 55 Inch,1,54590,54590,Sheba Electronics ,"Shop: 620, Level: 5, Rajuk Commercial Market, Uttara",8801745308008,,,,Self Delivery,,,0035 - Md.Rejaul Islam Sujon,,
Done,Janu25,16-Jan,"Xiaomi TV A Pro 43"" QLED 2025",3,40990,122970,Amin Smart LED Zone,"Shop: 1, 1st floor, Omar Shahjahan Tower, Uttara",8801715238629,,,,Self Delivery,,,0035 - Md.Rejaul Islam Sujon,,
Done,Janu25,16-Jan,Xiaomi TV A Pro 55 Inch,1,54590,54590,SD Electronics (Pickaboo),"Sanmar Ocean City, Nasirabad, Chittagong ",8801770022223,,,,Sundarban,,00,0070 - Tamal Roy,,
Done,Janu25,16-Jan,Xiaomi TV A Pro 32 Inch,7,20990,146930,New City Electronics. ,"Main road, Hajigonj,Chadpur",8801711953821,,,,Sundarban,,,0107 - Tanjil Hossain,,
Done,Janu25,16-Jan,"Xiaomi TV A Pro 43"" QLED 2025",3,40990,122970,New City Electronics ,"Hajigonj,Chadpur ",8801711953821,,,,Sundarban,,,0107 - Tanjil Hossain,,
Done,Janu25,16-Jan,Xiaomi TV A 2025 65 Inch,1,77990,77990,New City Electronics ,"Hajigonj,Chadpur ",8801711953821,,,,Sundarban,,,0107 - Tanjil Hossain,Done,
Done,Janu25,16-Jan,Xiaomi TV A Pro 32 Inch,1,20990,20990,Grameen electronics ,"Gojariya, sadar,Faridpur ",8801912663677,Mr. Snigdho Ahmed ,"West khabaspur,sadar,Faridpur ",01959913307,Sundarban,,,0026 - Ohidul Islam,,
Done,Janu25,16-Jan,Xiaomi TV A Pro 32 Inch,5,20990,104950,Shetu electronics ,"Sadar,Chuadanga ",8801917936668,,,,Sundarban,,,0026 - Ohidul Islam,,
Done,Janu25,16-Jan,Mi Smart Air Fryer 3.5L,1,8990,8990,Star Tech & Engineering Limited,"6th floor, 28 Kazi Nazrul Islam Ave,Navana Zohura Square, Dhaka 1000.",8801709995415,,,,Self Delivery,,0,B2B,,
Done,Janu25,16-Jan,Xiaomi TV A Pro 55 Inch,1,54590,54590,Asia tech technology ,"Mosjid road, B,baria sadar",8801712551675,"Worless Mi store, Sylhet ","101 Manru shopping city,  Chowhatta, Sylhet Sadar ",+8801688116699,Sundarban,,,0094 - Shaharia Khan,,
Done,Janu25,16-Jan,Xiaomi TV A Pro 32 Inch,1,20990,20990,New Khan mobile point ,"Victoria road, Tangail Sadar ",8801711909853,,,,Sundarban,Ensure fast delivery ,,0112 - Ahasanul Kabir,,
Done,Janu25,16-Jan,"Xiaomi TV A Pro 43"" QLED 2025",1,40990,40990,New Khan mobile point ,"Victoria Road,Tangail Sadar",8801711909853,,,,Sundarban,Ensure fast delivery. ,,0112 - Ahasanul Kabir,,
Done,Janu25,16-Jan,Xiaomi TV A Pro 55 Inch,1,54590,54590,New Khan mobile point ,"Victoria road, Tangail Sadar ",8801711909853,,,,Sundarban,Ensure first delivery ,,0112 - Ahasanul Kabir,,
Done,Janu25,16-Jan,Xiaomi TV A 2025 65 Inch,1,77990,77990,New Khan mobile point ,"Victoria road, Tangail Sadar ",8801711909853,,,,Sundarban,Ensure first delivery. ,,0112 - Ahasanul Kabir,Done,
Done,Janu25,18-Jan,"Xiaomi TV A Pro 43"" QLED 2025",1,40990,40990,Samsung Electronics Mart,"Tammana Compex, Kochukhet, Mirpur, Dhaka",8801735025695,,,,Self Delivery,"Transfer will be 3,500/- ",,0035 - Md.Rejaul Islam Sujon,,
Done,Janu25,18-Jan,Xiaomi TV A Pro 55 Inch,1,54590,54590,Shohan Electronics ,Hard metal gallery Dakbangla Khulna ,8801726728024,Nill,Nill,Nill,AJR,,00,0031 - Adnan Billah,,
Done,Janu25,18-Jan,Mi Smart Scale 2,2,2790,5580,Daraz,"Asfia tower - 76, Road-11, Block-E,  Banani ",8801847420050,,,,Self Delivery,,0,E-Com,,
Done,Janu25,18-Jan,Mi Dual Mode Wireless Mouse Silent Edition,1,990,990,Daraz,"Asfia tower - 76, Road-11, Block-E,  Banani ",8801847420050,,,,Self Delivery,,0,E-Com,,
Done,Janu25,18-Jan,Xiaomi Wireless Keyboard and Mouse Combo,1,2290,2290,Daraz,"Asfia tower - 76, Road-11, Block-E,  Banani ",8801847420050,,,,Self Delivery,,0,E-Com,,
Done,Janu25,18-Jan,Xiaomi TV A Pro 55 Inch,1,54590,54590,FM Electronics ,"Rifle Club, Nandan Kanon, Chittagong.",8801723005128,,,,Sundarban,,,0025 - Imran Hossain - CTG,,
Done,Janu25,18-Jan,Xiaomi TV A Pro 32 Inch,3,20990,62970,Shamim Electronics - Banasre,"House-9,Bl-A, Banasree main Road, Rampura,Dhaka.",8801915634008,,,,No Preference,,,0116 - Toukir Ahmed,,
Done,Janu25,18-Jan,"Xiaomi TV A Pro 43"" QLED 2025",2,40990,81980,Shamim Electronics - Banasre,"House-9,Bl-A, Banasree main Road, Rampura,Dhaka.",8801915634008,,,,No Preference,,,0116 - Toukir Ahmed,,
Done,Janu25,18-Jan,Xiaomi TV A Pro 55 Inch,2,54590,109180,Shamim Electronics - Banasre,"House-9,Bl-A, Banasree main Road, Rampura,Dhaka.",8801915634008,,,,No Preference,,,0116 - Toukir Ahmed,,
Done,Janu25,18-Jan,Xiaomi TV A 2025 65 Inch,1,77990,77990,Shamim Electronics - Banasre,"House-9,Bl-A, Banasree main Road, Rampura,Dhaka.",8801915634008,,,,No Preference,,,0116 - Toukir Ahmed,Not Imposed,
Done,Janu25,19-Jan,A2 18K VIOMI AC Split (Non-Inverter) 1.5 Ton,1,43500,43500,M/S Nurul Enterprise,Sohrawardi College Banorgati Khulna ,8801923404406,Nill,Nill,Nill,Sundarban,,00,0031 - Adnan Billah,,
Done,Janu25,19-Jan,A2 24K VIOMI AC Split (Non-Inverter) 2 Ton,1,56500,56500,M/S Nurul Enterprise,Sohrawardi College Banorgati Khulna ,8801923404406,Nill,Nill,Nill,Sundarban,,00,0031 - Adnan Billah,,
Done,Janu25,19-Jan,Xiaomi TV A Pro 32 Inch,2,20990,41980,Matrichaya Electronics,"Jalal Shopping Center, Board Bazar, Gazipur ",8801757796760,,,,No Preference,Cash received ,0,0116 - Toukir Ahmed,,
Done,Janu25,19-Jan,Xiaomi TV A Pro 32 Inch,2,20990,41980,Tv Bazar ,"Multiplan, level 1",8801881584115,,,,Self Delivery,,,0033 - Imran Hossain - DHK,,
Done,Janu25,19-Jan,Xiaomi TV A Pro 32 Inch,5,20990,104950,Smart home appliances ,"Alipur,sadar,Faridpur ",8801318300516,,,,Sundarban,,,0026 - Ohidul Islam,,
Done,Janu25,19-Jan,Xiaomi TV A Pro 32 Inch,6,20990,125940,FM Electronics ,"Rifle Club, Nandan Kanon, Chittagong.",8801824946334,Anudip plus Electronics,"Chaturi-Chowmuhony,Anowara,Chattogram",01812510781,Sundarban,,,0070 - Tamal Roy,,
Done,Janu25,19-Jan,Xiaomi TV A Pro 32 Inch,2,20990,41980,Classic Electronics,"Lal Bazar Akhaura, Brahmanbaria ",8801730903900,,,,Sundarban,,,0094 - Shaharia Khan,,
Done,Janu25,20-Jan,Xiaomi TV A Pro 32 Inch,2,20990,41980,FM Electronics ,"Rifle Club, Nandan Kanon, Chittagong.",8801824946334,Asian Electronics,"Battaly,Lohagara,Chattogram ",+880 18 2411 0488,Sundarban,,,0025 - Imran Hossain - CTG,,
Done,Janu25,20-Jan,"Xiaomi TV A Pro 43"" QLED 2025",5,40990,204950,Brand Bazaar ,Happy Arcadia Shopping Malls ,8801711903044,,,,Self Delivery,,,0033 - Imran Hossain - DHK,,
Done,Janu25,20-Jan,Xiaomi TV A Pro 55 Inch,5,54590,272950,Brand Bazaar ,Happy Arcadia Shopping Malls ,8801711903044,,,,Self Delivery,,,0033 - Imran Hossain - DHK,,
Done,Janu25,20-Jan,"Xiaomi TV A Pro 75"" QLED 2025",1,134990,134990,New Friends Electronics ,"29, BBNS, Dhaka",8801817097172,,,,No Preference,,,0116 - Toukir Ahmed,Not Imposed,
Done,Janu25,20-Jan,Xiaomi TV A Pro 32 Inch,1,20990,20990,juwel ,bogura sadar,8801700710953,,,,Self Delivery,,0,B2B,,
Done,Janu25,20-Jan,"Xiaomi TV A Pro 43"" QLED 2025",3,40990,122970,Kumarkhali Electronics ,"Dayarampur Bazar, Bagatipara, Natore.",8801724889445,,,,Sundarban,,,0019 - Hafizur Rahman,,
Done,Janu25,20-Jan,Xiaomi TV A Pro 32 Inch,2,20990,41980,Kumarkhali Electronics ,"Dayarampur Bazar, Bagatipara, Natore",8801724889445,,,,Sundarban,,,0019 - Hafizur Rahman,,
Done,Janu25,20-Jan,Xiaomi TV A 2025 65 Inch,1,77500,77500,Mr. Jahangir,"House-1222/A, Flat-A-5, K Block, 29 no. Road, Bashundhara.",8801730018374,,,,Self Delivery,,0,B2B,Done,
Done,Janu25,20-Jan,"Xiaomi TV A Pro 43"" QLED 2025",1,39500,39500,Jahidul Electronics,kanchon bazar rupganj,8801737804055,B.M Electronics,"A;5 NCG Road,Arsin Gate, Faridabad Shympur,Dhaka",8801842172013,Self Delivery,,0,0023 - Abdur Rahman,,
Done,Janu25,21-Jan,Mi Smart Scale 2,1,2790,2790,Daraz,"Asfia tower - 76, Road-11, Block-E,  Banani ",8801847420050,daraz,daraz,daraz,Self Delivery,daraz,0,E-Com,,
Done,Janu25,21-Jan,Xiaomi Wireless Keyboard and Mouse Combo,1,2290,2290,Daraz,"Asfia tower - 76, Road-11, Block-E,  Banani ",8801847420050,daraz,daraz,daraz,Self Delivery,daraz,0,E-Com,,
Done,Janu25,21-Jan,"Xiaomi TV A Pro 75"" QLED 2025",1,136000,136000,Mr. Sohel,5 No Gate Monipuri Para,8801919131288,5 No Gate Monipuri Para,5 No Gate Monipuri Para,01966232572,Self Delivery,Nazrul,0,B2B,Done,
Done,Janu25,21-Jan,Xiaomi TV A 2025 65 Inch,1,75400,75400,Jahidul Electronics,Kanchon Bazar Rupganj ,8801716738591,,,,Self Delivery,,0,0023 - Abdur Rahman,Not Imposed,
Done,Janu25,21-Jan,Xiaomi TV A Pro 32 Inch,3,20990,62970,Long Tech ,"Y-7, Noor Jahan Road, Mohammadpur ",8801919234023,,,,Self Delivery,,,0033 - Imran Hossain - DHK,,
Done,Janu25,21-Jan,"Xiaomi TV A Pro 43"" QLED 2025",2,40990,81980,Long Tech ,"Y-7, Noor Jahan road, Mohammadpur ",8801919234023,,,,Self Delivery,,,0033 - Imran Hossain - DHK,,
Done,Janu25,21-Jan,Xiaomi TV A Pro 32 Inch,2,20990,41980,Authentic Computer ,"Authentic Computer,  
Kalibari Road, Habiganj Sadar , Habiganj",8801711241058,,,,Sundarban,,,0094 - Shaharia Khan,,
Done,Janu25,22-Jan,Xiaomi TV A 2025 65 Inch,1,77990,77990,Munshiganj It,Somobai Market Chasara Narayanganj ,8801979999722,,,,No Preference,,98980,0023 - Abdur Rahman,Not Imposed,
Done,Janu25,22-Jan,Xiaomi TV A Pro 32 Inch,1,20990,20990,Munshiganj It ,Somobai Market Chasara Narayanganj ,8801979999722,,,,No Preference,,98980,0023 - Abdur Rahman,,
Done,Janu25,22-Jan,"Xiaomi TV A Pro 43"" QLED 2025",2,40990,81980,Silver Water Technologies Bangladesh Limited,"HOUSE- 26, ROAD-07, BLOCK- C, NIKETON, GULSHAN1, PS-GULSHAN, DHAKA",8801715601888,,,,Self Delivery,,0,E-Com,,
Done,Janu25,22-Jan,Mi Smart Air Fryer 3.5L,1,8490,8490,Silver Water Technologies Bangladesh Limited,"HOUSE- 26, ROAD-07, BLOCK- C, NIKETON, GULSHAN1, PS-GULSHAN, DHAKA",8801715601888,,,,Self Delivery,,0,E-Com,,
Done,Janu25,22-Jan,Xiaomi TV A Pro 32 Inch,7,20790,145530,Tech Land ,"Multiplan, Level 13",8801647538526,,,,Self Delivery,,,0033 - Imran Hossain - DHK,,
Done,Janu25,22-Jan,Xiaomi TV A Pro 55 Inch,8,53590,428720,Tech Land ,Multiplan ,8801647538526,Tech Land ,"Siddiq plaza, Elephant road, Level 5",8801647538526,Self Delivery,,,0033 - Imran Hossain - DHK,,
Done,Janu25,22-Jan,Xiaomi TV A Pro 32 Inch,10,20990,209900,AJ electronics ,"Elenga bus stand, Bolla road, Kalihati,Tangail.",8801750857606,,,,Sundarban,Ensure delivery. ,,0112 - Ahasanul Kabir,,
Cancelation,Janu25,22-Jan,Xiaomi TV A Pro 55 Inch,,,0,FM Electronics ,"Rifle Club, Nandan Kanon, Chittagong.",8801824946334,,,,Sundarban,,,0025 - Imran Hossain - CTG,,
Done,Janu25,22-Jan,Xiaomi TV A Pro 55 Inch,1,54590,54590,FM Electronics ,"Rifle Club, Nandan Kanon, Chittagong.",8801824946334,Mr Taimur,Cumilla,+880 1712-358203,Sundarban,Previous order was wrong address ,,0025 - Imran Hossain - CTG,,
Done,Janu25,22-Jan,"Xiaomi TV A Pro 43"" QLED 2025",2,40990,81980,Mi Store Mew Telecom ,"Mi Store Miew Telecom, Runner plaza,Nawabbari road,Bigura",8801734391341,,,,Sundarban,"Dangler -20p,Liflet -100p,X-Stand-01p",,0019 - Hafizur Rahman,,
Done,Janu25,22-Jan,Xiaomi TV A Pro 32 Inch,1,20990,20990,Mi Store Mew Telecom ,"Mi Store Miew Telecom, Runner plaza,Nawabbari road,Bigura",8801734391341,,,,Sundarban,,,0019 - Hafizur Rahman,,
Done,Janu25,22-Jan,"Xiaomi TV A Pro 75"" QLED 2025",1,135990,135990,Kailash electronics ,"Kailash Electronics 
Niloy 20,Chowhatta, Sylhet",8801303309817,,,,Sundarban,,,0094 - Shaharia Khan,Done,
Done,Janu25,22-Jan,"Xiaomi TV A Pro 43"" QLED 2025",2,40990,81980,Kailash electronics ,"Kailash electronics, Niloy 20, Chowhatta, Sylhet ",8801303309817,,,,Sundarban,,,0094 - Shaharia Khan,,
Done,Janu25,22-Jan,Xiaomi TV A Pro 32 Inch,6,20990,125940,Kailash electronics ,Kailash electronics ,8801303309817,,,,Sundarban,,,0094 - Shaharia Khan,,
Done,Janu25,22-Jan,"Xiaomi TV A Pro 43"" QLED 2025",3,40990,122970,AC Mart & Electronics,Narkel Tola Satkhira Sadar ,8801988482543,Nill,Nill,Nill,Sundarban,,00,0031 - Adnan Billah,,
Done,Janu25,22-Jan,Xiaomi TV A Pro 32 Inch,2,20990,41980,AC Mart & Electronics,Narkel Tola Satkhira Sadar ,8801988482543,Nill,Nill,Nill,Sundarban,,00,0031 - Adnan Billah,,
Done,Janu25,22-Jan,Mi Jumbo Gel Ink Pen,1,450,450,Conromo Technology,"House - 14, Road 7, Dhanmondi, Dhaka",8801847095895,,,,No Preference,,0,B2B,,
Done,Janu25,22-Jan,"Xiaomi TV A Pro 43"" QLED 2025",2,40990,81980,Nafisa Trade ,Concord Arcadia shopping malls ,8801712655404,,,,Self Delivery,,,0033 - Imran Hossain - DHK,,
Done,Janu25,23-Jan,Mi Smart Scale 2,1,2790,2790,Daraz,"Asfia tower - 76, Road-11, Block-E,  Banani ",8801847420050,daraz,daraz,daraz,Self Delivery,daraz,0,E-Com,,
Done,Janu25,23-Jan,Xiaomi TV A Pro 32 Inch,3,20990,62970,Brand Bazaar ,Happy Arcadia Shopping Malls ,8801711903044,,,,Self Delivery,,,0033 - Imran Hossain - DHK,,
Done,Janu25,23-Jan,"Xiaomi TV A Pro 75"" QLED 2025",1,136000,136000,Brand Bazaar ,Happy Arcadia Shopping Malls ,8801711903044,,,,Self Delivery,,,0033 - Imran Hossain - DHK,Not Imposed,
Done,Janu25,23-Jan,Xiaomi TV A 2025 65 Inch,1,77990,77990,Brand Bazaar ,Happy Arcadia Shopping Malls ,8801711903044,,,,Self Delivery,,,0033 - Imran Hossain - DHK,Not Imposed,
Done,Janu25,23-Jan,Xiaomi TV A Pro 55 Inch,2,54590,109180,Brand Bazaar ,Happy Arcadia Shopping Malls ,8801711903044,,,,Self Delivery,,,0033 - Imran Hossain - DHK,,
Done,Janu25,23-Jan,Xiaomi TV A Pro 55 Inch,1,54590,54590,Noor Electronics ,"70, KDA Avenue , Bangla Link Customer Care er pashe , Khulna , ","0171618 4499, +880 19 1372 8938",Nill,Nill,Nill,Sundarban,,00,0031 - Adnan Billah,,
Done,Janu25,23-Jan,Xiaomi TV A Pro 32 Inch,6,20990,125940,Noor Electronics,"70, KDA Avenue , Bangla Link Customer Care er pashe , Khulna , ","017 1618 4499, +880 19 1372 8938",Nill,Nill,Nill,Sundarban,,303500,0031 - Adnan Billah,,
Done,Janu25,23-Jan,"Xiaomi TV A Pro 43"" QLED 2025",3,40990,122970,Noor Electronics,"70, KDA Avenue , Bangla Link Customer Care er pashe , Khulna , ","017 1618 4499, +880 19 1372 8938",Nill,Nill,Nill,Sundarban,,303500,0031 - Adnan Billah,,
Done,Janu25,23-Jan,Xiaomi TV A Pro 32 Inch,1,20990,20990,M/S Union Enterprise ,"AkurTakur para, Tangail Sadar 1900,Tangail",8801313422562,,,,Sundarban,Ensure Home delivery. ,,0112 - Ahasanul Kabir,,
Done,Janu25,23-Jan,Xiaomi TV A Pro 32 Inch,5,19990,99950,Chowdhury Electronics ,Alpona Plaza ,8801917810576,,,,Self Delivery,,,0033 - Imran Hossain - DHK,,
Done,Janu25,23-Jan,"Xiaomi TV A Pro 43"" QLED 2025",5,37400,187000,Chowdhury Electronics ,Alpona Plaza ,8801917810576,,,,Self Delivery,,,0033 - Imran Hossain - DHK,,
Done,Janu25,23-Jan,Xiaomi TV A 2025 65 Inch,5,74000,370000,Chowdhury Electronics ,Alpona Plaza ,8801917810576,,,,Self Delivery,,,0033 - Imran Hossain - DHK,Not Imposed,
Done,Janu25,23-Jan,"Xiaomi TV A Pro 43"" QLED 2025",1,40990,40990,Grameen electronics ,"Gojariya, sadar,Faridpur ",8801912663677,Safa electronics ,"Alipur, sadar,Faridpur ",8801722704560,Sundarban,,,0026 - Ohidul Islam,,
Done,Janu25,23-Jan,"Xiaomi TV A Pro 43"" QLED 2025",3,40990,122970,FM Electronics ,"Rifle Club, Nandan Kanon, Chittagong.",0,,,,Sundarban,,,0025 - Imran Hossain - CTG,,
Done,Janu25,25-Jan,Mi Smart Scale 2,1,2790,2790,Daraz,"Asfia tower - 76, Road-11, Block-E,  Banani ",8801847420050,daraz,daraz,daraz,Self Delivery,daraz,0,E-Com,,
Done,Janu25,25-Jan,Xiaomi TV A Pro 55 Inch,1,54590,54590,FM Electronics ,"Rifle Club, Nandan Kanon, Chittagong.",8801824946334,Mr Taimur,Cumilla sadar,+880 1712-358203,Sundarban,,,0025 - Imran Hossain - CTG,,
Done,Janu25,25-Jan,Xiaomi TV A Pro 32 Inch,8,20990,167920,SM electronics,"Gouripur,Dawdkhandi,Cumilla",8801619600600,,,,Sundarban,,,0107 - Tanjil Hossain,,
Done,Janu25,25-Jan,"Xiaomi TV A Pro 43"" QLED 2025",2,40990,81980,SM electronics ,"Gouripur,Dawdkhandi,Cumilla ",8801619600600,,,,Sundarban,,,0107 - Tanjil Hossain,,
Done,Janu25,25-Jan,"Xiaomi TV A Pro 43"" QLED 2025",2,40990,81980,Lead Electronics ,"Shop: 37, Level: 3, Rangdhanu Shopping complex, Pallabi ",8801308050580,,,,Self Delivery,,,0035 - Md.Rejaul Islam Sujon,,
Done,Janu25,25-Jan,Xiaomi TV A Pro 55 Inch,1,54590,54590,Lead Electronics ,"Mirpur, Pallabi.",8801308050580,,,,Self Delivery,,,0035 - Md.Rejaul Islam Sujon,,
Done,Janu25,25-Jan,Xiaomi TV A Pro 55 Inch,2,54590,109180,Electronics Mart,"305, Palbari (Vashkorjer Moar), Jashore-7400",8801711026335,Nill,Nill,Nill,Sundarban,,624000,0031 - Adnan Billah,,
Done,Janu25,25-Jan,"Xiaomi TV A Pro 43"" QLED 2025",10,40990,409900,Electronics Mart,"305, Palbari (Vashkorjer Moar), Jashore-7400",8801711026335,Nill,Nill,Nill,Sundarban,,624000,0031 - Adnan Billah,,
Done,Janu25,25-Jan,Xiaomi TV A Pro 32 Inch,5,20990,104950,Electronics Mart,"305, Palbari (Vashkorjer Moar), Jashore-7400",8801711026335,Nill,Nill,Nill,Sundarban,"POP, PSM,  obosshoi diben new dealer ",624000,0031 - Adnan Billah,,
Done,Janu25,26-Jan,Mi Smart Scale 2,2,2511,5022,Daraz,"Asfia tower - 76, Road-11, Block-E,  Banani ",8801847420050,daraz,daraz,daraz,Self Delivery,daraz,0,E-Com,,
Done,Janu25,26-Jan,Xiaomi TV A Pro 55 Inch,1,54590,54590,MG Bazar ,"Borobari, Gazipur ",8801711258320,,,,No Preference,,0,0117 - Mohosin Lasker,,
Done,Janu25,26-Jan,Xiaomi Portable Electric Air Compressor 1S,1,4190,4190,Gadget & Gear (E-Com),"Police Plaza Concord (Tower 2), Gulshan 1, Dhaka 1212.",8801318236986,,,,Self Delivery,,0,E-Com,,
Done,Janu25,26-Jan,Xiaomi TV A Pro 32 Inch,2,20990,41980,Sofiq electronics ,"Modhukhali Bazar, Modhukhali, Faridpur ",8801705033553,,,,Sundarban,,,0026 - Ohidul Islam,,
Done,Janu25,26-Jan,Xiaomi TV A Pro 32 Inch,3,20990,62970,Brand Bazaar ,Happy Arcadia Shopping Malls ,8801711903044,,,,Self Delivery,,,0033 - Imran Hossain - DHK,,
Done,Janu25,27-Jan,"Xiaomi TV A Pro 43"" QLED 2025",1,40990,40990,Amin Smart LED Zone,"Shop: 1, Level: 1, Omar Shahjahan Tower, Ajompur Railgate, Uttara",8801908668577,,,,Self Delivery,,,0035 - Md.Rejaul Islam Sujon,,
Done,Janu25,27-Jan,Xiaomi TV A Pro 55 Inch,1,54590,54590,Amin Smart LED Zone,Uttara,8801908668577,,,,Self Delivery,,,0035 - Md.Rejaul Islam Sujon,,
Done,Janu25,27-Jan,Mi Dual Mode Wireless Mouse Silent Edition,2,933,1866,Daraz,"Asfia tower - 76, Road-11, Block-E,  Banani ",8801847420050,daraz,daraz,daraz,Self Delivery,daraz,0,E-Com,,
Done,Janu25,27-Jan,Mi Smart Scale 2,1,2511,2511,Daraz,"Asfia tower - 76, Road-11, Block-E,  Banani ",8801847420050,daraz,daraz,daraz,Self Delivery,daraz,0,E-Com,,
Done,Janu25,27-Jan,"Xiaomi TV A Pro 43"" QLED 2025",10,40990,409900,AJ electronics ,Bolla Road ,8801750857606,,,,No Preference,Ensure home delivery. ,,0112 - Ahasanul Kabir,,
Done,Janu25,28-Jan,"Xiaomi TV A 43"" FHD 2025",10,29990,299900,Shohan Electronics,Hard Metal Gallery Dakbangla Khulna ,8801726728024,Nill,Nill,Nill,Sundarban,,00,0031 - Adnan Billah,,
Done,Janu25,28-Jan,"Xiaomi TV A Pro 43"" QLED 2025",3,40990,122970,Shamim Electronics ,"Jolladkhana, Jolladkhana, Norh Side of desco, Mirpur 10",8801999949933,,,,Self Delivery,,,0035 - Md.Rejaul Islam Sujon,,
Done,Janu25,28-Jan,Xiaomi TV A 2025 65 Inch,3,77990,233970,Shamim Electronics ,Mirpur 10,8801999949933,,,,Self Delivery,,,0035 - Md.Rejaul Islam Sujon,Not Imposed,
Done,Janu25,28-Jan,Xiaomi TV A Pro 55 Inch,3,54590,163770,Shamim Electronics ,Mirpur 10,8801999949933,,,,Self Delivery,,,0035 - Md.Rejaul Islam Sujon,,
Done,Janu25,28-Jan,"Xiaomi TV A Pro 43"" QLED 2025",1,39990,39990,Jitu,Elephant Road,8801723863710,,,,No Preference,,,B2B,,
Done,Janu25,28-Jan,Xiaomi TV A Pro 55 Inch,1,53590,53590,Jitu,Elephant Road,8801723863710,,,,No Preference,,,B2B,,
Done,Janu25,28-Jan,Xiaomi TV A 2025 65 Inch,1,77990,77990,Anamika electronics ,"24/12A,khiljee road(ground floor)Shyamoli(west side od of shyamoli cinema hall),dhaka.",8801972263068,,,,Self Delivery,Plz ensure self delivery in today,,0033 - Imran Hossain - DHK,Not Imposed,
Done,Janu25,28-Jan,"Xiaomi TV A 43"" FHD 2025",2,29990,59980,Asraf Electronics ,"Alupotti More,Kumarpara, Boalia, Rajshahi ",8801716347470,,,,Sundarban,,,0019 - Hafizur Rahman,,
Done,Janu25,28-Jan,"Xiaomi TV A Pro 43"" QLED 2025",3,40990,122970,General enterprise ,91 Bangabandhu national Stadium market ,8801911225441,,,,No Preference,,,0116 - Toukir Ahmed,,
Done,Janu25,28-Jan,"Xiaomi TV A 43"" FHD 2025",5,29990,149950,FM Electronics ,"Rifle Club, Nandan Kanon, Chittagong.",8801824946334,,,,Sundarban,,,0025 - Imran Hossain - CTG,,
Cancelation,Janu25,28-Jan,"Xiaomi TV A 43"" FHD 2025",0,0,0,Bj Electronics,Bj Electronics,8801734640607,,,,Sundarban,,,0025 - Imran Hossain - CTG,,
Done,Janu25,28-Jan,"Xiaomi TV A Pro 43"" QLED 2025",1,42000,42000,Shahida Electronics ,Ponchoboti more Fatullah Narayanganj ,8801836148528,,,,AJR,,,0023 - Abdur Rahman,,
Done,Janu25,28-Jan,"Xiaomi TV A Pro 43"" QLED 2025",1,40990,40990,Md. Mizan," H 583/A, Ibrahimpur, Kafrul, Dhaka",8801717436174,,,,No Preference,,,B2C,,
Done,Janu25,29-Jan,"Xiaomi TV A Pro 43"" QLED 2025",5,40690,203450,New Friends electronics ,29 Bangabandhu national Stadium market ,8801701395334,,,,No Preference,,,0116 - Toukir Ahmed,,
Done,Janu25,29-Jan,Xiaomi TV A Pro 55 Inch,2,54090,108180,New Friends Electronics ,29 Bangabandhu national Stadium market ,8801817097172,Mr. Polash,"Shahjalal Avenue, (Near Uttara Community Center), Azompur, Uttara, Dhaka",+8801876968442,No Preference,I Will take cash from Mr. Polash. ,,0117 - Mohosin Lasker,,
Done,Janu25,29-Jan,"Xiaomi TV A 43"" FHD 2025",4,29990,119960,Noor Electronics,"70, KDA Avenue , Bangla Link Customer Care er pashe , Khulna , ","017 1618 4499, +880 19 1372 8938",Nill,Nill,Nill,Sundarban,,0,0031 - Adnan Billah,,
Done,Janu25,29-Jan,"Xiaomi TV A Pro 43"" QLED 2025",5,40990,204950,Silver Water Technologies Bangladesh Limited,"HOUSE- 26, ROAD-07, BLOCK- C, NIKETON, GULSHAN1, PS-GULSHAN, DHAKA",8801715601888,,,,Self Delivery,,0,B2B,,
Done,Janu25,29-Jan,Mi Dual Mode Wireless Mouse Silent Edition,1,800,800,Robishop,"FlingEx Warehouse. 159/C Tejgaon Industrial Area, Dhaka, Bangladesh.",8801833623322,,,,No Preference,,0,E-Com,,
Done,Janu25,29-Jan,"Xiaomi TV A Pro 75"" QLED 2025",2,126000,252000,Chowdhury Electronics ,Alpona Plaza ,8801917810576,,,,Self Delivery,,,0033 - Imran Hossain - DHK,Not Imposed,
Done,Janu25,29-Jan,"Xiaomi TV A Pro 75"" QLED 2025",1,126000,126000,Chowdhury Electronics ,Alpona Plaza ,8801917810576,,,,Self Delivery,,,0033 - Imran Hossain - DHK,Not Imposed,
Done,Janu25,29-Jan,"Xiaomi TV A Pro 43"" QLED 2025",1,41000,41000,Amir Hossain,"Room 315, 1 Kazi Nazrul Islam Ave, Dhaka 1215, Bangladesh.",8801921345531,,,,Self Delivery,,0,B2B,,
Done,Janu25,30-Jan,Xiaomi Wireless Keyboard and Mouse Combo,1,2159,2159,Daraz,"Asfia tower - 76, Road-11, Block-E,  Banani ",8801847420050,daraz,daraz,daraz,Self Delivery,daraz,0,E-Com,,
Done,Janu25,30-Jan,Mi Smart Scale 2,2,2511,5022,Daraz,"Asfia tower - 76, Road-11, Block-E,  Banani ",8801847420050,daraz,daraz,daraz,Self Delivery,daraz,0,E-Com,,
Done,Janu25,30-Jan,"Xiaomi TV A Pro 43"" QLED 2025",10,40000,400000,Star Tech & Engineering Limited,"6th floor, 28 Kazi Nazrul Islam Ave,Navana Zohura Square, Dhaka 1000.",8801709995415,,"127 Hazaribagh Road, Dhaka 1209 (Near tannery More Jame Mosjid) Former Apex Tannery",,Self Delivery,,0,B2B,,
Done,Janu25,30-Jan,Xiaomi TV A Pro 55 Inch,5,53800,269000,Star Tech & Engineering Limited,"6th floor, 28 Kazi Nazrul Islam Ave,Navana Zohura Square, Dhaka 1000.",8801709995415,,"127 Hazaribagh Road, Dhaka 1209 (Near tannery More Jame Mosjid) Former Apex Tannery",,Self Delivery,,0,B2B,,
Done,Janu25,30-Jan,Xiaomi TV A Pro 55 Inch,3,54590,163770,NB Electronics ,"Sholoshohor, Nasirabad, Chittagong ",8801720189210,,,,Sundarban,Note : Deposit will be done within 1 hour.,00,0070 - Tamal Roy,,
Done,Janu25,30-Jan,"Xiaomi TV A Pro 43"" QLED 2025",3,40990,122970,Brand Bazaar ,Happy Arcadia Shopping Malls ,8801711903044,,,,Self Delivery,,,0033 - Imran Hossain - DHK,,
Done,Janu25,30-Jan,Xiaomi TV A Pro 55 Inch,3,54590,163770,Brand Bazaar ,Happy Arcadia Shopping Malls ,8801711903044,,,,Self Delivery,,,0033 - Imran Hossain - DHK,,
Done,Janu25,30-Jan,Xiaomi TV A Pro 55 Inch,1,52450,52450,Dx Tel Ltd,"PC Garden, (5th Floor), Flat No-5/A, 20-21, Garden Road,Kawran Bazar Lane,; Tejgaon PS; Dhaka-1215; Bangladesh",8801708813798,Mi Store Mirpur 2,"Mirpur Stadium opposite site gate 4, Mirpur shopping center",8801708813728,Self Delivery,,0,B2B,,
Done,Janu25,30-Jan,"Xiaomi TV A Pro 43"" QLED 2025",12,37400,448800,Chowdhury Electronics ,Alpona Plaza ,8801917810576,,,,Self Delivery,,,0033 - Imran Hossain - DHK,,
Done,Janu25,30-Jan,Mi Smart Scale 2,1,2200,2200,Habibur Rahman,"সেকশন-১,ব্লক-বি,এভিনিউ-১,বাড়ি ১৪,মিরপুর ���াহ আলী থানা ঢাকা ১২১৬ শোভা ",8801958520190,,,,Self Delivery,,0,B2B,,
Done,Febr25,1-Feb,Mi Smart Scale 2,1,2790,2790,Daraz,"Asfia tower - 76, Road-11, Block-E,  Banani ",8801847420050,daraz,daraz,daraz,Self Delivery,daraz,0,E-Com,,
Done,Febr25,1-Feb,Mi Jumbo Gel Ink Pen,1,545,545,Daraz,"Asfia tower - 76, Road-11, Block-E,  Banani ",8801847420050,daraz,daraz,daraz,Self Delivery,daraz,0,E-Com,,
Done,Febr25,1-Feb,Mi Dual Mode Wireless Mouse Silent Edition,2,990,1980,Daraz,"Asfia tower - 76, Road-11, Block-E,  Banani ",8801847420050,daraz,daraz,daraz,Self Delivery,daraz,0,E-Com,,
Done,Febr25,1-Feb,Xiaomi TV A Pro 55 Inch,1,53000,53000,Prashanta Sarkar,"50/KA,LALIT MOHON DAS LANE,LALBAGH,DHAKA",8801700714566,,,,Self Delivery,,0,B2C,,
Done,Febr25,1-Feb,Xiaomi TV A Pro 32 Inch,2,20990,41980,General enterprise ,"91 Bangabandhu national Stadium market, Dhaka",8801911225441,,,,No Preference,,,0116 - Toukir Ahmed,,
Done,Febr25,1-Feb,Xiaomi TV A 2025 65 Inch,2,77990,155980,Bj Electronics,Ctg,8801734640607,,,,Sundarban,,,0025 - Imran Hossain - CTG,Done,
Done,Febr25,1-Feb,"Xiaomi TV A Pro 43"" QLED 2025",5,40990,204950,Bj Electronics,Ctg,8801734640607,,,,Sundarban,,,0025 - Imran Hossain - CTG,,
Done,Febr25,2-Feb,"Xiaomi TV A Pro 43"" QLED 2025",10,40990,409900,FM Electronics ,"Rifle Club, Nandan Kanon, Chittagong.",8801824946334,,,,No Preference,,,0025 - Imran Hossain - CTG,,
Done,Febr25,2-Feb,Xiaomi TV A 2025 65 Inch,1,77990,77990,FM Electronics ,"Rifle Club, Nandan Kanon, Chittagong.",8801824946334,,,,No Preference,,,0025 - Imran Hossain - CTG,Done,
Done,Febr25,2-Feb,Xiaomi TV A Pro 55 Inch,2,54590,109180,Super electronics ,"Super electronics 2
1st floor Latif Center, Zindabazar, Sylhet.",8801712124747,,,,Sundarban,,,0094 - Shaharia Khan,,
Done,Febr25,2-Feb,Xiaomi TV A Pro 55 Inch,1,54590,54590,Shohan Electronics,Hard Metal Gallery Dakbangla Khulna,8801726728024,Ashraf Ayon,"Block:C ,Road :2/B, House 41, Lift:2, Flat No 3A, Bashundhora Residential Area",01621888254,No Preference,Cash On Delivery ,00,0031 - Adnan Billah,,
Done,Febr25,2-Feb,Mi Dual Mode Wireless Mouse Silent Edition,3,1390,4170,M/S Janata Hardware Store,"156,Nawabpur Road, Mojammel Market, Nawabpur, Dhaka",8801712500283,,,,Self Pick,,,0035 - Md.Rejaul Islam Sujon,,
Done,Febr25,3-Feb,Mi Smart Scale 2,2,2511,5022,Daraz,"Asfia tower - 76, Road-11, Block-E,  Banani ",8801847420050,daraz,daraz,daraz,Self Delivery,daraz,0,E-Com,,
Done,Febr25,3-Feb,Xiaomi Rechargeable Mini Fan,1,2299,2299,Daraz,"Asfia tower - 76, Road-11, Block-E,  Banani ",8801847420050,daraz,daraz,daraz,Self Delivery,daraz,0,E-Com,,
Done,Febr25,3-Feb,"Xiaomi TV A Pro 43"" QLED 2025",20,37400,748000,Chowdhury Electronics ,Alpona Plaza ,8801917810576,,,,Self Delivery,,,0033 - Imran Hossain - DHK,,
Done,Febr25,3-Feb,Xiaomi TV A Pro 55 Inch,5,52990,264950,Chowdhury Electronics ,Alpona Plaza ,8801917810576,,,,Self Delivery,,,0033 - Imran Hossain - DHK,,
Done,Febr25,3-Feb,Mi Smart Scale 2,5,2490,12450,OnnoRokom Web Services Ltd,"2/1/E, Eden Center, Arambag, Motijheel, Dhaka-1000",8801708166273,,,,Self Delivery,,,E-Com,,
Done,Febr25,3-Feb,Xiaomi Wireless Keyboard and Mouse Combo,1,1990,1990,OnnoRokom Web Services Ltd,"2/1/E, Eden Center, Arambag, Motijheel, Dhaka-1000",8801708166273,,,,Self Delivery,,0,E-Com,,
Done,Febr25,3-Feb,"Xiaomi TV A Pro 43"" QLED 2025",1,37900,37900,Dx Tel Ltd,"PC Garden, (5th Floor), Flat No-5/A, 20-21, Garden Road,Kawran Bazar Lane,; Tejgaon PS; Dhaka-1215; Bangladesh",8801708813798,"Mi Store, SEBL 5, Jessore - 1","102,103 kashem Tower, Netazi Suvash Chandra Bashu Road, Jessore",8801713123963,Self Delivery,,0,B2C,,
Done,Febr25,3-Feb,Xiaomi Smart Air Fryer Pro 4L,1,9500,9500,Samiul Mehedi Himel,"Concord Silvy, Plot # CWS(A, 11A Gulshan Ave, Dhaka 1212 (Mi Bangladesh office)",8801760234734,,,,Self Delivery,,0,B2C,,
Done,Febr25,3-Feb,"Xiaomi TV A 43"" FHD 2025",2,29990,59980,Bj Electronics,Ctg,8801734640607,,,,Sundarban,,,0025 - Imran Hossain - CTG,,
Done,Febr25,3-Feb,Xiaomi TV A Pro 32 Inch,1,20990,20990,FM Electronics ,"Rifle Club, Nandan Kanon, Chittagong.",8801824946334,,,,Sundarban,,,0025 - Imran Hossain - CTG,,
Done,Febr25,4-Feb,Mi Smart Scale 2,3,2511,7533,Daraz,"Asfia tower - 76, Road-11, Block-E,  Banani ",8801847420050,daraz,daraz,daraz,Self Delivery,daraz,0,E-Com,,
Done,Febr25,4-Feb,Xiaomi Wireless Keyboard and Mouse Combo,1,1990,1990,Gadget & Gear (E-Com),"Police Plaza Concord (Tower 2), Gulshan 1, Dhaka 1212.",8801318236986,,,,Self Pick,,0,E-Com,,
Done,Febr25,4-Feb,"Xiaomi TV A Pro 75"" QLED 2025",2,135990,271980,Wholesale Electronic Narayanganj ,Uttor Chasara Narayanganj ,8801888018887,,,,No Preference,"Returns 5psc 43"" Apro Google tv",,0117 - Mohosin Lasker,Not Imposed,
Done,Febr25,4-Feb,Xiaomi TV A Pro 55 Inch,1,53000,53000,প্রতীক রায়,"ফ্ল্যাটঃ E4, বাসা নাম্বারঃ ৭৭, আর.কে মিশন রোড, বিন্দু গলি, গোপীবাগ, মতিঝিল, ঢাকা। ",8801733977505,,,,Self Delivery,,0,B2C,,
Done,Febr25,4-Feb,"Xiaomi TV A Pro 43"" QLED 2025",2,40990,81980,National Electronics,"Fatema Plaza, Chawrongi bazar Gopalgonj.",8801714065626,Nill,Nill,Nill,Sundarban,,00,0031 - Adnan Billah,,
Done,Febr25,4-Feb,A2 12K VIOMI AC Split (Non-Inverter) 1 Ton,1,36000,36000,Silver Water Technologies Bangladesh Limited,"HOUSE- 26, ROAD-07, BLOCK- C, NIKETON, GULSHAN1, PS-GULSHAN, DHAKA",8801715601888,,,,Self Delivery,,0,E-Com,,
Done,Febr25,5-Feb,A2 18K VIOMI AC Split (Non-Inverter) 1.5 Ton,3,45000,135000,Success Computer & Engineering ,"Aloka Nodi Bangla complex, Rambabu Road,Mymensingh Sadar",8801711682184,Lt Col Md.Arafat ,"CI E&E,EMEC&S Saidpur Cantonment ",0 1769-006524,No Preference,Ensure home delivery. ,,0112 - Ahasanul Kabir,,
Done,Febr25,5-Feb,"Xiaomi TV A Pro 43"" QLED 2025",2,40990,81980,Asian Electronics ,"Cumilla tawar Shopping Complex, sador,Cumilla",8801818954490,,,,Sundarban,,,0107 - Tanjil Hossain,,
Done,Febr25,5-Feb,Xiaomi TV A 2025 65 Inch,2,77990,155980,Asian Electronics ,"Cumilla tawoer Shopping Complex, Sador,Cumilla",8801818954490,,,,Sundarban,,,0107 - Tanjil Hossain,Pending,
Done,Febr25,5-Feb,Xiaomi Rechargeable Mini Fan,1,2299,2299,Daraz,"Asfia tower - 76, Road-11, Block-E,  Banani ",8801847420050,daraz,daraz,daraz,Self Delivery,daraz,0,E-Com,,
Done,Febr25,5-Feb,Mi Smart Scale 2,1,2511,2511,Daraz,"Asfia tower - 76, Road-11, Block-E,  Banani ",8801847420050,daraz,daraz,daraz,Self Delivery,daraz,0,E-Com,,
Done,Febr25,5-Feb,"Xiaomi TV A Pro 43"" QLED 2025",5,40990,204950,Towa electronics ,"Muktijoddha Banizzo Bhaban,Upazila Gate,Main Road,Ghatail,Tangail. ",8801712598394,,,,Sundarban,Plz ensure home delivery. ,,0112 - Ahasanul Kabir,,
Done,Febr25,5-Feb,A2 24K VIOMI AC Split (Non-Inverter) 2 Ton,1,56500,56500,M/S Nurul Enterprise,Sohrawardi College Banorgati Khulna ,8801923404406,Nill,Nill,Nill,Sundarban,,00,0031 - Adnan Billah,,
Done,Febr25,5-Feb,A2 18K VIOMI AC Split (Non-Inverter) 1.5 Ton,1,43500,43500,M/S Nurul Enterprise,Sohrawardi College Banorgati Khulna ,8801923404406,Ashik,"149/A, Regent porbota grand apartment  Senpera, Mirpur 10.  Building: Sukonna. 7 tola.",01933250795,No Preference,1.5 ton mirpur 10 e delivery hbe ,00,0031 - Adnan Billah,,
Done,Febr25,5-Feb,Xiaomi TV A Pro 32 Inch,3,21000,63000,Archi Electronics ,Club market BB Road ,8801973332816,,,,Self Pick,,,0117 - Mohosin Lasker,,
Done,Febr25,5-Feb,Xiaomi TV A 2025 65 Inch,1,77000,77000,Mohammad Hamid,"H2 Fishing Clubs, Azmatpur, Noapara, Gazipur",8801715004633,,,,Self Delivery,,0,B2C,Done,
Done,Febr25,6-Feb,Mi Smart Scale 2,1,2511,2511,Daraz,"Asfia tower - 76, Road-11, Block-E,  Banani ",8801847420050,daraz,daraz,daraz,Self Delivery,daraz,0,E-Com,,
Done,Febr25,6-Feb,Xiaomi TV A 2025 65 Inch,2,77390,154780,New Friends Electronics ,"29, Stadium Market, Dhaka",8801817097172,,,,No Preference,,,0116 - Toukir Ahmed,Not Imposed,
Done,Febr25,6-Feb,Xiaomi TV A 2025 65 Inch,5,74000,370000,Chowdhury Electronics ,Alpona Plaza ,8801917810576,,,,Self Delivery,,,0033 - Imran Hossain - DHK,Not Imposed,
Done,Febr25,6-Feb,"Xiaomi TV A Pro 43"" QLED 2025",3,40990,122970,KS Electronics ,"H-20, Baitul Mukarram Market, Dhaka",8801842261648,,,,No Preference,Saturday will pay 100000/-,,0116 - Toukir Ahmed,,
Done,Febr25,8-Feb,Mi Smart Scale 2,2,2511,5022,Daraz,"Asfia tower - 76, Road-11, Block-E,  Banani ",8801847420050,DARAZ,DARAZ,DARAZ,Self Delivery,DARAZ,0,E-Com,,
Done,Febr25,8-Feb,"Xiaomi TV A Pro 43"" QLED 2025",5,40990,204950,Amin Smart LED Zone,"Shop: 1, Level: 1, Omar Shahjahan Tower, Ajompur Railgate, Uttara",8801908668577,,,,Self Delivery,,,0035 - Md.Rejaul Islam Sujon,,
Done,Febr25,8-Feb,"Xiaomi TV A Pro 43"" QLED 2025",1,40990,40990,Biva AC Bazar,Shat Rastar Moor pubali Bank er niche Khulna . ,8801716446909,Nill,Nill,Nill,Sundarban,,00,0031 - Adnan Billah,,
Done,Febr25,9-Feb,Mi Smart Scale 2,1,2790,2790,Daraz,"Asfia tower - 76, Road-11, Block-E,  Banani ",8801847420050,DARAZ,DARAZ,DARAZ,Self Delivery,DARAZ,0,E-Com,,
Done,Febr25,9-Feb,"Xiaomi TV A Pro 43"" QLED 2025",5,40990,204950,Sumash Tech ,"Bashundhara City, Level 6",8801677477085,,,,Self Delivery,,,0033 - Imran Hossain - DHK,,
Done,Febr25,9-Feb,Xiaomi TV A 2025 65 Inch,2,77990,155980,Sumash Tech ,"Bashundhara city, level 6",8801677477085,,,,Self Delivery,,,0033 - Imran Hossain - DHK,Not Imposed,
Done,Febr25,9-Feb,Xiaomi Wireless Keyboard and Mouse Combo,10,1990,19900,Sumash Tech ,"Shop-110,111 level-6, block-D, bashundhara city.",8801677477085,,,,Self Delivery,,,0033 - Imran Hossain - DHK,,
Done,Febr25,9-Feb,"Xiaomi TV A Pro 43"" QLED 2025",5,40990,204950,Esha Electronics ,"Shah Amanat City Corporation Super Market (1st Floor), Jubilee Road, Chittagong",8801716548281,,,,Sundarban,,00,0070 - Tamal Roy,,
Done,Febr25,10-Feb,Xiaomi TV A 2025 65 Inch,2,75400,150800,Jahidul Electronics,"Kanchon Bazar, Rupganj, Naranganj",8801716738591,Janapriyo Electronics ,"14 bazir mor narsingdi Sada Road,Natsingdi",01715939459,No Preference,,142460,0117 - Mohosin Lasker,Not Imposed,
Done,Febr25,10-Feb,"Xiaomi TV A Pro 43"" QLED 2025",2,39500,79000,Jahidul Electronics ,"Kanchan Bazar, Rupganj, Naranganj",8801716738591,,,,No Preference,,142460,0117 - Mohosin Lasker,,
Done,Febr25,10-Feb,Mi Dual Mode Wireless Mouse Silent Edition,2,1140,2280,Gulshan Gadget,"Gulshan Point, Plot: CWS (C) 7A, Biruttam AK Khandaker road,  Gulsh",8801749611432,,,,Self Delivery,,,0035 - Md.Rejaul Islam Sujon,,
Done,Febr25,10-Feb,"Xiaomi TV A Pro 75"" QLED 2025",1,136000,136000,Sumash Tech ,"Shop-110,111 level-6, block-D, bashundhara city.",8801677477085,,,,Self Delivery,,,0033 - Imran Hossain - DHK,Not Imposed,
Done,Febr25,10-Feb,Xiaomi TV Q2 55 Inch,1,74000,74000,Sumash Tech ,"Shop-110,111 level-6, block-D, bashundhara city.",8801677477085,,,,Self Delivery,,,0033 - Imran Hossain - DHK,,
Done,Febr25,10-Feb,"Xiaomi TV A Pro 43"" QLED 2025",2,40990,81980,Raton electronics ,"Milkvita road, Takerhat, Madaripur ",8801977398333,,,,Sundarban,,,0026 - Ohidul Islam,,
Done,Febr25,10-Feb,"Xiaomi TV A Pro 75"" QLED 2025",1,136000,136000,Long Tech,Mohammadpur ,8801919234023,Sadi,"Setu, Kushtia",8801723421708,Sundarban,,,0033 - Imran Hossain - DHK,Not Imposed,
Done,Febr25,10-Feb,A2 12K VIOMI AC Split (Non-Inverter) 1 Ton,2,35000,70000,Real Collection & Electronics,"Lichubagan,Rangunia,Ctg",8801842878841,,,,AJR,,,0025 - Imran Hossain - CTG,,
Done,Febr25,10-Feb,A2 18K VIOMI AC Split (Non-Inverter) 1.5 Ton,4,44000,176000,Real Collection & Electronics,"Rangunia,Ctg",8801842878841,,,,AJR,,,0025 - Imran Hossain - CTG,,
Done,Febr25,11-Feb,"Xiaomi TV A Pro 43"" QLED 2025",1,40990,40990,Shohan Electronics,Hard Metal Gallery Dakbangla Khulna ,8801726728024,Ahsanul,"Ka-61/1, Silicon Moonshine, Flat- 7A, Kuril Chowrasta, Joar Sahara Bazar Road, Dhaka-1229",+880 17 1790 5311,No Preference,"43” QLED price : 40,990/-    Fittings : 500/- ",00,0031 - Adnan Billah,,
Done,Febr25,11-Feb,"Xiaomi TV A Pro 43"" QLED 2025",1,40990,40990,Biva AC Bazar,Shat Rastar Moor pubali Bank er niche Khulna . ,8801716446909,Nill,Nill,Nill,Sundarban,,00,0031 - Adnan Billah,,
Done,Febr25,11-Feb,"Xiaomi TV A Pro 43"" QLED 2025",15,40990,614850,FM Electronics ,"Rifle Club, Nandan Kanon, Chittagong.",8801824946334,,,,Sundarban,,,0025 - Imran Hossain - CTG,,
Done,Febr25,11-Feb,Xiaomi TV A 2025 65 Inch,1,77990,77990,Long Tech ,"Y-7, Noor Jahan Road, Mohammadpur ",8801919234023,,,,Self Delivery,,,0033 - Imran Hossain - DHK,Not Imposed,
Done,Febr25,11-Feb,"Xiaomi TV A Pro 43"" QLED 2025",5,40990,204950,Electronics Gallery ,"Altafunnesa school field road, Satanibari, serpur road,Sadar Bogura.",8801715605378,,,,Sundarban,,204950,0019 - Hafizur Rahman,,
Done,Febr25,11-Feb,"Xiaomi TV A Pro 75"" QLED 2025",2,135990,271980,Bj Electronics,Ctg,8801734640607,,,,No Preference,,,0025 - Imran Hossain - CTG,Done,
Done,Febr25,11-Feb,Xiaomi TV A Pro 65 Inch,2,73990,147980,Authentic Computer ,"Kalibari Road zero point, Habiganj sadar",8801711241058,,,,Self Pick,,,0094 - Shaharia Khan,Done,
Done,Febr25,11-Feb,Xiaomi TV A Pro 55 Inch,1,52450,52450,SEBL Distribution,"House # 7, Road # 54/A, Gulshan-2, Dhaka-1212",8801708813783,,,,Self Delivery,,0,B2B,,
Done,Febr25,12-Feb,Mi Smart Scale 2,1,2790,2790,Daraz,"Asfia tower - 76, Road-11, Block-E,  Banani ",8801847420050,daraz,daraz,daraz,Self Delivery,daraz,0,E-Com,,
Done,Febr25,12-Feb,"Xiaomi TV A Pro 43"" QLED 2025",15,40990,614850,Wisdom Electronics ,"Alhamdulillah Bhaban, 1st Floor, South Jatrabari, Beside Dutch Bangla bank Ltd,Dhaka.",8801958403251,,,,No Preference,"এক্স ব্যানার-২ টা, ড্যংলার, প্রাইচ ষ্টিকার-৫টা, পিভিসি স্টিকার -২টা, কুপন-৫টা",,0116 - Toukir Ahmed,,
Done,Febr25,12-Feb,Xiaomi Wireless Keyboard and Mouse Combo,1,1990,1990,Gadget & Gear (E-Com),"Police Plaza Concord (Tower 2), Gulshan 1, Dhaka 1212.",8801318236986,,,,Self Delivery,,0,E-Com,,
Done,Febr25,12-Feb,"Xiaomi TV A Pro 43"" QLED 2025",1,37900,37900,Dx Tel Ltd,"PC Garden, (5th Floor), Flat No-5/A, 20-21, Garden Road,Kawran Bazar Lane,; Tejgaon PS; Dhaka-1215; Bangladesh",8801708813798,,Mi Store Kustia DTL 44 NS Road Kustia 01708813745,,No Preference,,0,B2B,,
Done,Febr25,12-Feb,"Xiaomi TV A Pro 43"" QLED 2025",1,40990,40990,Electropia,"11/2, Kabi Jashim Uddin Road, Jugantor Goli, North Kamalapur, Motijheel, Dhaka-1000.",8801911761617,,,,Self Delivery,,0,B2B,,
Done,Febr25,13-Feb,Mi Smart Scale 2,2,2790,5580,Daraz,"Asfia tower - 76, Road-11, Block-E,  Banani ",8801847420050,daraz,daraz,daraz,Self Delivery,daraz,0,E-Com,,
Done,Febr25,13-Feb,Mi Smart Scale 2,3,2490,7470,Cartup,"Rahman's Regnum Centre, Level 6, 191/1, Tejgaon C/A, Dhaka - 1208",8801321153711,cartup,cartup,cartup,Self Delivery,cartup,0,E-Com,,
Done,Febr25,13-Feb,"Xiaomi TV A Pro 43"" QLED 2025",5,40990,204950,Long Tech ,Noor Jahan Road ,8801919234023,Zabir,"United Centre Point, Airport",8801871443036,Self Delivery,,,0033 - Imran Hossain - DHK,,
Done,Febr25,13-Feb,Mi Smart Air Fryer 3.5L,1,8490,8490,Silver Water Technologies Bangladesh Limited,"HOUSE- 26, ROAD-07, BLOCK- C, NIKETON, GULSHAN1, PS-GULSHAN, DHAKA",8801715601888,,,,Self Delivery,,0,B2B,,
Done,Febr25,16-Feb,Mi Smart Scale 2,2,2790,5580,Daraz,"Asfia tower - 76, Road-11, Block-E,  Banani ",8801847420050,DARAZ,DARAZ,DARAZ,Self Delivery,DARAZ,0,E-Com,,
Done,Febr25,16-Feb,Xiaomi TV A 2025 55 Inch,3,55990,167970,Wholesale Electronic Narayanganj , Uttor chasara Nan TV Building (Ground Floor),8801888018887,,,,No Preference,,0,0117 - Mohosin Lasker,,
Done,Febr25,16-Feb,"Xiaomi TV A Pro 43"" QLED 2025",2,40990,81980,Archi Electronics,Club Market BB Road Narayanganj,8801711705972,,,,No Preference,,0,0117 - Mohosin Lasker,,
Done,Febr25,16-Feb,Xiaomi TV A 2025 65 Inch,2,77990,155980,FM Electronics ,"Rifle Club, Nandan Kanon, Chittagong.",8801824946334,,,,No Preference,,,0025 - Imran Hossain - CTG,Done,
Done,Febr25,16-Feb,Xiaomi TV A 2025 55 Inch,10,55990,559900,FM Electronics ,"Rifle Club, Nandan Kanon, Chittagong.",0,,,,No Preference,,,0025 - Imran Hossain - CTG,,
Done,Febr25,16-Feb,Xiaomi TV A 2025 55 Inch,2,55990,111980,Bj Electronics,Ctg,0,,,,No Preference,,,0025 - Imran Hossain - CTG,,
Done,Febr25,16-Feb,Xiaomi TV A 2025 65 Inch,1,77990,77990,Bj Electronics,Ctg,0,,,,No Preference,,,0025 - Imran Hossain - CTG,Done,
Done,Febr25,16-Feb,Xiaomi Rechargeable Mini Fan,3,2299,6897,Daraz,"Asfia tower - 76, Road-11, Block-E,  Banani ",8801847420050,DARAZ,DARAZ,DARAZ,Self Delivery,DARAZ,0,E-Com,,
Done,Febr25,16-Feb,Xiaomi TV A 2025 55 Inch,5,55990,279950,Brand Bazaar ,Happy Arcadia Shopping Malls ,8801711903044,,,,Self Delivery,,,0033 - Imran Hossain - DHK,,
Done,Febr25,16-Feb,Xiaomi TV A 2025 65 Inch,2,77990,155980,Brand Bazaar ,Happy Arcadia Shopping Malls ,8801711903044,,,,Self Delivery,,,0033 - Imran Hossain - DHK,Not Imposed,
Done,Febr25,16-Feb,Xiaomi TV A 2025 55 Inch,10,55000,550000,Star Tech & Engineering Limited,"6th floor, 28 Kazi Nazrul Islam Ave,Navana Zohura Square, Dhaka 1000.",8801709995415,,"127 Hazaribagh Road, Dhaka 1209 (Near tannery More Jame Mosjid) Former Apex Tannery",,Self Delivery,,0,B2B,,
Done,Febr25,16-Feb,"Xiaomi TV A Pro 43"" QLED 2025",4,40990,163960,Smart home appliances ,"Alipur,sadar,Faridpur ",8801318300516,,,,Sundarban,,,0026 - Ohidul Islam,,
Done,Febr25,16-Feb,Xiaomi TV A 2025 55 Inch,2,55990,111980,Smart home appliances ,"Alipur, sadar,Faridpur ",8801318300516,,,,Sundarban,,,0026 - Ohidul Islam,,
Done,Febr25,17-Feb,"Xiaomi TV A Pro 75"" QLED 2025",1,135990,135990,National Electronics ,"Victoria road, Tangail Sadar ",8801727020647,Dina electronics ,"Kocua road, Goll Cottor,Sakhipur,Tangail. ",01719924392,No Preference,Bhai please ensure home delivery. ,,0112 - Ahasanul Kabir,Done,
Done,Febr25,17-Feb,A2 18K VIOMI AC Split (Non-Inverter) 1.5 Ton,1,45000,45000,Cartup,"Rahman's Regnum Centre, Level 6, 191/1, Tejgaon C/A, Dhaka - 1208",8801321153711,,cartup,cartup,Self Delivery,cartup ,0,E-Com,,
Done,Febr25,17-Feb,"Xiaomi TV A Pro 43"" QLED 2025",2,40990,81980,An Nafi electronics ,"Bualmari Bazar, Bualmari thana,Faridpur ",8801716413035,,,,Sundarban,Price Tag need ,,0026 - Ohidul Islam,,
Done,Febr25,17-Feb,"Xiaomi TV A Pro 43"" QLED 2025",1,40990,40990,Authentic computer ,"Khalibari more, zero point, Habiganj sadar",8801711241058,,,,Sundarban,,,0094 - Shaharia Khan,,
Done,Febr25,17-Feb,"Xiaomi TV A Pro 43"" QLED 2025",1,37900,37900,Dx Tel Ltd,"PC Garden, (5th Floor), Flat No-5/A, 20-21, Garden Road,Kawran Bazar Lane,; Tejgaon PS; Dhaka-1215; Bangladesh",8801708813798,Dx Tel,"Delivery address: Mi Store Dinajpur Address: Goneshtola, Modarn, Sadar, Dinajpur Mobile: ",01708813775,No Preference,,,B2B,,
Done,Febr25,18-Feb,Xiaomi TV A Pro 55 Inch,1,54090,54090,New Friends electronics ,"29 National Stadium market, Gulistan, Dhaka",8801701395334,,,,Self Delivery,,,0116 - Toukir Ahmed,,
Done,Febr25,18-Feb,"Xiaomi TV A Pro 43"" QLED 2025",1,40990,40990,Brand Bazar - Noakhali,"Main road,Maijdee,Noakhali.. ",8801671726062,Skynet Computer,"24 no railway Hokers market,sador,Chadpur",01711706960,Sundarban,,,0107 - Tanjil Hossain,,
Done,Febr25,18-Feb,"Xiaomi TV A Pro 43"" QLED 2025",5,40990,204950,Brand Bazaar ,Happy Arcadia Shopping Malls ,8801711903044,,,,Self Delivery,,,0033 - Imran Hossain - DHK,,
Done,Febr25,18-Feb,Xiaomi Rechargeable Mini Fan,1,2500,2500,Sagor (Amaya Production lead),Amaya Warehouse,8801738799729,,,,No Preference,,0,B2B,,
Cancelation,Febr25,18-Feb,Xiaomi TV A 2025 65 Inch,,,0,The Best Electronics ,"Beside Rokia Ahsan College ,Demra, Dhaka",8801977377540,,,,No Preference,,0,0117 - Mohosin Lasker,Not Imposed,
Done,Febr25,18-Feb,Xiaomi TV A Pro 43 Inch,2,36990,73980,The Best Electronics ,"Beside Rokia Ahsan College ,Demra, Dhaka",8801977377540,,,,Self Delivery,,,0117 - Mohosin Lasker,,
Cancelation,Febr25,19-Feb,"Xiaomi TV A Pro 43"" QLED 2025",,,0,Digital Square ,"House: 7, Darussalam Road, Mirpur 1, Dhaka.",8801712992828,,,,Self Delivery,,,0035 - Md.Rejaul Islam Sujon,,
Done,Febr25,19-Feb,"Xiaomi TV A Pro 43"" QLED 2025",5,40990,204950,Wholesale Electronic Narayanganj ,Uttor chasara Nan TV Building (Ground Floor),8801888018887,,,,No Preference,,,0117 - Mohosin Lasker,,
Done,Febr25,19-Feb,Xiaomi TV A 2025 65 Inch,1,77990,77990,Sahin Computer,Chawrongi bazar Gopalgonj.,8801715711707,Nill,Nill,Nill,Sundarban,,00,0031 - Adnan Billah,Done,
Done,Febr25,20-Feb,Xiaomi Rechargeable Mini Fan,2,2180,4360,Daraz,"Asfia tower - 76, Road-11, Block-E,  Banani ",8801847420050,daraz,daraz,daraz,Self Delivery,daraz,0,E-Com,,
Done,Febr25,20-Feb,"Xiaomi TV A Pro 43"" QLED 2025",1,40990,40990,Cell Nest- 1  ,"Cell Nest- 1 
Shop No #23, 1st Floor Karim Ullah Market, Bondor Bazar Sylhet.. 

Name : Nahid Ahmed 

Mobile: +880 1929-612780",8801929612780,,,,Sundarban,Must be ensure home delivery ,,0094 - Shaharia Khan,,
Done,Febr25,20-Feb,Xiaomi TV A 2025 55 Inch,5,53500,267500,Chowdhury Electronics ,Alpona Plaza ,8801917810576,,,,Self Delivery,,,0033 - Imran Hossain - DHK,,
Done,Febr25,20-Feb,"Xiaomi TV A Pro 43"" QLED 2025",1,40990,40990,Super electronics ,"Super electronics 2
1st floor Latif Center, Zindabazar, Sylhet.",8801712124747,,,,Sundarban,,,0094 - Shaharia Khan,,
Done,Febr25,20-Feb,Xiaomi TV A 2025 65 Inch,6,76490,458940,Tech Land ,"Multiplan Centre,  2nd gate",8801647538526,,,,Self Delivery,,,0033 - Imran Hossain - DHK,Not Imposed,
Done,Febr25,20-Feb,"Xiaomi TV A Pro 75"" QLED 2025",1,135990,135990,New Khan Mobile point ,"Victoria Road, Tangail Sadar ",8801711909853,,,,Sundarban,Plz ensure home delivery. ,,0112 - Ahasanul Kabir,Done,
Done,Febr25,22-Feb,Xiaomi TV A Pro 32 Inch,2,20990,41980,Amin Smart LED Zone,"Shop: 2, Level: 2, Omar Shahjahan Tower, Ajompur Railgate, Uttara",8801908668577,,,,Self Delivery,,,0035 - Md.Rejaul Islam Sujon,,
Done,Febr25,22-Feb,Xiaomi Rechargeable Mini Fan,1,2180,2180,Daraz,"Asfia tower - 76, Road-11, Block-E,  Banani ",8801847420050,daraz,daraz,daraz,Self Delivery,daraz,0,E-Com,,
Done,Febr25,22-Feb,Mi Dual Mode Wireless Mouse Silent Edition,1,880,880,Daraz,"Asfia tower - 76, Road-11, Block-E,  Banani ",8801847420050,daraz,daraz,daraz,Self Delivery,daraz,0,E-Com,,
Done,Febr25,22-Feb,Xiaomi TV A Pro 32 Inch,4,20990,83960,Sheba Electronics ,"Shop:620, Level: 5, RAJUK commercial market, Uttara",8801745308008,,,,Self Delivery,,,0035 - Md.Rejaul Islam Sujon,,
Done,Febr25,22-Feb,Xiaomi TV A Pro 32 Inch,3,20990,62970,Success computer & engineering,"Aloka Nodi Bangla complex, Rambabu road, Mymensingh. ",8801711682184,,,,Sundarban,"154300 is owed to Success Computer and Engineering Ledger. I request you to adjust the ledger through the products ordered today. Also, please ensure home delivery of the products.",,0112 - Ahasanul Kabir,,
Done,Febr25,22-Feb,"Xiaomi TV A Pro 43"" QLED 2025",2,40990,81980,Success computer & engineering,"Aloka Nodi Bangla complex, Rambabu road, Mymensingh Sadar ",8801711682184,,,,Sundarban,"154300 is owed to Success Computer and Engineering Ledger. I request you to adjust the ledger through the products ordered today. Also, please ensure home delivery of the products.",,0112 - Ahasanul Kabir,,
Done,Febr25,22-Feb,Xiaomi TV A 2025 55 Inch,1,56000,56000,Mrs Shereen Alam,"House: 43, Road: 9, Shekertek, Mohammadpur. 

",8801631191431,Mrs Shereen Alam,"House: 43, Road: 9, Shekertek, Mohammadpur. ","House: 43, Road: 9, Shekertek, Mohammadpur. ",Self Delivery,COD,0,B2C,,
Done,Febr25,22-Feb,Mi Smart Air Fryer 3.5L,1,8990,8990,Success computer & engineering,"Aloka Nodi Bangla complex, Rambabu road, Mymensingh Sadar ",8801711682184,,,,Sundarban,"154300 is owed to Success Computer and Engineering Ledger. I request you to adjust the ledger through the products ordered today. Also, please ensure home delivery of the products.",,0112 - Ahasanul Kabir,,
Done,Febr25,22-Feb,Xiaomi TV A Pro 32 Inch,10,20790,207900,New Friends electronics ,"29 National Stadium market, Gulistan, Dhaka. ",8801701395334,,,,No Preference,,,0116 - Toukir Ahmed,,
Done,Febr25,22-Feb,Xiaomi TV A Pro 32 Inch,7,20990,146930,Tuba Enterprise ,"Tmss market, Sadar Bogura ",8801772032783,,,,Sundarban,,202920,0019 - Hafizur Rahman,,
Done,Febr25,22-Feb,Xiaomi TV A 2025 55 Inch,1,55990,55990,Tuba Enterprise ,"Tmms market, Sadar Bogura ",8801772032783,,,,Sundarban,,202920,0019 - Hafizur Rahman,,
Done,Febr25,22-Feb,A2 24K VIOMI AC Split (Non-Inverter) 2 Ton,1,57000,57000,Kazi Nur- E Alam,"Assort Bailey Nest 18, now Bailey Road Flat no A 2",8801756213035,,,,No Preference,MD Sir,,B2C,,
Done,Febr25,22-Feb,Xiaomi TV A Pro 32 Inch,12,20990,251880,Bj Electronics,Ctg,8801734640607,,,,No Preference,,,0025 - Imran Hossain - CTG,,
Done,Febr25,22-Feb,Xiaomi TV A 2025 55 Inch,2,55990,111980,Bj Electronics,Ctg,8801734640607,,,,No Preference,,,0025 - Imran Hossain - CTG,,
Done,Febr25,23-Feb,Xiaomi Rechargeable Mini Fan,3,2180,6540,Daraz,"Asfia tower - 76, Road-11, Block-E,  Banani ",8801847420050,daraz,daraz,daraz,Self Delivery,daraz,0,E-Com,,
Done,Febr25,23-Feb,Mi Dual Mode Wireless Mouse Silent Edition,1,880,880,Daraz,"Asfia tower - 76, Road-11, Block-E,  Banani ",8801847420050,daraz,daraz,daraz,Self Delivery,daraz,0,E-Com,,
Done,Febr25,23-Feb,Xiaomi TV A Pro 32 Inch,10,19990,199900,Jahidul Furniture & Electronics,Uttor Kanchon Bazar Rupganj,8801737804055,,,,No Preference,,,0117 - Mohosin Lasker,,
Done,Febr25,23-Feb,Xiaomi TV A Pro 32 Inch,2,20990,41980,Electronics House ,"Borogola more,Sadar Bogura ",8801622334403,,,,Sundarban,,,0019 - Hafizur Rahman,,
Done,Febr25,23-Feb,Xiaomi TV A Pro 32 Inch,5,20990,104950,An nafi electronics ,"Bualmari Bazar, Bualmari, Faridpur ",8801716413035,,,,Sundarban,,105000,0026 - Ohidul Islam,,
Done,Febr25,23-Feb,Xiaomi TV A 2025 65 Inch,5,77000,385000,Star Tech & Engineering Limited,"6th floor, 28 Kazi Nazrul Islam Ave,Navana Zohura Square, Dhaka 1000.",8801709995415,"Star tech & engineering Ltd Central warehouse  127 Hazaribagh Road, Dhaka 1209 (Near tannery More Jame Mosjid) Former Apex Tannery","127 Hazaribagh Road, Dhaka 1209 (Near tannery More Jame Mosjid) Former Apex Tannery",,Self Delivery,,,B2B,Done,
Done,Febr25,23-Feb,Xiaomi TV A Pro 32 Inch,6,20990,125940,Mollick electronics ,"Jibonnagor Bazar, Jibonnagor, Chuadanga ",8801922487846,,,,Sundarban,,,0026 - Ohidul Islam,,
Done,Febr25,23-Feb,"Xiaomi TV A 43"" FHD 2025",1,32000,32000,Pretty Group," House-5/A, Flintz Baily Heights, Rd 94, Dhaka 1212",8801992055664,,,,Self Delivery,MD Sir Order,,B2B,,
Done,Febr25,23-Feb,Xiaomi TV A Pro 32 Inch,20,20990,419800,FM Electronics ,"Rifle Club, Nandan Kanon, Chittagong.",8801824946334,,,,No Preference,,,0025 - Imran Hossain - CTG,,
Done,Febr25,23-Feb,Xiaomi TV A Pro 32 Inch,4,20990,83960,TV Ghor,"Kadamtola Mor, Demra, Dhaka",8801911567808,,,,No Preference,,,0117 - Mohosin Lasker,,
Done,Febr25,23-Feb,Xiaomi TV A 2025 55 Inch,1,55990,55990,Success comuter & Engeneering ,"Aloka nodi bangla tower,Rambabu road Mymensingh ",8801711682184,Aqib Alvi,N/A,01818981971,Self Pick,Mr Alvi collect tv in logistic ,,0112 - Ahasanul Kabir,,
Done,Febr25,23-Feb,Xiaomi TV A Pro 32 Inch,1,20990,20990,Arafat Traders ,"Sultanabad, new market, Bualia, Rajshahi. ",8801747104626,,,,Sundarban,,,0019 - Hafizur Rahman,,
Done,Febr25,23-Feb,Xiaomi TV A Pro 32 Inch,7,20990,146930,Alhamdulillah Electronics ,"Oxygen,Ctg",8801818917168,,,,No Preference,,,0025 - Imran Hossain - CTG,,
Done,Febr25,23-Feb,Xiaomi TV A 2025 55 Inch,1,55990,55990,Alhamdulillah Electronics ,Ctg,8801818917168,,,,No Preference,,,0025 - Imran Hossain - CTG,,
Done,Febr25,23-Feb,Xiaomi TV A 2025 65 Inch,1,77990,77990,Alhamdulillah Electronics ,Ctg,8801818917168,,,,No Preference,,,0025 - Imran Hossain - CTG,Done,
Done,Febr25,23-Feb,Xiaomi TV A Pro 32 Inch,1,20990,20990,Anonna Telecom ,Sadar Joypurhat ,8801716478683,,,,Sundarban,,,0019 - Hafizur Rahman,,
Done,Febr25,23-Feb,"Xiaomi TV A Pro 43"" QLED 2025",1,40990,40990,Md. Sumon,"Shopno Neer ,272-KHA,  C3, Lavel-3, Water Tank agargoan, জনতা houshing Taltola , Dhaka. ",8801717455580,,,,Self Delivery,"MD Sir Order, Oner ERP Owner",,B2C,,
Done,Febr25,24-Feb,Mi Smart Scale 2,1,2480,2480,Daraz,"Asfia tower - 76, Road-11, Block-E,  Banani ",8801847420050,daraz,daraz,daraz,Self Delivery,daraz,0,E-Com,,
Done,Febr25,24-Feb,Xiaomi Rechargeable Mini Fan,1,2180,2180,Daraz,"Asfia tower - 76, Road-11, Block-E,  Banani ",8801847420050,daraz,daraz,daraz,Self Delivery,daraz,0,E-Com,,
Done,Febr25,24-Feb,Xiaomi TV A Pro 32 Inch,5,20990,104950,Shamim Electronics ,"Jolladkhana, North Side Of Desco, Mirpur 10",8801911004589,,,,Self Delivery,,,0035 - Md.Rejaul Islam Sujon,,
Done,Febr25,24-Feb,Xiaomi TV A Pro 32 Inch,1,20990,20990,Samsung Electronics Mart,"CB - 288, Tamanna Complex, Kochukhet, Dhaka Cantonment ",8801735025695,,,,Self Delivery,,,0035 - Md.Rejaul Islam Sujon,,
Done,Febr25,24-Feb,Xiaomi TV A Pro 32 Inch,5,20790,103950,Pretom electronics ,"57/B, Get No-7, Baitul Mukarram market, Dhaka.",8801831301032,,,,No Preference,,,0116 - Toukir Ahmed,,
Done,Febr25,24-Feb,Xiaomi TV A Pro 32 Inch,6,20990,125940,Juned & Jabed electronics ,"79/A Ali complex, Pirujpur, Bhonhobir,  South sorma,  Sylhet ",8801715128517,,,,Sundarban,,,0094 - Shaharia Khan,,
Done,Febr25,24-Feb,Xiaomi TV A Pro 32 Inch,5,20990,104950,General enterprise ,"91 National Stadium market, Gulistan, Dhaka",8801911225441,,,,No Preference,,,0116 - Toukir Ahmed,,
Done,Febr25,24-Feb,Xiaomi TV A Pro 32 Inch,5,20990,104950,Amin corporation ,"C&B road, Barisal sador 

https://maps.app.goo.gl/EfZroqGPSHvWxs8u7",8801711423639,,,,Sundarban,He is a very prominent dealer in Barisal zone. Be careful ,,0123 - Anamul Islam Jewel,,
Done,Febr25,24-Feb,Mi Smart Scale 2,4,2490,9960,OnnoRokom Web Services Ltd,"2/1/E, Eden Center, Arambag, Motijheel, Dhaka-1000",8801708166273,,,,Self Delivery,,,E-Com,,
Done,Febr25,24-Feb,Xiaomi TV A Pro 32 Inch,9,20990,188910,Radi Vision Electronics,"Salauddin Road,Sador,Feni.",8801722020135,,,,Self Delivery,,,0107 - Tanjil Hossain,,
Done,Febr25,25-Feb,Xiaomi TV A Pro 32 Inch,3,20990,62970,Ks electronics ,"20, Baitul Mukarram market, Dhaka ",8801917095256,,,,No Preference,,,0116 - Toukir Ahmed,,
Done,Febr25,25-Feb,Xiaomi TV A Pro 32 Inch,1,20990,20990,Cell computer ,"Greater road,Kadirganj,Bualia,Rajshahi. ",8801714081082,,,,Sundarban,,,0019 - Hafizur Rahman,,
Done,Febr25,25-Feb,A2 18K VIOMI AC Split (Non-Inverter) 1.5 Ton,1,45000,45000,Antara electronics & Telecom ,"Sadar,Rajbari ",8801924434345,,,,Sundarban,,,0026 - Ohidul Islam,,
Done,Febr25,25-Feb,"Xiaomi TV A Pro 43"" QLED 2025",1,40990,40990,Khan Electro House ,"Badamtoli sarok,sadar,Madaripur ",8801715163094,,,,Sundarban,,,0026 - Ohidul Islam,,
Done,Febr25,25-Feb,Xiaomi TV A Pro 32 Inch,2,20990,41980,Khan Electro House ,"Badamtoli sarak,sadar,Rajbari ",8801715163094,,,,Sundarban,,,0026 - Ohidul Islam,,
Done,Febr25,25-Feb,Xiaomi TV A Pro 32 Inch,4,20990,83960,Bismillah Electronics ,"Anwara,Ctg",8801875737375,,,,Sundarban,,,0070 - Tamal Roy,,
Done,Febr25,25-Feb,"Xiaomi TV A Pro 43"" QLED 2025",2,40990,81980,National Traders,"Alipur,sadar,Faridpur ",8801720976868,,,,Sundarban,,179950,0026 - Ohidul Islam,,
Done,Febr25,25-Feb,Xiaomi TV A Pro 32 Inch,2,20990,41980,"Ayat electronics, lalmohon ","Lalmohon, Bhola ",8801977008384,,,,Sundarban,With kupon please ,,0123 - Anamul Islam Jewel,,
Done,Febr25,25-Feb,Xiaomi TV A 2025 55 Inch,1,55990,55990,National Traders,"Alipur, sadar,Faridpur ",8801720976868,,,,Sundarban,,179950,0026 - Ohidul Islam,,
Done,Febr25,25-Feb,Xiaomi TV A Pro 32 Inch,2,20990,41980,National Traders,"Alipur,sadar,Faridpur ",8801720976868,,,,Sundarban,,179950,0026 - Ohidul Islam,,
Done,Febr25,25-Feb,Xiaomi TV A Pro 32 Inch,4,20990,83960,GunGun electronics ,"Kalibari more, B,baria sadar,  Brahmonbaria ",8801911097959,,,,Sundarban,,,0094 - Shaharia Khan,,
Done,Febr25,26-Feb,Mi Smart Scale 2,2,2480,4960,Daraz,"Asfia tower - 76, Road-11, Block-E,  Banani ",8801847420050,daraz,daraz,daraz,Self Delivery,daraz,0,E-Com,,
Done,Febr25,26-Feb,Xiaomi TV A Pro 32 Inch,2,20990,41980,Tasmiya Electronics,"Hazi Nur market Sarag Bazar,Akhaura Sadar",8801676837440,,,,Sundarban,,,0094 - Shaharia Khan,,
Done,Febr25,26-Feb,Xiaomi TV A Pro 32 Inch,5,20990,104950,Raton electronics ,"Milkvita road, Takerhat, Madaripur ",8801711398333,,,,Sundarban,,,0026 - Ohidul Islam,,
Done,Febr25,26-Feb,Xiaomi TV A Pro 32 Inch,5,19990,99950,Jhahidul Electronics ,Uttor Kanchon Bazar Rupganj,8801737804055,Tajmahal Electronics,"Borpa Bus Stand, Borpa, Rupganj, Naranganj ",01818266760,No Preference,,,0117 - Mohosin Lasker,,
Done,Febr25,26-Feb,"Xiaomi TV A Pro 43"" QLED 2025",1,40990,40990,Super electronics ,"1st floor Latif Center, Zindabazar, Sylhet.",8801712124747,,,,Sundarban,,,0094 - Shaharia Khan,,
Done,Febr25,26-Feb,Xiaomi TV A 2025 55 Inch,5,55990,279950,Brand Bazaar ,Happy Arcadia Shopping Malls ,8801711903044,,,,Self Delivery,,,0033 - Imran Hossain - DHK,,
Done,Febr25,27-Feb,Xiaomi TV A Pro 32 Inch,1,20990,20990,Amin Smart LED Zone,Uttara,8801908668577,,,,Self Pick,,,0035 - Md.Rejaul Islam Sujon,,
Done,Febr25,27-Feb,Xiaomi TV A Pro 32 Inch,5,20990,104950,KS electronics ,"Shop-20, Baitul Mukarram market, Dhaka",8801917095256,,,,No Preference,,,0116 - Toukir Ahmed,,
Done,Febr25,27-Feb,Xiaomi TV A Pro 32 Inch,10,19990,199900,Chowdhury Electronics ,Alpona Plaza ,8801917810576,,,,Self Delivery,,,0033 - Imran Hossain - DHK,,
Done,Febr25,27-Feb,Xiaomi TV A 2025 55 Inch,5,53500,267500,Chowdhury Electronics ,Chowdhury Electronics ,8801917810576,,,,Self Delivery,,,0033 - Imran Hossain - DHK,,
Done,Febr25,27-Feb,Xiaomi TV A Pro 32 Inch,5,20990,104950,Sofiq electronics ,"Modhukhali Bazar, Modhukhali, Faridpur ",8801705033553,,,,Sundarban,,,0026 - Ohidul Islam,,
Done,Febr25,27-Feb,"Xiaomi TV A Pro 75"" QLED 2025",1,135990,135990,Long Tech ,Mohammadpur ,8801919234023,Sazzad Khandakar,"Plot 468, Flat - B5, Road 2, Block -D, Bashundhara R/A",01716483483,Self Delivery,13480 Taka Advanced in his ledger,,0033 - Imran Hossain - DHK,Not Imposed,
Done,Marc25,1-Mar,Mi Smart Scale 2,1,2480,2480,Daraz,"Asfia tower - 76, Road-11, Block-E,  Banani ",8801847420050,daraz,daraz,daraz,Self Delivery,daraz,0,E-Com,,
Done,Marc25,1-Mar,Mi Dual Mode Wireless Mouse Silent Edition,2,880,1760,Daraz,"Asfia tower - 76, Road-11, Block-E,  Banani ",8801847420050,daraz,daraz,daraz,Self Delivery,daraz,0,E-Com,,
Done,Marc25,1-Mar,"Xiaomi TV A Pro 43"" QLED 2025",1,40000,40000,Rejaul Karim Pantha,"1026/1, Mohshin Adore, flat D 5, Seven up goli, Kathaltola, Monipur, Mirpur 2 ",8801730062850,,,,No Preference,,0,B2C,,
Done,Marc25,1-Mar,Xiaomi TV A Pro 32 Inch,5,20990,104950,Upasham Electronics,Nodi Bangla Tower Main Road Maijdee,8801706397593,,,,Sundarban,,,0107 - Tanjil Hossain,,
Done,Marc25,1-Mar,A2 12K VIOMI AC Split (Non-Inverter) 1 Ton,1,36000,36000,Star Tech & Engineering Limited,"6th floor, 28 Kazi Nazrul Islam Ave,Navana Zohura Square, Dhaka 1000.",8801709995415,,,,Self Delivery,,0,B2B,,
Done,Marc25,1-Mar,A2 24K VIOMI AC Split (Non-Inverter) 2 Ton,1,58000,58000,SS Traders ,"Padma Abasik-3,Vodra Rajshahi. ",8801711397879,সাকিব ,"কেয়ার & কিউর সার্ভিসেস , সদর হাসপাতাল রোড, চুয়াডাঙ্গা ",8801313721975,Sundarban,,0,B2B,,
Done,Marc25,1-Mar,Xiaomi TV A Pro 32 Inch,2,20990,41980,Sumash Tech ,Bashundhara City ,8801677477085,,,,Self Pick,,,0033 - Imran Hossain - DHK,,
Done,Marc25,2-Mar,Mi Smart Scale 2,1,2480,2480,Daraz,"Asfia tower - 76, Road-11, Block-E,  Banani ",8801847420050,daraz,daraz,daraz,Self Delivery,daraz,0,E-Com,,
Done,Marc25,2-Mar,Mi Dual Mode Wireless Mouse Silent Edition,1,880,880,Daraz,"Asfia tower - 76, Road-11, Block-E,  Banani ",8801847420050,daraz,daraz,daraz,Self Delivery,daraz,0,E-Com,,
Done,Marc25,2-Mar,Xiaomi TV A Pro 32 Inch,5,20290,101450,AC Trust BD ,"H# 33, College Road, College Gate, Tongi, Gazipur ",8801676592055,,,,No Preference,,0,0117 - Mohosin Lasker,,
Done,Marc25,2-Mar,"Xiaomi TV A Pro 43"" QLED 2025",3,39790,119370,AC Trust BD ,"H# 33, College Road, College Gate, Tongi, Gazipur",8801676592055,,,,No Preference,,0,0117 - Mohosin Lasker,,
Done,Marc25,2-Mar,Xiaomi TV A 2025 55 Inch,2,54490,108980,AC Trust BD ,"33, College Road, College Gate, Tongi, Gazipur",8801676592055,,,,No Preference,,329800,0117 - Mohosin Lasker,,
Done,Marc25,2-Mar,Xiaomi TV A Pro 32 Inch,2,20990,41980,Digital Square ,"House: 7, Darussalam Road, Mirpur 1",8801712992828,,,,Self Delivery,,,0035 - Md.Rejaul Islam Sujon,,
Cancelation,Marc25,2-Mar,"Xiaomi TV A Pro 43"" QLED 2025",,,0,Digital Square ,"House: 7, Darussalam Road, Mirpur 1",8801712992828,,,,Self Delivery,COD,,0035 - Md.Rejaul Islam Sujon,,
Done,Marc25,2-Mar,Xiaomi Wireless Keyboard and Mouse Combo,1,1990,1990,SALEXTRA LIMITED,"Salextra Warehouse, Mohakhali - 1212",8801713199246,,,,Self Delivery,,0,E-Com,,
Done,Marc25,3-Mar,Xiaomi TV A 2025 55 Inch,1,55990,55990,Success computer  & Engeneering ,"Aloka nodi bangla tower,Rambabu road,Mymensingh ",8801711682184,Mr Debu," Jolshiri Golf Club Jolshiri Abason Rupgonj, Narayanganj (Near 300 feet neela market",01714130063,Self Delivery,Plz ensure self delivery in Our pickup,,0112 - Ahasanul Kabir,,
Done,Marc25,4-Mar,A2 12K VIOMI AC Split (Non-Inverter) 1 Ton,1,36000,36000,Star Tech & Engineering Limited,"6th floor, 28 Kazi Nazrul Islam Ave,Navana Zohura Square, Dhaka 1000.",8801709995415,,"127 Hazaribagh Road, Dhaka 1209 (Near tannery More Jame Mosjid) Former Apex Tannery",,No Preference,,0,B2B,,
Done,Marc25,4-Mar,Mi Smart Scale 2,2,2480,4960,Daraz,"Asfia tower - 76, Road-11, Block-E,  Banani ",8801847420050,daraz,daraz,daraz,Self Delivery,,0,E-Com,,
Done,Marc25,4-Mar,Mi Dual Mode Wireless Mouse Silent Edition,1,880,880,Daraz,"Asfia tower - 76, Road-11, Block-E,  Banani ",8801847420050,daraz,daraz,daraz,Self Delivery,,0,E-Com,,
Done,Marc25,4-Mar,Xiaomi Wireless Keyboard and Mouse Combo,1,1990,1990,SALEXTRA LIMITED,"Salextra Warehouse, Mohakhali - 1212",8801713199246,,,,Self Pick,,0,E-Com,,
Done,Marc25,5-Mar,"Xiaomi TV A Pro 75"" QLED 2025",1,135990,135990,Long Tech ,Mohammadpur ,8801919234023,Md. Saddam,"Impetus Center, level - 5, 242/B, Bir Uttam Mir Shawkat Sarak,Dhaka 1208",8801844543162,Self Delivery,,,0033 - Imran Hossain - DHK,Not Imposed,
Done,Marc25,5-Mar,Mi Dual Mode Wireless Mouse Silent Edition,1,880,880,Daraz,"Asfia tower - 76, Road-11, Block-E,  Banani ",8801847420050,daraz,daraz,daraz,Self Pick,,,E-Com,,
Done,Marc25,5-Mar,Mi Smart Scale 2,1,2480,2480,Daraz,"Asfia tower - 76, Road-11, Block-E,  Banani ",8801847420050,daraz,daraz,daraz,Self Pick,,,E-Com,,
Done,Marc25,5-Mar,Xiaomi Rechargeable Mini Fan,1,2299,2299,Daraz,"Asfia tower - 76, Road-11, Block-E,  Banani ",8801847420050,daraz,daraz,daraz,Self Pick,,,E-Com,,
Done,Marc25,5-Mar,A2 24K VIOMI AC Split (Non-Inverter) 2 Ton,1,58000,58000,Radivision electronics ,"Trank road,Sador,Feni",8801722020135,,,,Sundarban,,,0107 - Tanjil Hossain,,
Done,Marc25,5-Mar,Xiaomi TV A Pro 32 Inch,6,20990,125940,Mollick electronics ,"Jibonnagor, Chuadanga ",8801922487846,,,,Sundarban,,,0026 - Ohidul Islam,,
Done,Marc25,6-Mar,Xiaomi TV A 2025 65 Inch,1,77990,77990,Robishop,"FlingEx Warehouse. 159/C Tejgaon Industrial Area, Dhaka, Bangladesh.",8801833623322,Abidur Rahman,"532, Rashid Bhaban,Khejurtola, South Monipur Dhaka, Mirpur Model - Dhaka, 1216",8801833183355,Self Delivery,,0,E-Com,Done,
Done,Marc25,6-Mar,Xiaomi TV A 2025 65 Inch,2,77990,155980,Brand Bazaar ,Happy Arcadia Shopping Malls ,8801711903044,,,,Self Delivery,,,0033 - Imran Hossain - DHK,Not Imposed,
Done,Marc25,6-Mar,Xiaomi TV A Pro 32 Inch,2,20990,41980,Brand Bazaar ,Happy Arcadia Shopping Malls ,8801711903044,,,,Self Delivery,,,0033 - Imran Hossain - DHK,,
Done,Marc25,8-Mar,Mi Smart Scale 2,3,2480,7440,Daraz,"Asfia tower - 76, Road-11, Block-E,  Banani ",8801847420050,daraz,daraz,daraz,Self Delivery,daraz,0,E-Com,,
Done,Marc25,8-Mar,Redmi Note 14 Pro 5G 8/256GB,10,39000,390000,Mi Store (Mobile Bazar),"Shop:40 Level: 2, Shah Ali Plaza, Mirpur 10, Dhaka",8801788484830,,,,Self Delivery,,,0035 - Md.Rejaul Islam Sujon,,
Done,Marc25,8-Mar,Redmi Note 14 Pro+ 5G 12/512GB,10,49900,499000,Mi Store (Mobile Bazar),Mirpur 10,8801788484830,,,,Self Delivery,,,0035 - Md.Rejaul Islam Sujon,,
Done,Marc25,8-Mar,Redmi Note 14 Pro 5G 8/256GB,5,39000,195000,Ideal Cellular ,"Baitul View Tower, 56/1. Purana Paltan, Shop - 202",8801634917779,,,,Self Delivery,,,0033 - Imran Hossain - DHK,,
Done,Marc25,8-Mar,Redmi Note 14 Pro+ 5G 12/512GB,5,49900,249500,Ideal Cellular ,"Baitul View Tower, 56/1. Purana Paltan, Shop - 202",8801634917779,,,,Self Delivery,,,0033 - Imran Hossain - DHK,,
Done,Marc25,8-Mar,"Xiaomi TV A Pro 75"" QLED 2025",2,135190,270380,New Friends electronics ,"29 National Stadium market, Dhaka",8801817097172,,,,No Preference,,,0116 - Toukir Ahmed,Not Imposed,
Done,Marc25,8-Mar,Redmi Note 14 Pro 5G 8/256GB,1,39000,39000,Madina telecom ,"27 Karimullah  Market level 3, Bandar Bazar Sylhet ",8801711381718,,,,Sundarban,,,0094 - Shaharia Khan,,
Done,Marc25,8-Mar,Redmi Note 14 Pro+ 5G 12/512GB,1,49900,49900,Madina telecom ,"27 Karim Ullah market , level 3, Bandar Market, Sylhet ",8801711381718,,,,Sundarban,,,0094 - Shaharia Khan,,
Done,Marc25,8-Mar,Redmi Note 14 Pro 5G 8/256GB,5,39000,195000,Mi Store (Khan International 2),"Shop: 2, Level: 3, Rajlaxmi Shopping Complex, Uttara",8801942210136,,,,Self Delivery,"Black: 3, Purple: 2",,0035 - Md.Rejaul Islam Sujon,,
Done,Marc25,8-Mar,Redmi Note 14 Pro+ 5G 12/512GB,2,49900,99800,Mi Store (Khan International 2),Uttara,8801942210136,,,,Self Delivery,,,0035 - Md.Rejaul Islam Sujon,,
Done,Marc25,8-Mar,Redmi Note 14 Pro 5G 8/256GB,2,39000,78000,Mi Store (Right Telecom) ,"27/28, Khalil Bhaban, Mirpur 1",8801711306581,,,,Self Delivery,,,0035 - Md.Rejaul Islam Sujon,,
Done,Marc25,8-Mar,Redmi Note 14 Pro+ 5G 12/512GB,1,49900,49900,Mi Store (Right Telecom),Mirpur 1,8801711306581,,,,Self Delivery,,,0035 - Md.Rejaul Islam Sujon,,
Done,Marc25,8-Mar,Redmi Note 14 Pro+ 5G 12/512GB,10,49900,499000,SD Electronics (Pickaboo) ,"Sanmar Ocean City, Nasirabad, Chittagong ",8801770022223,,,,Sundarban,"Color : Black - 05, Blue - 05",00,0070 - Tamal Roy,,
Done,Marc25,8-Mar,Redmi Note 14 Pro 5G 8/256GB,2,39000,78000,Bhuiyan Telecom ,"Shop #02, Zila parishad Market, TA Road, Brahmanbaria ",8801821932121,,,,Sundarban,,,0094 - Shaharia Khan,,
Done,Marc25,8-Mar,Redmi Note 14 Pro 5G 8/256GB,4,39000,156000,Mi Store (Dristy Enterprise) ,"Shop: 74, Level: 2, Shah Ali Plaza, Mirpur 10",8801687148580,,,,Self Delivery,,,0035 - Md.Rejaul Islam Sujon,,
Done,Marc25,8-Mar,Redmi Note 14 Pro+ 5G 12/512GB,1,49900,49900,Mi Store (Dristy Enterprise) ,Mirpur 1,8801687148580,,,,Self Delivery,,,0035 - Md.Rejaul Islam Sujon,,
Done,Marc25,8-Mar,Redmi Note 14 Pro+ 5G 12/512GB,2,49900,99800,Bhuiyan telecom ,"Shop # 02,  Zila Parishad Market, TA Road, Brahmanbaria ",8801821932121,,,,Sundarban,,,0094 - Shaharia Khan,,
Done,Marc25,8-Mar,Redmi Note 14 Pro 5G 8/256GB,2,39000,78000,Mi store Hello Bangladesh ,Sadar Sirajganj ,8801710333399,,,,Sundarban,"14 pro,Black-1,Purple -1p",,0019 - Hafizur Rahman,,
Done,Marc25,8-Mar,Redmi Note 14 Pro+ 5G 12/512GB,1,49900,49900,Mi store Hello Bangladesh ,Sadar Sirajganj ,8801710333399,,,,Sundarban,"14 pro+, Black-1p",,0019 - Hafizur Rahman,,
Done,Marc25,8-Mar,Redmi Note 14 Pro 5G 8/256GB,3,39000,117000,Easy Electronics ,"Sena Shopping Complex, Nabinagar, Level 4, D36, D37",8801946352478,,,,No Preference,Colour : Purple - 01 & Black - 02,,0033 - Imran Hossain - DHK,,
Done,Marc25,8-Mar,Redmi Note 14 Pro+ 5G 12/512GB,2,49900,99800,Easy Electronics ,"Level 4: D36, D37
Sena shopping complex Nabinagar, Savar. Dhaka.",8801946352478,,,,No Preference,,,0033 - Imran Hossain - DHK,,
Done,Marc25,8-Mar,Redmi Note 14 Pro 5G 8/256GB,5,39000,195000,Mi store AR Telecom,"Main road,Sador, Laximpur,",8801840837518,,,,Sundarban,,,0107 - Tanjil Hossain,,
Done,Marc25,8-Mar,Redmi Note 14 Pro 5G 8/256GB,4,39000,156000,"Mi store, RT Communication ","Central girls school market, Thana road,Sadar Pabna.",8801711507130,,,,Sundarban,"14 pro color- Black-2p,Purple -2p",,0019 - Hafizur Rahman,,
Done,Marc25,8-Mar,Redmi Note 14 Pro 5G 8/256GB,6,39000,234000,In time ,New market Khulna Sadar ,8801713411211,Nill,Nill,Nill,Sundarban,,00,0031 - Adnan Billah,,
Done,Marc25,8-Mar,Redmi Note 14 Pro 5G 8/256GB,1,39000,39000,UB Mobile Centre ,"Narsingdi Sadar Road, Narshindi ",8801923121483,,,,No Preference,,,0117 - Mohosin Lasker,,
Done,Marc25,8-Mar,Redmi Note 14 Pro 5G 8/256GB,5,39000,195000,SH Telecom ,Bashundhara City ,8801766317965,,,,Self Pick,,,0033 - Imran Hossain - DHK,,
Done,Marc25,8-Mar,Redmi Note 14 Pro+ 5G 12/512GB,9,49900,449100,In time ,New market Khulna Sadar ,8801713411211,Nill,Nill,Nill,Sundarban,,00,0031 - Adnan Billah,,
Done,Marc25,8-Mar,Redmi Note 14 Pro+ 5G 12/512GB,1,49900,49900,UB Mobile Centre ,"Narsingdi Sadar Road, Narshindi ",8801923121483,,,,No Preference,,,0117 - Mohosin Lasker,,
Done,Marc25,8-Mar,Redmi Note 14 Pro+ 5G 12/512GB,5,49900,249500,SH Telecom ,Bashundhara City ,8801766317965,,,,Self Pick,,,0033 - Imran Hossain - DHK,,
Done,Marc25,8-Mar,Redmi Note 14 Pro+ 5G 12/512GB,3,49900,149700,Mi store RT communication ,"Central girls school market, Thana road,Sadar Pabna.",8801711507130,,,,Sundarban,"14 proColor, Black-2p & blue-1p",,0019 - Hafizur Rahman,,
Done,Marc25,8-Mar,Redmi Note 14 Pro 5G 8/256GB,4,39000,156000,3G dot com,"145,Bangabondhu road,zakir super market, chashara,narayongonj",8801715223232,,,,Self Delivery,Plz confirm 02 pcs black 02 pcs purple,,0117 - Mohosin Lasker,,
Done,Marc25,8-Mar,Redmi Note 14 Pro+ 5G 12/512GB,6,49900,299400,3G dot com,"145,Bangobondhu road,zakir super market,chashara,narayongonj",8801715223232,,,,Self Delivery,Plz confirm color 4 pcs black &2 pcs blue,,0117 - Mohosin Lasker,,
Done,Marc25,8-Mar,Redmi Note 14 Pro 5G 8/256GB,10,39000,390000,Mi Store (Rafsan Telecom),"Shop: 43, Level: 2, Shah Ali Plaza, Mirpur 10",8801876706910,,,,Self Delivery,"Black: 5, Purple: 5",,0035 - Md.Rejaul Islam Sujon,,
Done,Marc25,8-Mar,Redmi Note 14 Pro+ 5G 12/512GB,3,49900,149700,Mi Store (Rafsan Telecom),Mirpur 10,8801876706910,,,,Self Delivery,"Black: 2, Blue: 1",,0035 - Md.Rejaul Islam Sujon,,
Done,Marc25,8-Mar,Redmi Note 14 Pro 5G 8/256GB,2,39000,78000,BN Telecom ,"82, Shahid Rafique Sarak, Manikganj ",8801736877997,,,,No Preference,,,0033 - Imran Hossain - DHK,,
Done,Marc25,8-Mar,Redmi Note 14 Pro+ 5G 12/512GB,1,49900,49900,BN Telecom ,"82, Shahid Rafique Sarak,  Manikganj ",8801736877997,,,,No Preference,,,0033 - Imran Hossain - DHK,,
Done,Marc25,8-Mar,Redmi Note 14 Pro 5G 8/256GB,2,39000,78000,Mi store MM Brand shop ,"Alokar more,Boalia, Rajshahi ",8801719792738,,,,Sundarban,"14 pro, Black-1p,Purple -1p",,0019 - Hafizur Rahman,,
Done,Marc25,8-Mar,Redmi Note 14 Pro 5G 8/256GB,2,39000,78000,Ujala gallery ,"Rescourse, polish line, Cumilla sadar",8801911220011,,,,Sundarban,Colour 1 pcs purple & 1 pcs Black,,0094 - Shaharia Khan,,
Done,Marc25,8-Mar,Redmi Note 14 Pro+ 5G 12/512GB,1,49900,49900,Ujala gallery ,"Rescourse, polish line, Cumilla sadar",8801911220011,,,,Sundarban,Colour Black,,0094 - Shaharia Khan,,
Done,Marc25,8-Mar,Redmi Note 14 Pro+ 5G 12/512GB,1,49900,49900,HN Gadget,"Chakaria,Cox’sbazar ",8801974456777,,,,Sundarban,,,0025 - Imran Hossain - CTG,,
Done,Marc25,8-Mar,Redmi Note 14 Pro 5G 8/256GB,6,39000,234000,Mi store Cell town ,"RAMC market,Sadar Rangpur ",8801622530190,,,,Sundarban,"14 pro color -Black-3p, Purple -3p",,0019 - Hafizur Rahman,,
Done,Marc25,8-Mar,Xiaomi TV A 2025 55 Inch,4,55490,221960,New friends electronics ,"29 National Stadium market, Dhaka",8801817097172,,,,No Preference,,,0116 - Toukir Ahmed,,
Done,Marc25,8-Mar,Redmi Note 14 Pro+ 5G 12/512GB,2,49900,99800,Mi store Cell town ,"RAMC Market, Sadar Rangpur ",8801622530190,,,,Sundarban,"14 Pro+ color, Black-1p,Blue-1p",,0019 - Hafizur Rahman,,
Done,Marc25,8-Mar,Xiaomi TV A Pro 32 Inch,1,20790,20790,New friends electronics ,"29 national Stadium market, Dhaka",8801817097172,,,,No Preference,,,0116 - Toukir Ahmed,,
Done,Marc25,8-Mar,Redmi Note 14 Pro 5G 8/256GB,2,39000,78000,MI Store Jannat Telecom ,Chakbazar Mor  Sherpur Town,8801962148168,,,,No Preference,"1 pcs Lavender Purple 
1 pcs Black 
Ensure home delivery. ",,0112 - Ahasanul Kabir,,
Done,Marc25,8-Mar,Redmi Note 14 Pro+ 5G 12/512GB,1,49900,49900,"Mi Store, Fantasy Telecom ","Akhtaruzzaman center,Agrabad",8801719292100,,,,Sundarban,,,0025 - Imran Hossain - CTG,,
Done,Marc25,8-Mar,Redmi Note 14 Pro 5G 8/256GB,1,39000,39000,Modern telecom ,"Sadar,Sariatpur ",8801885991475,,,,Sundarban,,,0026 - Ohidul Islam,,
Done,Marc25,8-Mar,Redmi Note 14 Pro+ 5G 12/512GB,1,49900,49900,MI Store Jannat Telecom ,"Chakbazar Mor, Sherpur Town",8801962148168,,,,No Preference,"1 pcs Redmi Note Pro + Black 
Ensure Home Delivery. ",,0112 - Ahasanul Kabir,,
Done,Marc25,8-Mar,Redmi Note 14 Pro+ 5G 12/512GB,1,49900,49900,Modern telecom ,"Sadar,Sariatpur ",8801885991475,,,,Sundarban,,,0026 - Ohidul Islam,,
Done,Marc25,8-Mar,Redmi Note 14 Pro 5G 8/256GB,5,39000,195000,"Mi Store, Fantasy Telecom ",Agrabad,8801719292100,,,,Sundarban,Black,,0025 - Imran Hossain - CTG,,
Done,Marc25,8-Mar,Redmi Note 14 Pro 5G 8/256GB,2,39000,78000,Shimul electronics Mi Store ,"88 CK Ghosh Road, Mymensingh Sadar ",8801715815121,,,,Sundarban,"Redmi note 14 pro -2 pcs Black
Ensure home delivery ",,0112 - Ahasanul Kabir,,
Cancelation,Marc25,8-Mar,Redmi Note 14 Pro 5G 8/256GB,,,0,"Mi Store, Fantasy Telecom ",Ctg,8801719292100,,,,Sundarban,Purple 3 & Black 2,,0025 - Imran Hossain - CTG,,
Done,Marc25,8-Mar,Redmi Note 14 Pro+ 5G 12/512GB,1,49900,49900,Shimul electronics Mi Store ,88 ck Ghosh road Mymensingh Sadar ,8801715815121,,,,Sundarban,"Redmi note 14 pro+ 01 pcs Black. 
Ensure home delivery. ",,0112 - Ahasanul Kabir,,
Done,Marc25,8-Mar,Redmi Note 14 Pro 5G 8/256GB,5,39000,195000,New Khan Mobile Point,"Victoria road, Tangail Sadar ",8801711909853,,,,Sundarban,"2 pcs Lavender purple
3 pcs Black 
Ensure home delivery ",,0112 - Ahasanul Kabir,,
Done,Marc25,8-Mar,Redmi Note 14 Pro+ 5G 12/512GB,2,49900,99800,New Khan Mobile Point,"Victoria road, Tangail",8801711909853,,,,Sundarban,"1 pcs note pro+ Blue
1 pcs note pre+ Black
Ensure home delivery. ",,0112 - Ahasanul Kabir,,
Done,Marc25,8-Mar,"Xiaomi TV A Pro 75"" QLED 2025",1,135990,135990,Long Tech ,Mohammadpur ,8801919234023,Md. Rabbi,"Sector 12 Priyanka city Road 8 house 34 C1, Uttara  ",8801672231185,Self Delivery,,,0033 - Imran Hossain - DHK,Not Imposed,
Done,Marc25,8-Mar,Xiaomi TV A 2025 55 Inch,5,55990,279950,Brand Bazaar ,Happy Arcadia Shopping Malls ,8801711903044,,,,Self Delivery,,,0033 - Imran Hossain - DHK,,
Cancelation,Marc25,9-Mar,Redmi Note 14 Pro+ 5G 12/512GB,,,0,Ryan Telecom ,Cox’sbazar ,+880 1321-888052,,,,Sundarban,All color,,0025 - Imran Hossain - CTG,,
Cancelation,Marc25,9-Mar,Redmi Note 14 Pro 5G 8/256GB,,,0,Ryan Telecom ,Cox’sbazar ,+880 1321-888052,,,,Sundarban,All color. Deposit ongoing ,,0025 - Imran Hossain - CTG,,
Cancelation,Marc25,9-Mar,Redmi Note 14 Pro+ 5G 12/512GB,,,0,Dream Tech,Bandarban ,+880 1959-414155,,,,Sundarban,Black,,0025 - Imran Hossain - CTG,,
Cancelation,Marc25,9-Mar,Redmi Note 14 Pro 5G 8/256GB,,,0,Dream Tech,Bandarban ,+880 1959-414155,,,,Sundarban,"All Black color, Deposit ongoing ",,0025 - Imran Hossain - CTG,,
Cancelation,Marc25,9-Mar,Redmi Note 14 Pro+ 5G 12/512GB,,,0,Seba Distribution ,Cox’sbazar ,+880 1711-894194,,,,Sundarban,All color,,0025 - Imran Hossain - CTG,,
Cancelation,Marc25,9-Mar,Redmi Note 14 Pro 5G 8/256GB,,,0,Seba Distribution,Cox’sbazar ,+880 1711-894194,,,,Sundarban,"All color, Deposit ongoing ",,0025 - Imran Hossain - CTG,,
Cancelation,Marc25,9-Mar,Redmi Note 14 Pro+ 5G 12/512GB,,,0,Newmarket 2,"New market,Ctg",+880 1842-103995,,,,Sundarban,Blue,,0025 - Imran Hossain - CTG,,
Cancelation,Marc25,9-Mar,Redmi Note 14 Pro 5G 8/256GB,,,0,Newmarket 2,"Newmarket,Ctg",+880 1842-103995,,,,Sundarban,"Purple, Deposit ongoing ",,0025 - Imran Hossain - CTG,,
Done,Marc25,9-Mar,Mi Smart Scale 2,1,2480,2480,Daraz,"Asfia tower - 76, Road-11, Block-E,  Banani ",8801847420050,daraz,daraz,daraz,Self Delivery,daraz,0,E-Com,,
Done,Marc25,9-Mar,Xiaomi TV A Pro 32 Inch,6,20990,125940,Hasan Enterprise ,"Main road,Shaktola,Sador,Cumilla",8801711432598,,,,Sundarban,,,0107 - Tanjil Hossain,,
Done,Marc25,9-Mar,Redmi Note 14 Pro 5G 8/256GB,2,39000,78000,Shurovi Telecom ,"Medical Road,Jamalpur Sadar",8801912444553,,,,No Preference,"Black-1 pcs
Purple -1 pcs
Ensure home delivery. ",,0112 - Ahasanul Kabir,,
Done,Marc25,9-Mar,Redmi Note 14 Pro+ 5G 12/512GB,1,49900,49900,Dream Tech,Bandarban ,8801813359930,,,,Sundarban,Black,,0025 - Imran Hossain - CTG,,
Done,Marc25,9-Mar,Redmi Note 14 Pro 5G 8/256GB,4,39000,156000,Dream Tech,Bandarban ,8801813359930,,,,Sundarban,All black,,0025 - Imran Hossain - CTG,,
Done,Marc25,9-Mar,Redmi Note 14 Pro+ 5G 12/512GB,1,49900,49900,M Rahman enterprise ,"RN Tower,  Chowhatta, Sylhet sadar",8801722701111,,,,Sundarban,,,0094 - Shaharia Khan,,
Done,Marc25,9-Mar,Redmi Note 14 Pro 5G 8/256GB,1,39000,39000,M Rahman enterprise ,"RN Tower,  Chowhatta, Sylhet sadar",8801722701111,,,,Sundarban,,,0094 - Shaharia Khan,,
Done,Marc25,9-Mar,Redmi Note 14 Pro+ 5G 12/512GB,3,49900,149700,Smile Communication ,"Rakshit market,Main road,Cox’sbazar ",8801711894194,,,,Sundarban,All color,,0025 - Imran Hossain - CTG,,
Done,Marc25,9-Mar,Redmi Note 14 Pro 5G 8/256GB,2,39000,78000,Smile Communication ,"Rakshit market,Main road,Cox’sbazar ",8801711894194,,,,Sundarban,All color,,0025 - Imran Hossain - CTG,,
Done,Marc25,9-Mar,Redmi Note 14 Pro+ 5G 12/512GB,1,49900,49900,Newmarket 2,"Newmarket,Ctg",8801842103995,,,,Sundarban,Blue,,0025 - Imran Hossain - CTG,,
Done,Marc25,9-Mar,Redmi Note 14 Pro 5G 8/256GB,1,39000,39000,Newmarket 2,Ctg,8801842103995,,,,Sundarban,Purple ,,0025 - Imran Hossain - CTG,,
Done,Marc25,9-Mar,Redmi Note 14 Pro+ 5G 12/512GB,3,49900,149700,Skynet ,"Khandaker Haqb Tower,  khandirpar, cumilla sadar",8801819488949,,,,Sundarban,,,0094 - Shaharia Khan,,
Done,Marc25,9-Mar,Redmi Note 14 Pro 5G 8/256GB,3,39000,117000,Skynet ,"Khandaker Haq Tower,  khandirpar Cumilla",8801819488949,,,,Sundarban,,,0094 - Shaharia Khan,,
Done,Marc25,9-Mar,Redmi Note 14 Pro+ 5G 12/512GB,4,49900,199600,Ryan Telecom ,Cox’sbazar ,8801321888052,,,,Sundarban,All color,,0025 - Imran Hossain - CTG,,
Done,Marc25,9-Mar,Redmi Note 14 Pro+ 5G 12/512GB,3,49900,149700,Get Connected ,"Shop no - 9,10. Kendriyo College market, Tajmohol Road, Mohammadpur ",8801550000684,,,,Self Delivery,,,0033 - Imran Hossain - DHK,,
Done,Marc25,9-Mar,Redmi Note 14 Pro 5G 8/256GB,4,39000,156000,Ryan Telecom ,Cox’sbazar ,8801321888052,,,,Sundarban,All color,,0025 - Imran Hossain - CTG,,
Done,Marc25,9-Mar,Redmi Note 14 Pro 5G 8/256GB,2,39000,78000,Mi store Ma Moni Communication ,Sadar Panchagarh ,8801717675711,,,,Sundarban,"14 pro Color, Black -2p",,0019 - Hafizur Rahman,,
Done,Marc25,9-Mar,Redmi Note 14 Pro 5G 8/256GB,1,39000,39000,Get Connected ,"Shop No - 9,10. Kendriyo College Market, Tajmohol Road, Mohammadpur ",8801550000684,,,,Self Delivery,,,0033 - Imran Hossain - DHK,,
Done,Marc25,9-Mar,Redmi Note 14 Pro+ 5G 12/512GB,1,49900,49900,Mi store Ma Moni Communication ,Sadar Panchagarh ,8801717675711,,,,Sundarban,"14 pro+ color, Black -1p",,0019 - Hafizur Rahman,,
Done,Marc25,9-Mar,Redmi Note 14 Pro+ 5G 12/512GB,2,49900,99800,Mars Two ,"Sattaer khan complex, khandirpar,Cumilla sadar",8801715146699,,,,Sundarban,Both colour ,,0094 - Shaharia Khan,,
Done,Marc25,9-Mar,Redmi Note 14 Pro 5G 8/256GB,2,39000,78000,Mars Two ,"Satter khan complex, khandirpar,  Cumilla sadar",8801715146699,,,,Sundarban,Both Colour ,,0094 - Shaharia Khan,,
Done,Marc25,9-Mar,Redmi Note 14 Pro 5G 8/256GB,3,39000,117000,"Mi Store, Gadget Shop ","4th floor, Bali Arched, Chawkbazar, Chittagong ",8801868931100,,,,Sundarban,"Color : Black-02, Purple-01.",00,0070 - Tamal Roy,,
Done,Marc25,9-Mar,Redmi Note 14 Pro+ 5G 12/512GB,2,49900,99800,"Mi Store, Gadget Shop ","4th floor, Bali Arched, Chawkbazar, Chittagong",8801868931100,,,,Sundarban,"Color : Black-01, Blue-01.",00,0070 - Tamal Roy,,
Done,Marc25,9-Mar,Redmi Note 14 Pro 5G 8/256GB,3,39000,117000,New Abir Mobile Shop,"Eshakha plaza(ground floor),shop number :05,Thana road,Sonargaon,Narayongonj",8801916454994,,,,Sundarban,14pro 02 pcs black & 01 pcs blue,,0117 - Mohosin Lasker,,
Done,Marc25,9-Mar,Redmi Note 14 Pro+ 5G 12/512GB,1,49900,49900,New Abir Mobile Shop,"Eshakha plaza(ground floor)shop no:05,Thana road,Sonargaon,Narayongonj",8801916454994,,,,Sundarban,14 pro plus black.plz ensure this,,0117 - Mohosin Lasker,,
Done,Marc25,9-Mar,Redmi Note 14 Pro 5G 8/256GB,1,39000,39000,Get Connected ,"Shop - 9,10. Kendriyo College Market, Tajmohol Toad, Mohammadpur ",8801550000684,,,,Self Delivery,,,0033 - Imran Hossain - DHK,,
Done,Marc25,9-Mar,Redmi Note 14 Pro 5G 8/256GB,1,39000,39000,Matrichaya Enterprise ,"Jalal Shopping Complex, Board Bazar, Gazipur ",8801757796760,,,,No Preference,Black Color,,0117 - Mohosin Lasker,,
Done,Marc25,9-Mar,Redmi Note 14 Pro+ 5G 12/512GB,1,49900,49900,Raton electronics ,"Milik vita road, Takerhat, Madaripur ",8801977398333,,,,Sundarban,,,0026 - Ohidul Islam,,
Done,Marc25,9-Mar,Redmi Note 14 Pro 5G 8/256GB,2,39000,78000,Raton electronics ,"Milk vita road, Takerhat,Madaripur ",8801977398333,,,,Sundarban,,,0026 - Ohidul Islam,,
Done,Marc25,9-Mar,Redmi Note 14 Pro+ 5G 12/512GB,1,49900,49900,Mi Store Kustia,"Shop no-2, Lavli shopping complex, sadar,Kushtia. ",8801990614914,,,,Sundarban,,,0026 - Ohidul Islam,,
Done,Marc25,9-Mar,Redmi Note 14 Pro 5G 8/256GB,6,39000,234000,Mi RD Tuba Enterprise ,"Tmss market, Sadar Bogura ",8801772032783,,,,Sundarban,"14 pro color,Black -3p,Purple -3p",,0019 - Hafizur Rahman,,
Done,Marc25,9-Mar,Redmi Note 14 Pro 5G 8/256GB,1,39000,39000,Mi Store Kustia,"Shop no-2, lavli shopping complex, sadar,Kushtia ",8801990614914,,,,Sundarban,,,0031 - Adnan Billah,,
Done,Marc25,9-Mar,Redmi Note 14 Pro+ 5G 12/512GB,3,49900,149700,Wireless Mi Store,"Manru shopping city, Chowhatta,  Sylhet sadar ",8801688116699,,,,Sundarban,,,0094 - Shaharia Khan,,
Done,Marc25,9-Mar,Redmi Note 14 Pro 5G 8/256GB,10,39000,390000,Wireless Mi Store,"Manru shopping city, Chowhatta,  Sylhet Sadar",8801688116699,,,,Sundarban,,,0094 - Shaharia Khan,,
Done,Marc25,9-Mar,Redmi Note 14 Pro 5G 8/256GB,15,39000,585000,Mi RD Arafat Traders ,"Sultanabad, New market, Sadar Rajshahi ",8801747104626,,,,Sundarban,"14 pro color- Black -8,Purple -7p",,0019 - Hafizur Rahman,,
Cancelation,Marc25,,Redmi Note 14 Pro+ 5G 12/512GB,,,0,Mi RD Arafat Traders ,"Sultanabad, New market, Sadar Rajshahi. ",8801747104626,,,,Sundarban,"14 pro plus, Black -3p,Blue-2p",,0019 - Hafizur Rahman,,
Done,Marc25,9-Mar,Redmi Note 14 Pro 5G 8/256GB,4,39000,156000,Mi RD Mollah Enterprise ,"Mollah Enterprise, Bagha,Rajshahi ",8801711138877,,,,Sundarban,"Black -2p,Purple -2p",,0019 - Hafizur Rahman,,
Done,Marc25,9-Mar,Redmi Note 14 Pro 5G 8/256GB,1,39000,39000,"Mi store, Bhaluka","Rihan tower,Bhaluka bus stand,bhaluka, Mymensingh ",8801715133183,,,,Sundarban,All are black color.ensure this,,0112 - Ahasanul Kabir,,
Done,Marc25,9-Mar,Redmi Note 14 Pro 5G 8/256GB,5,39000,195000,Mi RD Bismillah Telecom ,Sadar Thakurgaon ,8801833600885,,,,Sundarban,"Black -3p,Blue -2p",,0019 - Hafizur Rahman,,
Cancelation,Marc25,,Redmi Note 14 Pro+ 5G 12/512GB,,,0,Mi RD Bismillah Telecom ,Sadar Thakurgaon ,8801833600885,,,,Sundarban,"Black-3p,Blue -2p",,0019 - Hafizur Rahman,,
Done,Marc25,9-Mar,Redmi Note 14 Pro 5G 8/256GB,11,39000,429000,Mobile Park BD,"Shop:37/A2, Level: 4, Block: C, Jamuna Future Park, Dhaka",8801916858692,,,,Self Delivery,Delivery Tomorrow. ,,0035 - Md.Rejaul Islam Sujon,,
Cancelation,Marc25,,Redmi Note 14 Pro+ 5G 12/512GB,,,0,"Mi store,bhaluka","Rihan tower,bhaluka bus stand,bhaluka,Mymensingh ",8801715133183,,,,Sundarban,Black color ensure plz,,0112 - Ahasanul Kabir,,
Done,Marc25,9-Mar,Redmi Note 14 Pro 5G 8/256GB,2,39000,78000,Skytel ,Sadar Dinajpur ,8801737763180,,,,Sundarban,"Black-1,purple -1",,0019 - Hafizur Rahman,,
Done,Marc25,9-Mar,Redmi Note 14 Pro 5G 8/256GB,6,39000,234000,Mi RD Haque Telecom ,Sadar Chapainawabganj ,8801740118877,,,,Sundarban,"Black -3p, purple -3p",,0019 - Hafizur Rahman,,
Cancelation,Marc25,,Redmi Note 14 Pro+ 5G 12/512GB,,,0,Mi RD Haque Telecom ,Sadar Chapainawabganj ,8801740118877,,,,Sundarban,"Black -2,Blue -2",,0019 - Hafizur Rahman,,
Done,Marc25,9-Mar,Redmi Note 14 Pro 5G 8/256GB,2,39000,78000,Akeef Tread International,Shib Barir Moor Khulna . ,8801709965636,Nill,Nill,Nill,Sundarban,,00,0031 - Adnan Billah,,
Done,Marc25,9-Mar,Redmi Note 14 Pro 5G 8/256GB,1,39000,39000,Taj Mobile Zone ,"Victoria road, Tangail Sadar ",8801717098998,,,,Sundarban,1 pcs redmi note 14 pro 5G (Black) ,,0112 - Ahasanul Kabir,,
Done,Marc25,9-Mar,Xiaomi Rechargeable Mini Fan,1,2690,2690,SALEXTRA LIMITED,"Salextra Warehouse, Mohakhali - 1212",8801713199246,,,,Self Delivery,,0,E-Com,,
Done,Marc25,9-Mar,Redmi Note 14 Pro 5G 8/256GB,2,39000,78000,Md.Rejaul Islam Sujon (Amaya Employee),HQ,8801675751113,,,,Self Pick,,,0035 - Md.Rejaul Islam Sujon,,
Cancelation,Marc25,10-Mar,Redmi Note 14 Pro+ 5G 12/512GB,,,0,Mobile Park BD,JFP,8801916858692,,,,Self Delivery,Advance 21000,,0035 - Md.Rejaul Islam Sujon,,
Done,Marc25,10-Mar,"Xiaomi TV A Pro 75"" QLED 2025",1,135990,135990,N.B Electronics ,"Sholoshohor, Nasirabad, Chittagong ",8801720189210,,,,No Preference,,00,0070 - Tamal Roy,Done,
Done,Marc25,10-Mar,Xiaomi TV A 2025 55 Inch,2,55990,111980,N.B Electronics ,"Sholoshohor, Nasirabad, Chittagong ",8801720189210,,,,No Preference,,00,0070 - Tamal Roy,,
Done,Marc25,10-Mar,Redmi Note 14 Pro 5G 8/256GB,2,39000,78000,Smart cafe 2,"Newmarket,Ctg",8801677009456,,,,Sundarban,Black & Purple,,0025 - Imran Hossain - CTG,,
Done,Marc25,10-Mar,Redmi Note 14 Pro 5G 8/256GB,7,39000,273000,Harun Store ,"Tower 263, Tin Poler Matha, Jubilee Road, Chittagong ",8801817247438,,,,Sundarban,"Color : Black-04, Purple-03.",00,0070 - Tamal Roy,,
Done,Marc25,10-Mar,Redmi Note 14 Pro 5G 8/256GB,5,39000,195000,Mi Store  Smart point ,Sadar Naogaon ,8801717856691,,,,Sundarban,"Black -3p,Purple -2p",,0019 - Hafizur Rahman,,
Cancelation,Marc25,10-Mar,Redmi Note 14 Pro+ 5G 12/512GB,,,0,Ar telecom.. ,"Main road, Sador,Laximpur ",8801840837518,,,,Sundarban,,,0107 - Tanjil Hossain,,
Done,Marc25,10-Mar,Mi Smart Scale 2,1,2480,2480,Daraz,"Asfia Tower - 76, Road-11, Block-E,  Banani ",8801847420050,,,,No Preference,,0,E-Com,,
Done,Marc25,10-Mar,Mi Dual Mode Wireless Mouse Silent Edition,1,890,890,Daraz,"Asfia Tower - 76, Road-11, Block-E,  Banani ",8801847420050,,,,No Preference,,0,E-Com,,
Done,Marc25,10-Mar,Redmi Note 14 Pro 5G 8/256GB,2,39000,78000,DIGi Mobile,"Mosjid road, B,baria sadar, B,baria",8801712411111,,,,Sundarban,Colour :Purple & Black,,0094 - Shaharia Khan,,
Done,Marc25,10-Mar,Redmi Note 14 Pro 5G 8/256GB,5,39000,195000,SM Trading ,"Shop No _ 639, Level - 6, Tokyo Square, Japan Garden City, Mohammadpur ",8801975476001,,,,Self Delivery,Colour : Black - 03 Pcs & Purple - 02 Pcs,,0033 - Imran Hossain - DHK,,
Cancelation,Marc25,10-Mar,Xiaomi TV A Pro 32 Inch,,,0,Mr. Sohel,5 No Gate Monipuri Para,8801919131288,,,,Self Pick,,0,B2C,,
Done,Marc25,10-Mar,Redmi Note 14 Pro 5G 8/256GB,1,39000,39000,Mi RD Skytel,Sadar Dinajpur ,8801737763180,,,,Sundarban,Black-1p,,0019 - Hafizur Rahman,,
Done,Marc25,10-Mar,"Xiaomi TV A 43"" FHD 2025",2,29990,59980,Biva AC bazar ,Sat Rasta moor Khulna ,8801718301797,Nill,Nill,Nill,No Preference,,00,0031 - Adnan Billah,,
Done,Marc25,10-Mar,Redmi Note 14 Pro 5G 8/256GB,2,39000,78000,"Classic Telecom, Akhaura ","Akhaura lal bazar, Akhaura sadar, Brahmanbaria ",8801730903900,,,,Sundarban,Colour : Black & Purple,,0094 - Shaharia Khan,,
Done,Marc25,11-Mar,Redmi Note 14 Pro+ 5G 12/512GB,7,49900,349300,Harun Store ,"Tower 263, Tin Poler Matha, Jubilee Road, Chittagong.",8801817247438,,,,Sundarban,"Colour : Black-04, Blue-03.",00,0070 - Tamal Roy,,
Done,Marc25,11-Mar,Redmi Note 14 Pro+ 5G 12/512GB,2,49900,99800,DIGi mobile ,"Masjid road,  B,baria Sadar, Brahmanbaria ",8801712411111,,,,Sundarban,Both colour ,,0094 - Shaharia Khan,,
Done,Marc25,11-Mar,Redmi Note 14 Pro+ 5G 12/512GB,2,49900,99800,Wirelesses Mi store,"Manru shopping city, Chowhatta, Sylhet Sadar",8801688116699,,,,Sundarban,Both colour,,0094 - Shaharia Khan,,
Done,Marc25,11-Mar,Redmi Note 14 Pro+ 5G 12/512GB,5,49900,249500,Mi RD Arafat Traders ,"Sultanabad, New market, Sadar Rajshahi ",8801747104626,,,,Sundarban,Already deposited with previous order,0,0019 - Hafizur Rahman,,
Done,Marc25,11-Mar,Redmi Note 14 Pro+ 5G 12/512GB,5,49900,249500,Mi RD Bismillah Telecom,Sadar Thakurgaon,8801833600885,,,,Sundarban,Already deposited with previous order,0,0019 - Hafizur Rahman,,
Done,Marc25,11-Mar,Redmi Note 14 Pro+ 5G 12/512GB,1,49900,49900,Mi store Bhaluka,"Rihan tower,Bhaluka bus stand,bhaluka, Mymensingh",8801715133183,,,,Sundarban,Already deposited with previous order,0,0112 - Ahasanul Kabir,,
Done,Marc25,11-Mar,Redmi Note 14 Pro+ 5G 12/512GB,4,49900,199600,Mi RD Haque Telecom ,Sadar Chapainawabganj,8801740118877,,,,Sundarban,Already deposited with previous order,0,0019 - Hafizur Rahman,,
Done,Marc25,11-Mar,Redmi Note 14 Pro+ 5G 12/512GB,5,49900,249500,Mobile Park BD,"Shop:37/A2, Level: 4, Block: C, Jamuna Future Park, Dhaka",8801916858692,,,,Self Pick,Already deposited with previous order,0,0035 - Md.Rejaul Islam Sujon,,
Done,Marc25,11-Mar,Redmi Note 14 Pro+ 5G 12/512GB,3,49900,149700,Mi store AR Telecom,"Main road,Sador, Laximpur",8801840837518,,,,Sundarban,,0,0107 - Tanjil Hossain,,
Cancelation,Marc25,11-Mar,Redmi Note 14 Pro+ 5G 12/512GB,,,0,Mi Store Bhaluka ,"Rihan Tower,Bhaluka bus stand, Bhaluka, Mymensingh ",8801715133183,,,,No Preference,Redmi note 14 pro + black -1pcs,,0112 - Ahasanul Kabir,,
Done,Marc25,11-Mar,Redmi Note 14 Pro+ 5G 12/512GB,1,49900,49900,Akeef Tread International,Shib barir moor Khulna ,8801709965636,Nill,Nill,Nill,Sundarban,,00,0031 - Adnan Billah,,
Done,Marc25,11-Mar,Redmi Note 14 Pro 5G 8/256GB,1,39000,39000,Mi Store (Right Telecom),"27/28, Khalil Bhaban, Mirpur 1",8801711306581,,,,Self Delivery,Black Color.,,0035 - Md.Rejaul Islam Sujon,,
Done,Marc25,11-Mar,Redmi Note 14 Pro 5G 8/256GB,5,39000,195000,Mi Store (Mobile Bazar),"Shop: 40 Level: 2, Shah Ali Plaza, Mirpur 10",8801788484830,,,,Self Delivery,"Black - 4,  Purple - 1",,0035 - Md.Rejaul Islam Sujon,,
Done,Marc25,11-Mar,Redmi Note 14 Pro+ 5G 12/512GB,1,49900,49900,Smart cafe 2,Ctg,8801677009456,,,,Sundarban,Black,,0025 - Imran Hossain - CTG,,
Done,Marc25,11-Mar,Redmi Note 14 Pro+ 5G 12/512GB,1,49900,49900,Mi Store (Khan International 2),"Shop: 2, Level: 2, Rajlaxmi Shopping Complex, Uttara",8801942210136,,,,Self Delivery,,,0035 - Md.Rejaul Islam Sujon,,
Done,Marc25,11-Mar,Redmi Note 14 Pro 5G 8/256GB,2,39000,78000,Hello Fahad MI store ,"TA Road, B,baria sadar, Brahmanbaria ",8801779216121,,,,Sundarban,Dummy support needed ,,0094 - Shaharia Khan,,
Done,Marc25,11-Mar,Redmi Note 14 Pro 5G 8/256GB,7,39000,273000,Mi Store (Tarek Telecom)," No, Somit Bhaban, Mirpur 1 Circle,",8801817501714,,,,Self Delivery,,,0035 - Md.Rejaul Islam Sujon,,
Done,Marc25,11-Mar,Redmi Note 14 Pro+ 5G 12/512GB,3,49900,149700,Mi Store (Tarek Telecom),Mirpur 1,8801817501714,,,,Self Delivery,,,0035 - Md.Rejaul Islam Sujon,,
Done,Marc25,11-Mar,Redmi Note 14 Pro 5G 8/256GB,3,39000,117000,Union enterprise ,"Taltola,AkurTakur Para,Tangail Sadar",8801834414546,,,,Sundarban,"Redmi note 14 pro (Black) -2 pcs
Redmi note 14 pro (Lavender purple) -1 pcs",,0112 - Ahasanul Kabir,,
Done,Marc25,11-Mar,Redmi Note 14 Pro+ 5G 12/512GB,1,49900,49900,Mi RD Faysal mobile zone,"Muktarpara,Sadar Sirajganj. ",8801712297555,,,,Sundarban,Black -1p,,0019 - Hafizur Rahman,,
Done,Marc25,11-Mar,Redmi Note 14 Pro 5G 8/256GB,2,39000,78000,Mi Store Give & Take ,"Muktarpara,Sadar Sirajganj. ",8801712297555,,,,Sundarban,"Black-1,Purple -1",,0019 - Hafizur Rahman,,
Done,Marc25,11-Mar,Redmi Note 14 Pro+ 5G 12/512GB,1,49900,49900,Mi Store Give & Take ,"Muktarpara,Sadar Sirajganj. ",8801712297555,,,,Sundarban,Black-1,,0019 - Hafizur Rahman,,
Done,Marc25,11-Mar,Redmi Note 14 Pro 5G 8/256GB,2,39000,78000,Mi Store Habiganj,"Town Hall road, Habiganj sadar, Habijang",8801616475323,,,,Sundarban,Dummy needed ,,0094 - Shaharia Khan,,
Done,Marc25,11-Mar,Redmi Note 14 Pro 5G 8/256GB,5,39000,195000,M/S Shiraz & Co,"505, Alauddin tower , Garikhana Road Jessore . ",8801978939342,Nill,Nill,Nill,Sundarban,"Redmi Note 14 pro : black : 3
Purple : 2 ",00,0031 - Adnan Billah,,
Done,Marc25,11-Mar,"Xiaomi TV A Pro 65"" QLED 2025",1,85590,85590,Shohan Electronics ,Hard metal gallery Dakbangla Khulna ,8801726728024,Sayeedul hoque Jewel,"House: 46, Road: 2A, Flat 5B , Dhanmondi  Near BGB 4 no. Gate ( beside burger king )",01819222426,No Preference,Agami kal shokal 12 tar moddhe delivery dite hbe . And invoice dite hbe price shohokare. ,00,0031 - Adnan Billah,Done,
Done,Marc25,11-Mar,Redmi Note 14 Pro+ 5G 12/512GB,1,49900,49900,Mi Store (Khan International 2),"Uttara, Rajlaxmi ",8801942210136,,,,Self Delivery,,,0035 - Md.Rejaul Islam Sujon,,
Done,Marc25,11-Mar,Redmi Note 14 Pro+ 5G 12/512GB,4,49900,199600,Mi Store (Dristy Enterprise) ,"Shop: 74 , Level 2, Shah Ali Plaza, Mirpur 10",8801687148580,,,,Self Delivery,,,0035 - Md.Rejaul Islam Sujon,,
Done,Marc25,11-Mar,Redmi Note 14 Pro+ 5G 12/512GB,5,49900,249500,Mi Store Smart Point ,Sadar Naogaon ,8801717856691,,,,Sundarban,"Black-3p,blue -2 =05pcs",,0019 - Hafizur Rahman,,
Done,Marc25,11-Mar,Redmi Note 14 Pro+ 5G 12/512GB,1,49900,49900,Union enterprise ,"Taltola,Akur Takur Para,Tangail Sadar.",8801834414546,,,,Sundarban,Redmi note 14 pro+ Black -1 pcs,,0112 - Ahasanul Kabir,,
Done,Marc25,11-Mar,"Xiaomi TV A Pro 55"" QLED 2025",1,64990,64990,Md Ferdous Yusuf,"Flat 8th Floor, House 2526, Road 24, Block M, Basundhara RA
Dhaka",8801713032355,,,,Self Delivery,,0,0031 - Adnan Billah,,
Done,Marc25,11-Mar,Redmi Note 14 Pro 5G 8/256GB,2,39000,78000,Mobile Hut 1,"231/7 Hasnat square 2nd floor, B. B Road, Chashara, Narayanganj",8801916413417,,,,No Preference,,,0117 - Mohosin Lasker,,
Done,Marc25,11-Mar,"Xiaomi TV A Pro 65"" QLED 2025",1,85590,85590,Md Ferdous Yusuf,"Flat 8th Floor, House 2526, Road 24, Block M, Basundhara RA
Dhaka",8801713032355,,,,Self Delivery,,0,0031 - Adnan Billah,Done,
Done,Marc25,11-Mar,Redmi Note 14 Pro 5G 8/256GB,5,39000,195000,Mi store smart cafe,"Police plaza,Sadar Bogura.",8801792475959,,,,Sundarban,"Black-3p,purple -2p=05 pcs",,0019 - Hafizur Rahman,,
Done,Marc25,11-Mar,Redmi Note 14 Pro 5G 8/256GB,2,39000,78000,Raisha Telecom,"Great Wall Shopping Centre  2/1, Chitta Ranjan Avenue, 2nd floor, shop no 306, Sadarghat",8801712556778,,,,Self Delivery,Colour : Black - 01 Pc & Purple - 01 Pc,,0033 - Imran Hossain - DHK,,
Done,Marc25,11-Mar,Redmi Note 14 Pro 5G 8/256GB,2,39000,78000,Mobile Hut 2,62/88 B.B.Road Ukilpara Narayanganj,8801916413417,,,,No Preference,,,0117 - Mohosin Lasker,,
Done,Marc25,11-Mar,Redmi Note 14 Pro 5G 8/256GB,50,39000,1950000,Dx Tel Ltd,"PC Garden, (5th Floor), Flat No-5/A, 20-21, Garden Road,Kawran Bazar Lane,; Tejgaon PS; Dhaka-1215; Bangladesh",8801708813798,,,,Self Delivery,,0,B2B,,
Done,Marc25,11-Mar,Redmi Note 14 Pro 5G 8/256GB,2,39000,78000,Mobile Hut 3,"Shop no: 101, Ali Joynal Trade Center,233/1-A B,B, Road Chasara Narayanganj.",8801916413417,,,,No Preference,,,0117 - Mohosin Lasker,,
Done,Marc25,11-Mar,Xiaomi TV A 2025 55 Inch,5,53500,267500,Chowdhury Electronics ,Alpona Plaza ,8801917810576,,,,Self Delivery,,,0033 - Imran Hossain - DHK,,
Done,Marc25,12-Mar,Redmi Note 14 Pro 5G 8/256GB,1,39000,39000,Md. Ohidul Islam ( Amaya Employee),"Sadar,Faridpur ",8801849297471,,,,Sundarban,,,0026 - Ohidul Islam,,
Done,Marc25,12-Mar,Redmi Note 14 Pro 5G 8/256GB,3,39000,117000,Akeef Tread International ,Shib Barir Moor Khulna ,8801709965636,Nill,Nill,Nill,Sundarban,Redmi Note 14 pro 3 pcs Black only ,00,0031 - Adnan Billah,,
Cancelation,Marc25,12-Mar,Mi Dual Mode Wireless Mouse Silent Edition,,,0,iOOTE,"House no 16, Road 3, Block B, Aftabnagar, Dhaka 1212 ",8801963337777,,,,Self Delivery,,,B2B,,
Done,Marc25,12-Mar,Redmi Note 14 Pro 5G 8/256GB,5,39000,195000,Mi store smart point ,Sadar Naogaon ,8801717856691,,,,Sundarban,Black -5p,,0019 - Hafizur Rahman,,
Done,Marc25,12-Mar,"Xiaomi TV A Pro 43"" QLED 2025",5,40990,204950,Mahathir electronics ,"
Khan Tower, station Road,  Gowrangabazar, Kishoreganj ",8801708601007,,,,Sundarban,Plz ensure delivery in Sundarban ,,0094 - Shaharia Khan,,
Done,Marc25,12-Mar,Redmi Note 14 Pro 5G 8/256GB,5,39000,195000,SD Electronics (Pickaboo),"Sanmar Ocean City, Nasirabad, Chittagong.",8801853120200,,,,Sundarban,,00,0070 - Tamal Roy,,
Done,Marc25,12-Mar,Xiaomi TV A Pro 32 Inch,5,20990,104950,Premier Electronics ,"Chowdhury Plaza (1st Floor), Foillatoli Bazar, Block-A, Halishahar, Chittagong ",8801815850770,,,,Sundarban,,00,0070 - Tamal Roy,,
Done,Marc25,12-Mar,Mi Dual Mode Wireless Mouse Silent Edition,2,880,1760,Daraz,"Asfia Tower - 76, Road-11, Block-E,  Banani ",8801847420050,daraz,daraz,daraz,Self Delivery,daraz,0,E-Com,,
Done,Marc25,12-Mar,Mi Smart Scale 2,2,2480,4960,Daraz,"Asfia Tower - 76, Road-11, Block-E,  Banani ",8801847420050,daraz,daraz,daraz,Self Delivery,daraz,0,E-Com,,
Done,Marc25,12-Mar,Xiaomi Rechargeable Mini Fan,1,2599,2599,Daraz,"Asfia Tower - 76, Road-11, Block-E,  Banani ",8801847420050,daraz,daraz,daraz,Self Delivery,daraz,0,E-Com,,
Done,Marc25,12-Mar,Redmi Note 14 Pro 5G 8/256GB,2,39000,78000,Ryan Telecom ,Cox’sbazar ,8801321888052,,,,Sundarban,,,0025 - Imran Hossain - CTG,,
Done,Marc25,12-Mar,Redmi Note 14 Pro 5G 8/256GB,3,39000,117000,Smart view ,"Alipur, sadar,Faridpur ",8801746118181,,,,Sundarban,,,0026 - Ohidul Islam,,
Done,Marc25,12-Mar,Redmi Note 14 Pro 5G 8/256GB,5,39000,195000,Mi Store (Rafsan Telecom),"Shop: 43, Level: 2, Shah Ali Plaza, Mirpur 10",8801876706910,,,,Self Delivery,,,0035 - Md.Rejaul Islam Sujon,,
Done,Marc25,12-Mar,"Xiaomi TV A Pro 43"" QLED 2025",5,40990,204950,Brand Bazaar ,Happy Arcadia Shopping Malls ,8801711903044,,,,Self Delivery,,,0033 - Imran Hossain - DHK,,
Done,Marc25,12-Mar,Redmi Note 14 Pro 5G 8/256GB,2,39000,78000,JR Business Center,"Narshindi Sadar, Narshindi ",8801711737878,,,,No Preference,,,0117 - Mohosin Lasker,,
Cancelation,Marc25,12-Mar,Xiaomi TV A Pro 32 Inch,,,0,Premier Electronics ,"Halisahar,Ctg",8801815850770,,,,Sundarban,"He is a closing dealer. He has no outstanding debts. I am running with this TV. After receiving the TV, He will buy 43"" with money. ",,0070 - Tamal Roy,,
Done,Marc25,12-Mar,"Xiaomi TV A Pro 55"" QLED 2025",5,64990,324950,FM Electronics ,"Rifle Club, Nandan Kanon, Chittagong.",8801824946334,,,,No Preference,,,0025 - Imran Hossain - CTG,,
Done,Marc25,12-Mar,"Xiaomi TV A Pro 65"" QLED 2025",6,85590,513540,FM Electronics ,"Rifle Club, Nandan Kanon, Chittagong.",8801824946334,,,,No Preference,,,0025 - Imran Hossain - CTG,Done,
Done,Marc25,13-Mar,Xiaomi TV A Pro 32 Inch,5,20990,104950,Sumash Tech ,"Level 5, Shop No : 108-111, Bashundhara City ",8801677477085,,,,Self Delivery,,,0033 - Imran Hossain - DHK,,
Done,Marc25,13-Mar,Xiaomi Rechargeable Mini Fan,1,2690,2690,OnnoRokom Web Services Ltd,"2/1/E, Eden Center, Arambag, Motijheel, Dhaka-1000",8801708166273,,,,Self Delivery,,,E-Com,,
Done,Marc25,13-Mar,Redmi Note 14 Pro+ 5G 12/512GB,35,49900,1746500,Dx Tel Ltd,"PC Garden, (5th Floor), Flat No-5/A, 20-21, Garden Road,Kawran Bazar Lane,; Tejgaon PS; Dhaka-1215; Bangladesh",8801708813798,,,,Self Delivery,,0,B2B,,
Done,Marc25,13-Mar,Mi Smart Scale 2,2,2480,4960,Daraz,"Asfia Tower - 76, Road-11, Block-E,  Banani ",8801847420050,daraz,daraz,daraz,Self Delivery,daraz,0,E-Com,,
Done,Marc25,13-Mar,"Xiaomi TV A Pro 65"" QLED 2025",4,85590,342360,"Masjid Road, B,baria sadar,  Brahmanbaria ",Asia tech technology ,8801712551675,,,,Self Delivery,,,0094 - Shaharia Khan,Done,
Done,Marc25,13-Mar,"Xiaomi TV A Pro 55"" QLED 2025",1,64990,64990,Electronics House ,"Borogola more,Sadar Bogura. ",8801622-334403,,,,Sundarban,,,0019 - Hafizur Rahman,,
Done,Marc25,13-Mar,Mi Dual Mode Wireless Mouse Silent Edition,1,880,880,Daraz,"Asfia Tower - 76, Road-11, Block-E,  Banani ",8801847420050,daraz,daraz,daraz,Self Delivery,daraz,0,E-Com,,
Done,Marc25,13-Mar,Redmi Note 14 Pro 5G 8/256GB,4,39000,156000,Electra Mobile,"Shop No : 53, Basement : 01, Bashundhara City ",8801734737889,,,,Self Delivery,Please Provide - 02 Pcs demo because there have 2 electra mobile shop,,0033 - Imran Hossain - DHK,,
Done,Marc25,13-Mar,Redmi Note 14 Pro 5G 8/256GB,3,39000,117000,"Mi Store, Gadget Shop","4th Floor, Bali Arcade, Chawkbazar, Chittagong ",8801868931100,,,,Sundarban,"Colour: Black-02, Purple-01 ",00,0070 - Tamal Roy,,
Done,Marc25,13-Mar,Redmi Note 14 Pro+ 5G 12/512GB,2,49900,99800,"Mi Store, Gadget Shop ","4th Floor, Bali Arcade, Chawkbazar, Chittagong ",8801868931100,,,,Sundarban,"Colour: Black-01, Purple-01 ",00,0070 - Tamal Roy,,
Done,Marc25,13-Mar,Redmi Note 14 Pro 5G 8/256GB,1,39000,39000,Wari Electro Mart,"17/A Rankin Street Wari Dhaka-1203
Shop Name : Mi Store,  Wari Electro Mart",8801857625999,,,,Self Delivery,,,0033 - Imran Hossain - DHK,,
Done,Marc25,13-Mar,Redmi Note 14 Pro+ 5G 12/512GB,3,49900,149700,Union enterprise ,"Taltola Akur Takur para, Tangail Sadar ",8801834414546,,,,Sundarban,"Redmi note 14 pro + (2-Black),(1-Purple)",,0112 - Ahasanul Kabir,,
Done,Marc25,13-Mar,Redmi Note 14 Pro+ 5G 12/512GB,3,49900,149700,Aristo computer ,"Lavli tower, sadar,Kushtia ",8801718246595,,,,Sundarban,,,0026 - Ohidul Islam,,
Done,Marc25,13-Mar,Redmi Note 14 Pro+ 5G 12/512GB,2,49900,99800,Raisha Telecom ,"Great Wall Shopping Centre 2/1, Chitta Ranjan Avenue (2nd Floor), Shop no- 306, Sadarghat",8801712556778,,,,Self Delivery,,,0033 - Imran Hossain - DHK,,
Done,Marc25,13-Mar,Redmi Note 14 Pro+ 5G 12/512GB,1,49900,49900,MI store Habiganj,"Towen Hall road,  Habiganj Sadar Habiganj",8801616475323,,,,Sundarban,,,0094 - Shaharia Khan,,
Done,Marc25,13-Mar,Redmi Note 14 Pro 5G 8/256GB,1,39000,39000,MI Store Taltola ,"932/C Taltola, Khilgaon,Dhaka ",8801627142805,,,,No Preference,,,0116 - Toukir Ahmed,,
Done,Marc25,13-Mar,Redmi Note 14 Pro+ 5G 12/512GB,1,49900,49900,Mi Store (Rafsan Telecom),"Shop: 43, Level: 2, Shah Ali Plaza, Mirpur 10",8801876706910,,,,Self Delivery,"Collect 48,900/-, Advance 1,000/- from previous order.",,0035 - Md.Rejaul Islam Sujon,,
Done,Marc25,13-Mar,Redmi Note 14 Pro+ 5G 12/512GB,3,49900,149700,Mi Store (Mobile Bazar),"Shop: 40, Level: 2, Shah Ali Plaza, Mirpur 10",8801788484830,,,,Self Delivery,Only Purple,,0035 - Md.Rejaul Islam Sujon,,
Done,Marc25,13-Mar,Redmi Note 14 Pro+ 5G 12/512GB,5,49900,249500,Dazzle,"Jamuna Future Park Branch 1:
Dazzle
Shop No - 021C & 021D, (North Court) Block - B,
4th floor,
Jamuna Future Park, Kuril Pragoti Shoroni",8801830999969,,,,No Preference,"All Color mix, COD",,0025 - Imran Hossain - CTG,,
Done,Marc25,13-Mar,Redmi Note 14 Pro 5G 8/256GB,5,39000,195000,Dazzle ,"
Jamuna Future Park Branch 1
Shop No - 021C & 021D, (North Court) Block - B,
4th floor",8801830999969,,,,No Preference,"All color mix,COD",,0025 - Imran Hossain - CTG,,
Done,Marc25,13-Mar,Redmi Note 14 Pro+ 5G 12/512GB,5,49900,249500,Mi Store smart cafe ,"Idea smart cafe 
Police plaza, Bogura 
01792475959",8801792475959,,,,Sundarban,"Color-Black -2p,Purple -2p,blue -1p",,0019 - Hafizur Rahman,,
Done,Marc25,13-Mar,Redmi Note 14 Pro+ 5G 12/512GB,5,49900,249500,Mobile Park BD,"Shop: 37/A2, Block: C, Jamuna Future Park, Kuril",8801916858692,,,,Self Delivery,,,0035 - Md.Rejaul Islam Sujon,,
Done,Marc25,13-Mar,"Xiaomi TV A Pro 65"" QLED 2025",1,85590,85590,Electronics Mart,"305, Palbari (Vashkorjer Moar), Jashore-7400",8801711026335,Nill,Nill,Nill,Sundarban,,00,0031 - Adnan Billah,Done,
Done,Marc25,15-Mar,"Xiaomi TV A Pro 65"" QLED 2025",1,85590,85590,Shohan Electronics,Hard Metal Gallery Dakbangla Khulna ,8801726728024,Sharif Ahammed,"145- Lalbagh Road, Shiksha Bazar, Lalbagh, Dhaka",01717361064,No Preference,Dealer Bolechen asorer age powchay dewa gele Otibo uttom hbe . Zajhakallah ,00,0031 - Adnan Billah,Done,
Done,Marc25,15-Mar,"Xiaomi TV A Pro 55"" QLED 2025",2,64990,129980,National Electronics,"Fatema Plaza, Chawrongi bazar Gopalgonj.",8801726728024,Nill,Nill,Nill,Sundarban,,00,0031 - Adnan Billah,,
Done,Marc25,15-Mar,"Xiaomi TV A Pro 65"" QLED 2025",1,85590,85590,National Electronics,"Fatema Plaza, Chawrongi bazar Gopalgonj.",8801726728024,Nill,Nill,Nill,Sundarban,,00,0031 - Adnan Billah,Done,
Done,Marc25,15-Mar,Mi Smart Scale 2,2,2480,4960,Daraz,"Asfia Tower - 76, Road-11, Block-E,  Banani ",8801847420050,daraz,daraz,daraz,Self Delivery,daraz,0,E-Com,,
Done,Marc25,15-Mar,Redmi Note 14 Pro 5G 8/256GB,5,39000,195000,Electra Mobile ,"Shop No -53, Basement - 1, Bashundhara City ",8801734737889,,,,Self Delivery,,,0033 - Imran Hossain - DHK,,
Done,Marc25,15-Mar,"Xiaomi TV A Pro 65"" QLED 2025",1,85590,85590,New city electronics ,"Main road, Hajigonj,Chadpur",8801787221777,New City brother,House no -04 Road no 2/A Sector -05 Uttara,+880 1730-709085,Self Delivery,,00,0107 - Tanjil Hossain,Done,
Done,Marc25,15-Mar,Redmi Note 14 Pro 5G 8/256GB,1,39000,39000,SH Telecom ,"Shop No - 104, Basement - 1, Bashundhara City",8801766317965,,,,Self Delivery,,,0033 - Imran Hossain - DHK,,
Done,Marc25,15-Mar,Redmi Note 14 Pro+ 5G 12/512GB,3,49900,149700,SH Telecom ,"Shop No - 104, Basement - 1, Bashundhara City ",8801766317965,,,,Self Delivery,,,0033 - Imran Hossain - DHK,,
Done,Marc25,15-Mar,Xiaomi Wireless Keyboard and Mouse Combo,1,1990,1990,OnnoRokom Web Services Ltd,"2/1/E, Eden Center, Arambag, Motijheel, Dhaka-1000",8801708166273,,,,No Preference,,,E-Com,,
Done,Marc25,15-Mar,Xiaomi TV A 2025 65 Inch,3,77990,233970,FM Electronics ,"Rifle Club, Nandan Kanon, Chittagong.",8801824946334,,,,No Preference,,,0025 - Imran Hossain - CTG,Done,
Done,Marc25,15-Mar,Redmi Note 14 Pro+ 5G 12/512GB,1,49900,49900,Fashion World,"33 Balaka Chandni Chawk Market(1st Floor)
New Market, Mirpur Road, Dhaka-1205",8801719907084,,,,Self Delivery,Colour : Blue,,0033 - Imran Hossain - DHK,,
Done,Marc25,15-Mar,"Xiaomi TV A Pro 75"" QLED 2025",1,136000,136000,Rajib Talukder,"Flat# 13A,House# 08, Road# 104, Gulshan 2",8801841182222,,,,Self Delivery,MR Sir Order,,B2C,Done,
Done,Marc25,15-Mar,Xiaomi TV A Pro 32 Inch,5,20990,104950,Vision Electronics ,"Maa Mansion, Thana Road, Bayezid, Chittagong ",8801815338679,,,,No Preference,"Note : After receiving the product, he will give more payment..",00,0070 - Tamal Roy,,
Done,Marc25,15-Mar,Xiaomi TV A Pro 32 Inch,3,20990,62970,Jahid Electronics & Gadget ,"Akkelpur, Joypurhat. ",8801627015258,,,,Sundarban,,30000,0019 - Hafizur Rahman,,
Done,Marc25,15-Mar,A2 18K VIOMI AC Split (Non-Inverter) 1.5 Ton,1,45000,45000,Shoeb Bhuiyan ,Narsingdi Sadar.,8801713241202,,,,Self Delivery,,,B2C,,
Done,Marc25,16-Mar,Mi Smart Scale 2,4,2480,9920,Daraz,"Asfia Tower - 76, Road-11, Block-E,  Banani ",8801847420050,daraz,daraz,daraz,Self Delivery,daraz,0,E-Com,,
Done,Marc25,16-Mar,Xiaomi Rechargeable Mini Fan,1,2599,2599,Daraz,"Asfia Tower - 76, Road-11, Block-E,  Banani ",8801847420050,daraz,daraz,daraz,Self Delivery,daraz,0,E-Com,,
Done,Marc25,16-Mar,"Xiaomi TV A Pro 55"" QLED 2025",2,64490,128980,New Friends electronics ,"29, Studium market, Dhaka",8801701395334,,,,No Preference,,,0116 - Toukir Ahmed,,
Done,Marc25,16-Mar,"Xiaomi TV A Pro 65"" QLED 2025",2,85390,170780,New Friends electronics ,"29, National Stadium market, Dhaka ",8801701395334,,,,No Preference,,,0116 - Toukir Ahmed,Not Imposed,
Done,Marc25,16-Mar,"Xiaomi TV A Pro 43"" QLED 2025",7,40990,286930,Amin Electronics ,"Shop:2, Level: 2, Omar Shahjahan Tower, Ajompur Railgate, Uttara",8801908668577,,,,Self Delivery,,481900,0035 - Md.Rejaul Islam Sujon,,
Done,Marc25,16-Mar,"Xiaomi TV A Pro 55"" QLED 2025",3,64990,194970,Amin Electronics ,Uttara,8801908668577,,,,Self Delivery,,,0035 - Md.Rejaul Islam Sujon,,
Done,Marc25,16-Mar,"Xiaomi TV A Pro 43"" QLED 2025",3,40990,122970,Sheba Electronics ,"Level: 3, London Plaza, Rajlaxmi, Uttara",8801775311079,,,,Self Delivery,,,0035 - Md.Rejaul Islam Sujon,,
Done,Marc25,16-Mar,"Xiaomi TV A Pro 55"" QLED 2025",2,64990,129980,Sheba Electronics ,Uttara,8801775311079,,,,Self Delivery,,,0035 - Md.Rejaul Islam Sujon,,
Done,Marc25,16-Mar,"Xiaomi TV A Pro 65"" QLED 2025",1,85590,85590,Sheba Electronics ,Uttara,8801775311079,,,,Self Delivery,,,0035 - Md.Rejaul Islam Sujon,Not Imposed,
Done,Marc25,16-Mar,Xiaomi TV A Pro 32 Inch,2,20990,41980,Mobile Hut,"Rahman Tower , lal Dighir purbopar Jessore",8801718182218,Nill,Nill,Nill,Sundarban,,00,0031 - Adnan Billah,,
Done,Marc25,16-Mar,"Xiaomi TV A Pro 43"" QLED 2025",3,40990,122970,Mobile Hut,"Rahman Tower , lal Dighir purbopar Jessore . ",8801718182218,Nill,Nill,Nill,Sundarban,,00,0031 - Adnan Billah,,
Done,Marc25,16-Mar,Xiaomi TV A Pro 55 Inch,1,54590,54590,Mobile Hut,"Rahman Tower , lal Dighir purbopar Jessore . ",8801718182218,Nill,Nill,Nill,Sundarban,,00,0031 - Adnan Billah,,
Done,Marc25,16-Mar,Redmi Note 14 Pro 5G 8/256GB,1,39000,39000,UB Mobile Centre ,"Narshindi Sadar Road, Narshindi ",8801711148963,,,,No Preference,Black ,,0117 - Mohosin Lasker,,
Done,Marc25,16-Mar,Redmi Note 14 Pro 5G 8/256GB,1,39000,39000,Cell Nest 1,"23,24 Kalimullah Market, level2, Bandor Bazar, Sylhet ",8801929612780,,,,Sundarban,,,0094 - Shaharia Khan,,
Done,Marc25,16-Mar,Redmi Note 14 Pro+ 5G 12/512GB,1,49900,49900,Cell Nest 1 ,"23,24 Kalimullah market, level 2,  Bandor Bazar Sylhet ",8801929612780,,,,Sundarban,,,0094 - Shaharia Khan,,
Done,Marc25,16-Mar,Redmi Note 14 Pro 5G 8/256GB,1,39000,39000,Cell Nest 2,"90c,91B, Kalimullah market, level 2Bandar Bazar, ",8801929612780,,,,Sundarban,,,0094 - Shaharia Khan,,
Done,Marc25,16-Mar,Redmi Note 14 Pro+ 5G 12/512GB,1,49900,49900,Cell Nest 2 ,"90c,91B, Kalimullah market, Level 2,  Bandar Bazar, Sylhet ",8801929612780,,,,Sundarban,,,0094 - Shaharia Khan,,
Done,Marc25,16-Mar,Redmi Note 14 Pro 5G 8/256GB,6,39000,234000,Mars Two ,"Sattar khan complex, Khandirpar, Cumilla sadar",8801715146699,,,,Sundarban,3 pcs Purple & 3 pcs Black,,0094 - Shaharia Khan,,
Done,Marc25,16-Mar,Redmi Note 14 Pro 5G 8/256GB,3,39000,117000,Electra Mobile ,"Shop 53, basement 1, Bashundhara city ",8801734737889,,,,Self Delivery,,,0033 - Imran Hossain - DHK,,
Done,Marc25,16-Mar,"Xiaomi TV A Pro 65"" QLED 2025",1,85590,85590,New Khan Mobile Point ,"Victoria road, Tangail Sadar ",8801711909853,,,,Sundarban,Bhai ensure home delivery. ,,0112 - Ahasanul Kabir,Done,
Done,Marc25,16-Mar,"Xiaomi TV A Pro 43"" QLED 2025",1,40990,40990,Premier Electronics ,"Chowdhury Plaza (1st Floor), Foillatoli Bazar, Block-A, Halishahar, Chittagong ",8801815850770,,,,No Preference,,00,0070 - Tamal Roy,,
Done,Marc25,16-Mar,A2 24K VIOMI AC Split (Non-Inverter) 2 Ton,1,58000,58000,Ak electronics,"Collage road,Companigonj,Noakhali ",8801818294390,,,,Sundarban,,,0107 - Tanjil Hossain,,
Done,Marc25,16-Mar,A2 12K VIOMI AC Split (Non-Inverter) 1 Ton,1,36000,36000,New city electronics.. ,"Main road, Hajigonj,Chadpur",8801787221777,"Flat9/a.urban antora,67/2 abc Jhigatola, dhaka.",,01755582545,Self Pick,,,0107 - Tanjil Hossain,,
Done,Marc25,16-Mar,Xiaomi TV A Pro 32 Inch,2,20990,41980,Rabab Electronics ,Alpona Plaza ,8801719106660,,,,Self Delivery,Ledger Adjustment,,0033 - Imran Hossain - DHK,,
Done,Marc25,16-Mar,"Xiaomi TV A Pro 55"" QLED 2025",10,61200,612000,Chowdhury Electronics ,Alpona Plaza ,8801917810576,,,,Self Delivery,,,0033 - Imran Hossain - DHK,,
Done,Marc25,16-Mar,"Xiaomi TV A Pro 65"" QLED 2025",5,80700,403500,Chowdhury Electronics ,Alpona Plaza ,8801917810576,,,,Self Delivery,,,0033 - Imran Hossain - DHK,Not Imposed,
Done,Marc25,16-Mar,Xiaomi TV A Pro 32 Inch,2,20990,41980,Brand Bazaar ,Happy Arcadia Shopping Malls ,8801711903044,,,,Self Delivery,,,0033 - Imran Hossain - DHK,,
Done,Marc25,16-Mar,"Xiaomi TV A Pro 55"" QLED 2025",10,64990,649900,Brand Bazaar ,Happy Arcadia Shopping Malls ,8801711903044,,,,Self Delivery,Now this amount i will recovery within 04 days,,0033 - Imran Hossain - DHK,,
Done,Marc25,16-Mar,"Xiaomi TV A Pro 43"" QLED 2025",2,40990,81980,Aristo computer ,"Lavli tower, sadar,kushtia",8801711450101,,,,Sundarban,,,0026 - Ohidul Islam,,
Done,Marc25,16-Mar,"Xiaomi TV A Pro 43"" QLED 2025",2,40990,81980,Hasan enterprise,"Shaktola,Sador,Cumilla ",8801711432598,,,,Sundarban,,,0107 - Tanjil Hossain,,
Done,Marc25,16-Mar,Xiaomi TV A Pro 32 Inch,3,20990,62970,Aristo computer ,"Lavli tower, sadar,Kushtia ",8801711450101,,,,Sundarban,,,0026 - Ohidul Islam,,
Done,Marc25,16-Mar,Redmi Note 14 Pro+ 5G 12/512GB,5,49900,249500,Fantasy Telecom ,Ctg,8801719292100,,,,Sundarban,All color,,0025 - Imran Hossain - CTG,,
Done,Marc25,16-Mar,Redmi Note 14 Pro 5G 8/256GB,5,39000,195000,Fantasy Telecom ,Ctg,8801719292100,,,,Sundarban,,,0025 - Imran Hossain - CTG,,
Done,Marc25,17-Mar,Mi Smart Scale 2,1,2480,2480,Daraz,"Asfia Tower - 76, Road-11, Block-E,  Banani ",8801847420050,daraz,daraz,daraz,Self Delivery,daraz,0,E-Com,,
Cancelation,Marc25,17-Mar,Xiaomi Rechargeable Mini Fan,,,0,Daraz,"Asfia Tower - 76, Road-11, Block-E,  Banani ",8801847420050,daraz,daraz,daraz,Self Delivery,daraz,0,E-Com,,
Done,Marc25,17-Mar,Redmi Buds 3 Pro,1,3199,3199,Daraz,"Asfia Tower - 76, Road-11, Block-E,  Banani ",8801847420050,daraz,daraz,daraz,Self Delivery,daraz,0,E-Com,,
Done,Marc25,17-Mar,Redmi Note 14 Pro 5G 8/256GB,2,39000,78000,Global Communication ,"Ck Ghosh Road, Mymensingh Sadar ",8801712503357,,,,Sundarban,"Redmi note pro 5G
1 pcs Black 
1 pcs Purple 
1 pcs dead dummy ",,0112 - Ahasanul Kabir,,
Done,Marc25,17-Mar,Redmi Note 14 Pro+ 5G 12/512GB,1,49900,49900,Global Communication ,"Ck Ghosh Road, Mymensingh Sadar ",8801712503357,,,,Sundarban,Redmi note pro + 1 pcs Black. ,,0112 - Ahasanul Kabir,,
Done,Marc25,17-Mar,Redmi Note 14 Pro 5G 8/256GB,1,39000,39000,Wari Electro Mart,"17/A Rankin Street Wari Dhaka-1203
Shop Name : Mi Store,  Wari Electro Mart",8801912348339,,,,Self Delivery,,,0033 - Imran Hossain - DHK,,
Done,Marc25,17-Mar,A2 18K VIOMI AC Split (Non-Inverter) 1.5 Ton,1,47000,47000,Md. Masud Rana ,"House-21, Road-6, Janata Housing, Taltala, Agargaon, Dhaka ",8801717526445,,,,Self Delivery,,0,B2C,,
Done,Marc25,17-Mar,Xiaomi Wireless Keyboard and Mouse Combo,2,1990,3980,OnnoRokom Web Services Ltd,"2/1/E, Eden Center, Arambag, Motijheel, Dhaka-1000",8801708166273,,,,Self Delivery,,0,E-Com,,
Done,Marc25,17-Mar,Xiaomi TV A 2025 55 Inch,1,54990,54990,Tech Land,Multiplan ,8801647538526,Rosetech & Computer ,,8801911124266,Self Pick,,,0033 - Imran Hossain - DHK,,
Done,Marc25,17-Mar,Xiaomi TV A Pro 32 Inch,1,20370,20370,DX Distribution Ltd ,"Road - 54A, House - 07, Gulshan - 2, Dhaka - 1212",8801708464166,,,,Self Delivery,,0,B2B,,
Done,Marc25,17-Mar,Xiaomi TV A Pro 32 Inch,1,20990,20990,"Mi Store, Smart Cafe","City Corporation Market, New Market, Chittagong ",8801677009456,,,,Sundarban,,00,0070 - Tamal Roy,,
Done,Marc25,18-Mar,"Xiaomi TV A Pro 43"" QLED 2025",10,40000,400000,Star Tech & Engineering Limited,"6th floor, 28 Kazi Nazrul Islam Ave,Navana Zohura Square, Dhaka 1000.",8801709995415,,,,Self Delivery,,0,B2B,,
Done,Marc25,18-Mar,Xiaomi Rechargeable Mini Fan,1,2599,2599,Daraz,"Asfia Tower - 76, Road-11, Block-E,  Banani ",8801847420050,daraz,daraz,daraz,Self Delivery,daraz,0,E-Com,,
Done,Marc25,18-Mar,Redmi Note 14 Pro 5G 8/256GB,1,39000,39000,Nafi Trade Center ,"Shop: 9, Mukti plaza Shopping Complex, Mirpur 1",8801818622143,,,,Self Delivery,,,0035 - Md.Rejaul Islam Sujon,,
Done,Marc25,18-Mar,Xiaomi TV A Pro 32 Inch,1,20990,20990,Jewel Watch,Boro Bazar khulna Sadar ,8801730355560,Nill,Nill,Nill,Sundarban,,00,0031 - Adnan Billah,,
Done,Marc25,18-Mar,"Xiaomi TV A Pro 43"" QLED 2025",1,40000,40000,Star Tech & Engineering Limited,"6th floor, 28 Kazi Nazrul Islam Ave,Navana Zohura Square, Dhaka 1000",8801709995415,,,,Self Delivery,,0,B2B,,
Done,Marc25,18-Mar,Mi Smart Scale 2,2,2490,4980,OnnoRokom Web Services Ltd,"2/1/E, Eden Center, Arambag, Motijheel, Dhaka-1000",8801708166273,,,,Self Delivery,,,E-Com,,
Done,Marc25,18-Mar,Xiaomi Wireless Keyboard and Mouse Combo,1,1990,1990,OnnoRokom Web Services Ltd,"2/1/E, Eden Center, Arambag, Motijheel, Dhaka-1000",8801708166273,,,,Self Delivery,,0,E-Com,,
Done,Marc25,18-Mar,Xiaomi TV A Pro 32 Inch,2,20990,41980,Amin Electronics ,"Shop: 2, Level: 2, Omar Shahjahan Tower, Ajompur Railgate, Uttara",8801908668577,,,,Self Delivery,,,0035 - Md.Rejaul Islam Sujon,,
Done,Marc25,18-Mar,Redmi Note 14 Pro+ 5G 12/512GB,2,49900,99800,SH Telecom,"Shop No - 104, Basement - 1, Bashundhara City ",8801766317965,,,,Self Delivery,"Brother will deliver after iftar, ask to call before delivery.",,0033 - Imran Hossain - DHK,,
Done,Marc25,19-Mar,Mi Smart Scale 2,1,2480,2480,Daraz,"Asfia Tower - 76, Road-11, Block-E,  Banani ",8801847420050,daraz,daraz,daraz,Self Delivery,daraz,0,E-Com,,
Done,Marc25,19-Mar,A2 18K VIOMI AC Split (Non-Inverter) 1.5 Ton,1,45000,45000,Gazi Faisal,"House-151, Flat- a2, Road-2, Mohammadi Housing Society Mohammadpur",8801818060783,,,,Self Delivery,,0,B2C,,
Done,Marc25,19-Mar,Redmi Note 14 Pro+ 5G 12/512GB,5,49900,249500,Ideal Cellular ,"Baitul View Tower, 56/1, Purana Paltan, Shop No - 202, 1st Floor",8801634917779,,,,Self Delivery,Colour : Purple & Blue,,0033 - Imran Hossain - DHK,,
Done,Marc25,19-Mar,Redmi Note 14 Pro 5G 8/256GB,5,39000,195000,Electra Mobile ,"Shop no 53, Basement 1, Bashundhara City ",8801734737889,,,,Self Delivery,Colour : Black & Purple,,0033 - Imran Hossain - DHK,,
Done,Marc25,19-Mar,Redmi Note 14 Pro 5G 8/256GB,2,39000,78000,Alia Telecom,"Shop No - 11, Rose Vealley Shopping Mall 29, Rankin Street, Wari Dhaka.. ( Opposite of Wari Jame Masjid ) ",8801955743298,,,,Self Delivery,"Colour : Black 01, Purple 01

Please Provide Demo",,0033 - Imran Hossain - DHK,,
Done,Marc25,19-Mar,Redmi Note 14 Pro 5G 8/256GB,2,39000,78000,Mi store Chorfersion ,"Zilla porishod market, Fission square sador road, Chorfersion, Bhola ",8801799241691,,,,Sundarban,"1 death damom,
 Price Cade ,
Color:1 pic black,1 pic purple",,0123 - Anamul Islam Jewel,,
Done,Marc25,19-Mar,Xiaomi TV A Pro 32 Inch,10,19990,199900,Jahidul Electronics ,Uttor Kanchon Bazar Rupganj,8801716738591,,,,No Preference,Adjust from ledger amount ,0,0117 - Mohosin Lasker,,
Done,Marc25,19-Mar,"Xiaomi TV A Pro 55"" QLED 2025",1,64990,64990,Success Computer & Engineering ,"Aloka Nodi Bangla complex, Rambabu road, Mymensingh Sadar ",8801711682184,,,,Sundarban,Ensure home delivery. ,,0112 - Ahasanul Kabir,,
Done,Marc25,19-Mar,Mi Smart Scale 2,1,3590,3590,Md. Moniruzzaman,Dhaka Cantonment,8801631380822,,,,Self Delivery,,0,B2C,,
Done,Marc25,19-Mar,Redmi Note 14 Pro 5G 8/256GB,2,39000,78000,M Rahman MI store ,"RN tower, Chowhatta, Sylhet sadar ",8801722701111,,,,Sundarban,Purple & Black,,0094 - Shaharia Khan,,
Done,Marc25,19-Mar,Redmi Note 14 Pro+ 5G 12/512GB,1,49900,49900,JR Business Center,"Narshindi Sadar Road, Narshindi ",8801711737878,,,,No Preference,Black Color,,0117 - Mohosin Lasker,,
Done,Marc25,19-Mar,Redmi Note 14 Pro 5G 8/256GB,1,39000,39000,Apollo Telecom mi store,"37/38 Kalimullah market, Bandar Bazar, Sylhet ",8801711320650,,,,Sundarban,,,0094 - Shaharia Khan,,
Done,Marc25,19-Mar,Redmi Note 14 Pro+ 5G 12/512GB,1,49900,49900,Apollo Telecom mi store ,"37/38 Karimullah market, Bandar Bazar, Sylhet ",8801711320650,,,,Sundarban,,,0094 - Shaharia Khan,,
Done,Marc25,20-Mar,Redmi Note 14 Pro 5G 8/256GB,1,39000,39000,Mahadiya Smart Gallery ,"376/B,Shahid baki road,
Khilgaon,Taltola,Dhaka-1219.",8801892480710,"Opposite of social islami bank,Taltola mor",,,No Preference,Black colour. ১২/১ টার মধ্যে দিতে হবে। ,,0116 - Toukir Ahmed,,
Done,Marc25,20-Mar,Mi Smart Scale 2,1,2480,2480,Daraz,"Asfia Tower - 76, Road-11, Block-E,  Banani ",8801847420050,daraz,daraz,daraz,Self Delivery,daraz,0,E-Com,,
Done,Marc25,20-Mar,Xiaomi Rechargeable Mini Fan,1,2599,2599,Daraz,"Asfia Tower - 76, Road-11, Block-E,  Banani ",8801847420050,daraz,daraz,daraz,Self Delivery,daraz,0,E-Com,,
Done,Marc25,20-Mar,A2 12K VIOMI AC Split (Non-Inverter) 1 Ton,1,36000,36000,SS Traders ,"Padma abasik 3,Vodra Rajshahi ",8801711504879,মনির ," ইন্ডিয়ান হাই কমিশনারের অফিসের সামনে,  পদ্মা আবাসিক,  রোড নাম্বার ১,  রাজশাহী. ",01718689739,Sundarban,,,0019 - Hafizur Rahman,,
Done,Marc25,20-Mar,Redmi Note 14 Pro+ 5G 12/512GB,2,49900,99800,SH Telecom ,Bashundhara City ,8801766317965,,,,Self Pick,Colour : 02 Pcs Purple,,0033 - Imran Hossain - DHK,,
Done,Marc25,20-Mar,Redmi Note 14 Pro+ 5G 12/512GB,1,49500,49500,Momota Trading,Uttara,0,,,,Self Delivery,,0,B2B,,
Done,Marc25,20-Mar,Xiaomi TV A Pro 32 Inch,5,20990,104950,Electronics Galley ,Sadar Bogura ,8801715605378,,,,Sundarban,,104950,0019 - Hafizur Rahman,,
Done,Marc25,20-Mar,Redmi Note 14 Pro+ 5G 12/512GB,1,49900,49900,Skytel ,Sadar Dinajpur ,8801737763180,,,,Sundarban,Color-purple,,0019 - Hafizur Rahman,,
Done,Marc25,20-Mar,Redmi Note 14 Pro+ 5G 12/512GB,1,49900,49900,Tuba Enterprise ,"Tmss market, Sadar Bogura ",8801772032783,,,,Sundarban,Color-Purple,,0019 - Hafizur Rahman,,
Done,Marc25,22-Mar,Xiaomi TV A 2025 65 Inch,1,77990,77990,Shohan Electronics,Hard Metal Gallery Dakbangla Khulna ,8801726728024,Nill,Nill,Nill,Sundarban,,00,0031 - Adnan Billah,Done,
Done,Marc25,22-Mar,Xiaomi TV A 2025 55 Inch,1,55990,55990,Shohan Electronics ,Hard Metal Gallery Dakbangla Khulna ,8801726728024,Nill,Nill,Nill,Sundarban,,00,0031 - Adnan Billah,,
Done,Marc25,22-Mar,"Xiaomi TV A Pro 55"" QLED 2025",1,64990,64990,Shohan Electronics ,Hard metal gallery Khulna ,8801726728024,Md. Shakil,"Pirojpur Sador, Pirojpur",01711995235,Sundarban,,00,0031 - Adnan Billah,,
Done,Marc25,22-Mar,"Xiaomi TV A Pro 55"" QLED 2025",2,64990,129980,Wholesale Electronic Narayanganj ,"Chasara, Narayanganj ",8801888111146,,,,No Preference,,129980,0117 - Mohosin Lasker,,
Done,Marc25,22-Mar,"Xiaomi TV A Pro 65"" QLED 2025",2,85590,171180,Wholesale Electronic Narayanganj ,"Chasara, Narayanganj ",8801888111146,,,,No Preference,,300000,0117 - Mohosin Lasker,Not Imposed,
Done,Marc25,22-Mar,"Xiaomi TV A Pro 55"" QLED 2025",4,64000,256000,DOT5 Private Limited,"Eco Akhter Lake View, H # BA - 117/2, Flat - 7/A, Gulshan Lake Drive Road, South Badda, Dhaka",8801616161734,,"7th Floor, Xiaomi Office, Road - 30, House 11/A, Gulshan - 1",8801616161738,Self Delivery,,0,B2B,,
Done,Marc25,22-Mar,"Xiaomi TV A Pro 75"" QLED 2025",2,270000,540000,DOT5 Private Limited,"Eco Akhter Lake View, H # BA - 117/2, Flat - 7/A, Gulshan Lake Drive Road, South Badda, Dhaka",8801616161734,,"7th Floor, Xiaomi Office, Road - 30, House 11/A, Gulshan - 1",,Self Delivery,,0,B2B,Done,
Done,Marc25,22-Mar,"Xiaomi TV A Pro 43"" QLED 2025",1,37900,37900,Dx Tel Ltd,"Road#54A, House#07, Gulshan-2, Dhaka-1212.",8801708464166,,,,Self Delivery,,0,B2B,,
Done,Marc25,22-Mar,Redmi Buds 3 Pro,1,3209,3209,Daraz,"Asfia Tower - 76, Road-11, Block-E,  Banani ",8801847420050,daraz,daraz,daraz,Self Delivery,daraz,0,E-Com,,
Done,Marc25,22-Mar,Redmi Note 14 Pro 5G 8/256GB,3,39000,117000,Mobile Park BD,"Shop: 37/A2, Level: 4, Block: C, Jamuna Future Park",8801916858692,,,,Self Delivery,,,0035 - Md.Rejaul Islam Sujon,,
Done,Marc25,22-Mar,"Xiaomi TV A Pro 43"" QLED 2025",1,40990,40990,Hazi telecom,"Zilla Porishod market, Fashion Squre Sadar road, Chorfersion, Bhola.",8801321153301,Md. Salahuddin ,"Word no #1, holding #185, Chorfersion corporation, Chorfersion, Bhola.",8801676077392,Sundarban,Kupon .,,0123 - Anamul Islam Jewel,,
Done,Marc25,22-Mar,"Xiaomi TV A Pro 43"" QLED 2025",3,40990,122970,Mollick electronics ,"Jibonnagor, chudanga ",8801726751146,,,,Sundarban,,,0026 - Ohidul Islam,,
Done,Marc25,22-Mar,Xiaomi TV A 2025 55 Inch,1,55990,55990,Fair Electronics ,Sadar Panchagarh ,8801744853828,,,,Sundarban,,,0019 - Hafizur Rahman,,
Done,Marc25,22-Mar,Redmi Note 14 Pro+ 5G 12/512GB,1,49900,49900,Mi Zone,Ctg,8801817262793,,,,Sundarban,,,0025 - Imran Hossain - CTG,,
Done,Marc25,22-Mar,Xiaomi TV A 2025 55 Inch,1,55990,55990,Shohan Electronics ,Hard metal gallery Dakbangla Khulna ,8801726728024,Nill,Nill,Nill,Sundarban,,00,0031 - Adnan Billah,,
Done,Marc25,22-Mar,Redmi Note 14 Pro+ 5G 12/512GB,1,49900,49900,UB Mobile Centre ,"Sadar Road, Narshindi ",8801711148963,,,,No Preference,Black color,,0117 - Mohosin Lasker,,
Done,Marc25,23-Mar,Mi Dual Mode Wireless Mouse Silent Edition,1,880,880,Daraz,"Asfia Tower - 76, Road-11, Block-E,  Banani ",8801847420050,daraz,daraz,daraz,Self Delivery,daraz,0,E-Com,,
Done,Marc25,23-Mar,A2 18K VIOMI AC Split (Non-Inverter) 1.5 Ton,1,45000,45000,Speedoz Ltd,"7 VIP Road, Behind SKS Tower,(Beside BAT Gate), Mohakhali, Dhaka-1206",8801324418752,,,,Self Delivery,,0,B2C,,
Done,Marc25,23-Mar,"Xiaomi TV A Pro 75"" QLED 2025",1,126000,126000,Chowdhury Electronics ,Alpona Plaza ,8801785246248,,,,Self Delivery,,,0033 - Imran Hossain - DHK,Not Imposed,
Done,Marc25,23-Mar,Xiaomi TV A 2025 55 Inch,5,53500,267500,Chowdhury Electronics ,Alpona Plaza ,8801785246248,,,,Self Delivery,,,0033 - Imran Hossain - DHK,,
Done,Marc25,23-Mar,"Xiaomi TV A Pro 43"" QLED 2025",20,37400,748000,Chowdhury Electronics ,Alpona Plaza ,8801785246248,,,,Self Delivery,,,0033 - Imran Hossain - DHK,,
Done,Marc25,23-Mar,Redmi Note 14 Pro 5G 8/256GB,3,39000,117000,Mobile Park BD,"37/A2, Level: 4, Block:C, Jamuna Future Park",8801916858692,,,,Self Delivery,COD,,0035 - Md.Rejaul Islam Sujon,,
Done,Marc25,23-Mar,Redmi Note 14 Pro 5G 8/256GB,2,39000,78000,Annodo enterprise mi store ,"Chowhatta, Sylhet sadar, Sylhet ",8801715453445,,,,Sundarban,Need Dummy ,,0094 - Shaharia Khan,,
Done,Marc25,23-Mar,Redmi Note 14 Pro+ 5G 12/512GB,1,49900,49900,Shahin,Satkhira sadar,8801911443800,Nill,Nill,Nill,Sundarban,,00,0031 - Adnan Billah,,
Done,Marc25,23-Mar,Xiaomi TV A Pro 32 Inch,2,20990,41980,Haider electronics,"Main road, Maijdee,Noakhali ",8801711103033,,,,Sundarban,,,0107 - Tanjil Hossain,,
Done,Marc25,23-Mar,"Xiaomi TV A Pro 43"" QLED 2025",2,40990,81980,Haider electronics ,Haider electronics ,8801711103033,,,,Sundarban,,,0107 - Tanjil Hossain,,
Done,Marc25,23-Mar,Xiaomi TV A 2025 55 Inch,1,55990,55990,Haider electronics,"Main road,Maijdee,Noakhali ",8801711103033,,,,Sundarban,,,0107 - Tanjil Hossain,,
Done,Marc25,23-Mar,Redmi Note 14 Pro+ 5G 12/512GB,2,49900,99800,"Bismillah enterprise, Mi store","Lavli tower, sadar,Kushtia ",8801787670552,,,,Sundarban,,,0026 - Ohidul Islam,,
Done,Marc25,23-Mar,Redmi Note 14 Pro 5G 8/256GB,2,39000,78000,Mi Store (Dristy Enterprise) ,"Shop: 77, Level: 2, Shah Ali Plaza, Mirpur 10",8801941508048,,,,Self Delivery,Black 2 Pcs,,0035 - Md.Rejaul Islam Sujon,,
Done,Marc25,23-Mar,Redmi Note 14 Pro 5G 8/256GB,1,39000,39000,Mi store GR communication ,Sadar Natore,8801932069865,,,,Sundarban,Color-Purple,,0019 - Hafizur Rahman,,
Done,Marc25,23-Mar,A2 24K VIOMI AC Split (Non-Inverter) 2 Ton,1,58000,58000,MI RD Arafat Traders ,"Sultanabad, New market, Sadar Rajshahi ",8801747104626,,,,Sundarban,,,0019 - Hafizur Rahman,,
Done,Marc25,23-Mar,Redmi Note 14 Pro+ 5G 12/512GB,1,49900,49900,Sagor (Amaya Employee),Amaya Warehouse,8801738799729,,,,Self Delivery,,0,B2B,,
Done,Marc25,23-Mar,"Xiaomi TV A Pro 65"" QLED 2025",1,85590,85590,Mi store Cell town ,"RAMC Market, Sadar Rangpur ",8801622530190,,,,Sundarban,,,0019 - Hafizur Rahman,Pending,
Done,Marc25,23-Mar,"Xiaomi TV A Pro 55"" QLED 2025",5,61200,306000,Chowdhury Electronics ,Alpona Plaza ,8801785246248,,,,Self Delivery,,,0033 - Imran Hossain - DHK,,
Done,Marc25,23-Mar,"Xiaomi TV A Pro 65"" QLED 2025",5,80700,403500,Chowdhury electronics ,Alpona Plaza ,8801785246248,,,,Self Delivery,,,0033 - Imran Hossain - DHK,Not Imposed,
Done,Marc25,24-Mar,Mi Smart Scale 2,1,2480,2480,Daraz,"Asfia Tower - 76, Road-11, Block-E,  Banani ",8801847420050,daraz,daraz,daraz,Self Delivery,daraz,0,E-Com,,
Done,Marc25,24-Mar,Redmi Note 14 Pro+ 5G 12/512GB,1,49900,49900,Morden Telecom,"Sadar,Sariatpur ",8801885991475,,,,Sundarban,,,0026 - Ohidul Islam,,
Done,Marc25,24-Mar,Xiaomi TV A Pro 32 Inch,20,20990,419800,RM Electronics ,"Gulzar Bag, Zinzira, Dkaka",8801981520257,,,,No Preference,,,0117 - Mohosin Lasker,,
Done,Marc25,24-Mar,A2 12K VIOMI AC Split (Non-Inverter) 1 Ton,1,35000,35000,Cartup,"Rahman's Regnum Centre, Level 6, 191/1, Tejgaon C/A, Dhaka - 1208",8801321153711,cartup,cartup,cartup,Self Delivery,cartup guys will pick up from Alpona,0,E-Com,,
Done,Marc25,24-Mar,Redmi Note 14 Pro+ 5G 12/512GB,2,49900,99800,AR Telecom ,"Main road,Sador,Laximpur,",8801840837518,,,,Sundarban,,,0107 - Tanjil Hossain,,
Done,Marc25,24-Mar,"Xiaomi TV A Pro 43"" QLED 2025",1,40990,40990,Premier Electronics Plus ,"Barapol Moor, Under Eastern Bank Ltd., Halishahar, Chittagong.",8801979600351,,,,Sundarban,Note: Need Urgent Home Delivery.,00,0070 - Tamal Roy,,
Done,Marc25,24-Mar,"Xiaomi TV A Pro 43"" QLED 2025",1,40990,40990,Super electronics ,"Super electronics 2
1st floor Latif Center, Zindabazar, Sylhet.",8801712124747,,,,Sundarban,,,0094 - Shaharia Khan,,
Done,Marc25,24-Mar,"Xiaomi TV A Pro 55"" QLED 2025",1,64990,64990,Super electronics ,"Super electronics 2
1st floor Latif Center, Zindabazar, Sylhet.",8801712124747,,,,Sundarban,,,0094 - Shaharia Khan,,
Done,Marc25,24-Mar,"Xiaomi TV A Pro 65"" QLED 2025",1,85590,85590,Super electronics ,"Super electronics 2
1st floor Latif Center, Zindabazar, Sylhet.",8801712124747,,,,Sundarban,,,0094 - Shaharia Khan,Pending,
Done,Marc25,24-Mar,Xiaomi TV A Pro 32 Inch,5,20990,104950,"M.S Sinthiya electronics, potukhali sador ","Chowrasta, potukhali sador ",8801701318024,,,,Sundarban,"5 pic kupon.
2 pic stekar
1 pic x baner.
Please try to make sure home delivery ",,0123 - Anamul Islam Jewel,,
Done,Marc25,24-Mar,Xiaomi TV A Pro 32 Inch,3,20990,62970,Super electronics ,"Super electronics 2
1st floor Latif Center, Zindabazar, Sylhet.",8801712124747,,,,Sundarban,,,0094 - Shaharia Khan,,
Done,Marc25,24-Mar,Xiaomi TV A Pro 32 Inch,4,20990,83960,M/S Molla Electronics ,"Charbhadrason bazar, charbhadrason, Faridpur. ",8801714833704,,,,Sundarban,,94950,0026 - Ohidul Islam,,
Done,Marc25,24-Mar,Redmi Note 14 Pro+ 5G 12/512GB,1,49900,49900,Mi store Give & Take ,"Muktarpara, Sadar Sirajganj ",8801712297555,,,,Sundarban,Color - blue ,,0019 - Hafizur Rahman,,
Done,Marc25,24-Mar,"Xiaomi TV A Pro 43"" QLED 2025",1,40990,40990,M/S Molla Electronics ,"Charbhadrason Bazar, Charbhadrason, Faridpur ",8801714833704,,,,Sundarban,,94950,0026 - Ohidul Islam,,
Done,Marc25,24-Mar,Redmi Note 14 Pro+ 5G 12/512GB,1,49900,49900,One Plus technology ,"College road, Bashurhat, Companiganj,Noakhali",880182858286,,,,Sundarban,Purple colour,,0094 - Shaharia Khan,,
Done,Marc25,24-Mar,A2 18K VIOMI AC Split (Non-Inverter) 1.5 Ton,2,43500,87000,M/S Nurul Enterprise,Sohrawardi College Banorgati Khulna ,8801923404406,Nill,Nill,Nill,Sundarban,,00,0031 - Adnan Billah,,
Done,Marc25,24-Mar,Redmi Note 14 Pro 5G 8/256GB,3,39000,117000,Skytel,Sadar Dinajpur ,8801737763180,,,,Sundarban,"Color- Black -2,Purple -1p",,0019 - Hafizur Rahman,,
Done,Marc25,24-Mar,Redmi Note 14 Pro 5G 8/256GB,10,39000,390000,Sumash Tech,"Level 5, Shop No  108-111, Bashundhara City",8801677477085,,,,Self Delivery,,0,B2B,,
Done,Marc25,24-Mar,Redmi Note 14 Pro+ 5G 12/512GB,10,49900,499000,Sumash Tech,"Level 5, Shop No  108-111, Bashundhara City",8801677477085,,,,Self Delivery,,0,B2B,,
Done,Marc25,24-Mar,Redmi Note 14 Pro+ 5G 12/512GB,3,49900,149700,RT communication ,"Central girls school market,Thana road,Sadar pabna.",8801711507130,,,,Sundarban,"Blue-2p,Purple -1p",,0019 - Hafizur Rahman,,
Done,Marc25,25-Mar,"Xiaomi TV A Pro 55"" QLED 2025",3,64990,194970,AC Fair ,"Shop: 9/18. Ground Floor, Amir Complex, Ajompur, Uttara",8801725010037,,,,Self Delivery,,,0035 - Md.Rejaul Islam Sujon,,
Done,Marc25,25-Mar,"Xiaomi TV A Pro 65"" QLED 2025",2,85590,171180,AC Fair ,"Shop: 9/18. Ground Floor, Amir Complex, Ajompur, Uttara",8801725010037,,,,Self Delivery,,,0035 - Md.Rejaul Islam Sujon,Not Imposed,
Done,Marc25,25-Mar,"Xiaomi TV A Pro 43"" QLED 2025",1,40990,40990,Mi Store (Mobile Bazar),"Shop: 40 Level: 2, Shah Ali Plaza, Mirpur 10",8801788484830,,,,Self Delivery,,,0035 - Md.Rejaul Islam Sujon,,
Done,Marc25,25-Mar,Xiaomi TV A Pro 32 Inch,2,20990,41980,Amin Electronics ,"Shop: 2, Level 1, Omar Shahjahan Tower, Ajompur Railgate, Uttara",8801908668577,,,,Self Delivery,,,0035 - Md.Rejaul Islam Sujon,,
Done,Marc25,25-Mar,"Xiaomi TV A Pro 55"" QLED 2025",1,64990,64990,Long Tech ,Noor Jahan Road,8801919234023,Mohammad Shahriar Imran ,"Plot 7, Flat 7B, Rd -Avenue2, Chandrima Model Town, Mohammadpur Dhaka 1207",8801766696111,Self Delivery,Previous 2000 advance in his ledger,,0033 - Imran Hossain - DHK,,
Done,Marc25,25-Mar,"Xiaomi TV A Pro 43"" QLED 2025",5,40990,204950,Brand Bazaar ,Happy Arcadia Shopping Malls ,8801711903044,,,,Self Delivery,,,0033 - Imran Hossain - DHK,,
Done,Marc25,25-Mar,"Xiaomi TV A Pro 55"" QLED 2025",5,64990,324950,Brand Bazaar ,Happy Arcadia Shopping Malls ,8801711903044,,,,Self Delivery,,,0033 - Imran Hossain - DHK,,
Done,Marc25,25-Mar,"Xiaomi TV A Pro 65"" QLED 2025",1,85590,85590,Brand Bazaar ,Happy Arcadia Shopping Malls ,8801711903044,,,,Self Delivery,,,0033 - Imran Hossain - DHK,Not Imposed,
Done,Marc25,25-Mar,"Xiaomi TV A Pro 43"" QLED 2025",2,40990,81980,National electronics ,"Fatema Plaza, Chawrongi bazar Gopalgonj.",8801714065626,Nill,Nill,Nill,Sundarban,,00,0031 - Adnan Billah,,
Done,Marc25,25-Mar,Xiaomi TV A 2025 55 Inch,2,55990,111980,Bj Electronics,Ctg,8801734640607,,,,Sundarban,,,0025 - Imran Hossain - CTG,,
Done,Marc25,25-Mar,"Xiaomi TV A Pro 55"" QLED 2025",1,64990,64990,Bj Electronics,Ctg,8801734640607,,,,Sundarban,,,0025 - Imran Hossain - CTG,,
Done,Marc25,25-Mar,"Xiaomi TV A Pro 55"" QLED 2025",1,64990,64990,N.B Electronics ,"Sholoshohor, Nasirabad, Chittagong ",8801720189210,,,,Sundarban,,00,0070 - Tamal Roy,,
Done,Marc25,25-Mar,Xiaomi TV A 2025 55 Inch,1,55990,55990,N.B Electronics ,"Sholoshohor, Nasirabad, Chittagong ",8801720189210,,,,Sundarban,,00,0070 - Tamal Roy,,
Done,Marc25,25-Mar,Redmi Note 14 Pro+ 5G 12/512GB,1,49900,49900,"Hazi telecom, Chorfersion ","Zilla porishod market, Fission square sador road, Chorfersion, Bhola.",8801710456831,,,,Sundarban,Purple color ,,0123 - Anamul Islam Jewel,,
Done,Marc25,26-Mar,"Xiaomi TV A Pro 43"" QLED 2025",1,40990,40990,National Electronics,"Victoria Road, Tangail",8801727020647,Mr.Akib Eunus Alvi,"Rahman Shopping Mall, Shop-17,18,19,Chowrasta,Joydevpur Road,Gazipur ",01818981971,Sundarban,Please ensure home delivery. ,,0112 - Ahasanul Kabir,,
Done,Marc25,26-Mar,Xiaomi TV A Pro 32 Inch,5,20990,104950,Sumash Tech ,"Level - 5, Shop : 108-111, Bashundhara City ",8801677477085,,,,Self Delivery,,,0033 - Imran Hossain - DHK,,
Done,Marc25,26-Mar,"Xiaomi TV A Pro 43"" QLED 2025",3,40990,122970,Sumash Tech ,"Level : 5, Shop : 108-111, Bashundhara City ",8801677477085,,,,Self Delivery,,,0033 - Imran Hossain - DHK,,
Done,Marc25,26-Mar,A2 12K VIOMI AC Split (Non-Inverter) 1 Ton,1,36000,36000,New City Electronics,"Hajigonj,Chadpur ",8801730709085,Md.Habib Hasan ,",Boshonto kumar Road,Sador, jashore.",01712274247,Sundarban,,,0107 - Tanjil Hossain,,
Done,Marc25,26-Mar,Redmi Note 14 Pro 5G 8/256GB,2,39000,78000,Mi Store (Khan International 2),"Shop: 2, Level:3, Rajlaxmi Shopping Complex, Uttara",8801881445560,,,,Self Delivery,Black 2 pcs,,0035 - Md.Rejaul Islam Sujon,,
Done,Marc25,26-Mar,Xiaomi TV A Pro 32 Inch,3,20990,62970,Amin Electronics ,"Shop:2, Level:2, Omar Shahjahan Tower, Ajompur Railgate, Uttara",8801908668577,,,,Self Delivery,,,0035 - Md.Rejaul Islam Sujon,,
Done,Marc25,26-Mar,Xiaomi TV A 2025 55 Inch,1,55990,55990,Sirajul Islam,"Apartment A3, House 29, Road 30, Gulshan",8801614823130,,,,Self Delivery,,0,B2C,,
Done,Marc25,27-Mar,"Xiaomi TV A Pro 65"" QLED 2025",1,85000,85000,Wholesale Electronics ,"West Matikata, Auto Stand, Samsung Wearhouse, Mirpur, Dhaka",8801715601888,,,,Self Delivery,,,0035 - Md.Rejaul Islam Sujon,Not Imposed,
Done,Marc25,27-Mar,"Xiaomi TV A Pro 43"" QLED 2025",3,40990,122970,Shamim Electronics ,"North Side Of Desco, Jolladkhana, Mirpur 10. dhaka",8801999949933,,,,Self Delivery,,,0035 - Md.Rejaul Islam Sujon,,
Done,Marc25,27-Mar,"Xiaomi TV A Pro 55"" QLED 2025",5,64990,324950,Shamim Electronics ,"North Side Of Desco, Jolladkhana, Mirpur 10. dhaka",8801999949933,,,,Self Delivery,,,0035 - Md.Rejaul Islam Sujon,,
Done,Marc25,27-Mar,"Xiaomi TV A Pro 65"" QLED 2025",2,85590,171180,Shamim Electronics ,"North Side Of Desco, Jolladkhana, Mirpur 10. dhaka",8801999949933,,,,Self Delivery,,,0035 - Md.Rejaul Islam Sujon,Not Imposed,
Done,Marc25,27-Mar,Xiaomi TV A Pro 43 Inch,1,35000,35000,Joi sorkar (Amaya employee),Amaya Warehouse,8801608558543,,,,Self Delivery,,0,B2C,,
Done,Marc25,27-Mar,Mi Smart Scale 2,1,2580,2580,Daraz,"Asfia Tower - 76, Road-11, Block-E,  Banani ",8801847420050,daraz,daraz,daraz,Self Delivery,daraz,0,E-Com,,
Done,Marc25,27-Mar,Xiaomi Wireless Keyboard and Mouse Combo,1,1990,1990,OnnoRokom Web Services Ltd,"2/1/E, Eden Center, Arambag, Motijheel, Dhaka-1000",8801708166273,,,,Self Delivery,,0,E-Com,,
Done,Marc25,27-Mar,Mi Smart Air Fryer 3.5L,1,8990,8990,Star Tech & Engineering Limited,"6th floor, 28 Kazi Nazrul Islam Ave,Navana Zohura Square, Dhaka 1000.",8801709995415,,,,Self Delivery,,0,E-Com,,
Done,Marc25,27-Mar,Xiaomi TV A 2025 65 Inch,1,77990,77990,Long Tech ,Mohammadpur ,8801919234023,Md. Abdul Khalek,"House - 399, road - 11, block- c, Bashundhara R/A",8801302700474,Self Delivery,BHAI No need to Provide invoice ,,0033 - Imran Hossain - DHK,Not Imposed,
Done,Marc25,27-Mar,Xiaomi TV A 2025 65 Inch,5,74000,370000,Chowdhury Electronics ,Alpona Plaza ,8801785246248,,,,Self Delivery,,,0033 - Imran Hossain - DHK,Not Imposed,
Done,Marc25,27-Mar,"Xiaomi TV A Pro 65"" QLED 2025",1,80700,80700,Chowdhury Electronics ,Alpona Plaza ,8801785246248,,,,Self Delivery,,,0033 - Imran Hossain - DHK,Not Imposed,
Done,Marc25,27-Mar,"Xiaomi TV A Pro 65"" QLED 2025",3,85590,256770,GunGun electronics ,"Khalibari more,B,baria sadar, Brahmanbaria ",8801911097959,,,,Sundarban,,,0094 - Shaharia Khan,Done,
Done,Marc25,27-Mar,"Xiaomi TV A Pro 55"" QLED 2025",1,64990,64990,GunGun electronics ,"Khalibari more, B,baria sadar, Brahmanbaria ",8801911097959,,,,Self Delivery,,,0094 - Shaharia Khan,,
Cancelation,Marc25,27-Mar,"Xiaomi TV A Pro 55"" QLED 2025",,,0,FM Electronics,Ctg,8801824946334,,,,Sundarban,Jublee Road Branch,,0025 - Imran Hossain - CTG,,
Done,Marc25,27-Mar,"Xiaomi TV A Pro 43"" QLED 2025",1,40990,40990,GunGun electronics ,"Khalibari more, B,baria sadar, Brahmanbaria ",8801911097959,,,,Self Delivery,,,0094 - Shaharia Khan,,
Done,Marc25,27-Mar,A2 24K VIOMI AC Split (Non-Inverter) 2 Ton,1,58000,58000,Khokon,"Mahanagar 3 road, c 26 house.",8801619260564,,,,No Preference,,0,B2C,,
Done,Marc25,28-Mar,"Xiaomi TV A Pro 55"" QLED 2025",1,64990,64990,Dilruba Ahmed Choudhury,"Haque Monjil,Flat 7A, lift-6, 30/ C/ 1, Purbo Noyatola, Moghbazar, Dhaka",8801755640595,,,,Self Delivery,,0,B2C,,
Done,Marc25,29-Mar,A2 18K VIOMI AC Split (Non-Inverter) 1.5 Ton,3,45000,135000,Success Computer & Engineering ,"Aloka Nodi Bangla complex, Rambabu Road, Mymensingh ",8801711682184,LT Col Arif,"703 Medium Wksp, Dhaka Cantonment,  Dhaka ",0 1678-034207,No Preference,Bhai AC 3 Ta diya den.,,0112 - Ahasanul Kabir,,
Done,Marc25,29-Mar,Xiaomi TV A 2025 55 Inch,1,55990,55990,Mi Store (Pro International 2),Amir Complex ,8801685529180,Imran,Rupayon city uttara khalpar  Flat Majestic 394,+880 1685-529180,Self Delivery,Side Delivery To Uttara Khal Par ,,0035 - Md.Rejaul Islam Sujon,,
Done,Apri25,7-Apr,Mi Smart Scale 2,6,2790,16740,Daraz,"Asfia Tower - 76, Road-11, Block-E,  Banani ",8801847420050,daraz,daraz,daraz,Self Delivery,daraz,0,E-Com,,
Done,Apri25,7-Apr,Mi Dual Mode Wireless Mouse Silent Edition,1,880,880,Daraz,"Asfia Tower - 76, Road-11, Block-E,  Banani ",8801847420050,daraz,daraz,daraz,Self Delivery,daraz,0,E-Com,,
Done,Apri25,7-Apr,Xiaomi Rechargeable Mini Fan,1,2599,2599,Daraz,"Asfia Tower - 76, Road-11, Block-E,  Banani ",8801847420050,daraz,daraz,,Self Delivery,daraz,0,E-Com,,
Done,Apri25,7-Apr,Redmi Note 14 Pro+ 5G 12/512GB,2,49900,99800,Digital Telecom ,"Bappery palaz, palong Uttara Bazar,Sadar,Sariatpur ",8801717163988,,,,Sundarban,,,0026 - Ohidul Islam,,
Done,Apri25,7-Apr,"Xiaomi TV A Pro 55"" QLED 2025",1,64990,64990,Soft link plus,"Holding No.400,
Munsef Bari,Monohorpur,Cumilla.",8801716336786,,,,Sundarban,Home delivery must,,0094 - Shaharia Khan,,
Done,Apri25,7-Apr,A2 18K VIOMI AC Split (Non-Inverter) 1.5 Ton,1,45000,45000,Soft link plus,"Holding No.400,
Munsef Bari,Monohorpur,Cumilla.",8801716336786,,,,Sundarban,Home delivery must,,0094 - Shaharia Khan,,
Done,Apri25,7-Apr,A2 18K VIOMI AC Split (Non-Inverter) 1.5 Ton,1,43500,43500,M/S Nurul Enterprise,Sohrawardi College Banorgati Khulna ,8801923404406,Nill,Nill,Nill,Sundarban,,00,0031 - Adnan Billah,,
Done,Apri25,7-Apr,A2 18K VIOMI AC Split (Non-Inverter) 1.5 Ton,1,43500,43500,M/S Nurul Enterprise,Sohrawardi College Banorgati Khulna ,8801923404406,আজমীর,"মহাখালী জাহাঙ্গীরগেট কচু ক্ষেত ক্যান্টনমেন্টের ভিতর চা���ের এ 58 নম্বর বাসা, Dhaka .",01886051020,No Preference,,00,0031 - Adnan Billah,,
Done,Apri25,7-Apr,"Xiaomi TV A Pro 65"" QLED 2025",1,85590,85590,Super electronics ,"Super electronics 2
1st floor Latif Center, Zindabazar, Sylhet.",8801712124747,,,,Sundarban,,,0094 - Shaharia Khan,Pending,
Done,Apri25,7-Apr,A2 12K VIOMI AC Split (Non-Inverter) 1 Ton,1,35000,35000,Radivision electronics ,"Salauddin,Sador,Feni",8801722020135,,,,Sundarban,,,0107 - Tanjil Hossain,,
Done,Apri25,7-Apr,Xiaomi TV A 2025 55 Inch,1,54390,54390,Jhahidul Electronics ,"Rupganj Bazar, Naranganj ",8801716738591,Md. Basar,,"Vill: Bir sena; PO: Nobogram, PS & Dist: Zalokathi",Sundarban,,,0117 - Mohosin Lasker,,
Done,Apri25,7-Apr,Redmi Note 14 Pro+ 5G 12/512GB,1,49900,49900,"Mi Store, Jannat Telecom ","Chakbazar Mor,Sherpur Town,Sherpur.",8801962148168,,,,Sundarban,Redmi Note 14 Pro + -01 pcs Blue.,,0112 - Ahasanul Kabir,,
Done,Apri25,7-Apr,Xiaomi TV A 2025 55 Inch,1,55990,55990,Shohan Electronics ,Hard metal gallery Dakbangla Khulna ,880172672 8024,Nill,Nill,Nill,Sundarban,,0,0031 - Adnan Billah,,
Done,Apri25,7-Apr,"Xiaomi TV A Pro 65"" QLED 2025",3,85590,256770,Union enterprise ,"Akur thakur para,Tangail sadar,Tangail",01727012342,Swateeprova Rahman,Self pick in Logistic ,01727012341,Self Pick,Mrs Swateeprova Rahman self pick in Logistics. Plz proceed delivery in Today.,,0112 - Ahasanul Kabir,Not Imposed,
Done,Apri25,7-Apr,Mi Smart Scale 2,2,2490,4980,OnnoRokom Web Services Ltd,"2/1/E, Eden Center, Arambag, Motijheel, Dhaka-1000",8801708166273,,,,Self Delivery,,,E-Com,,
Done,Apri25,7-Apr,Redmi Note 14 Pro+ 5G 12/512GB,1,49900,49900,"MI Store, Mymensingh ","Ck Ghosh Road, Mymensingh Sadar ",8801748939910,,,,Sundarban,"Redmi note 14 pro plus -1 pcs Purple 
Redmi note 14 pro dead dummy -1 pcs ",,0112 - Ahasanul Kabir,,
Done,Apri25,7-Apr,A2 12K VIOMI AC Split (Non-Inverter) 1 Ton,3,35000,105000,Real collection & Electronics,"Lichubagan,Rangunia,Ctg",8801842878841,,,,No Preference,,,0025 - Imran Hossain - CTG,,
Done,Apri25,7-Apr,Xiaomi TV A Pro 32 Inch,20,20990,419800,FM Electronics ,Ctg,8801824946334,,,,No Preference,,,0025 - Imran Hossain - CTG,,
Done,Apri25,7-Apr,"Xiaomi TV A Pro 55"" QLED 2025",7,64990,454930,FM Electronics ,Ctg,8801824946334,,,,No Preference,,,0025 - Imran Hossain - CTG,,
Done,Apri25,7-Apr,"Xiaomi TV A Pro 65"" QLED 2025",3,85590,256770,FM Electronics ,Ctg,8801824946334,,,,No Preference,,,0025 - Imran Hossain - CTG,Not Imposed,
Cancelation,Apri25,7-Apr,"Xiaomi TV A Pro 43"" QLED 2025",0,,0,FM Electronics ,Ctg,8801824946334,Mr Taimur,"Kandirpar,Cumilla",+880 17 1235 8203,No Preference,,,0025 - Imran Hossain - CTG,,
Done,Apri25,7-Apr,Xiaomi TV A 2025 55 Inch,1,55990,55990,Super electronics ,"Super electronics 2
1st floor Latif Center, Zindabazar, Sylhet.",8801712124747,,,,Sundarban,,,0094 - Shaharia Khan,,
Done,Apri25,7-Apr,"Xiaomi TV A Pro 43"" QLED 2025",1,40990,40990,Biva ac bazar ,Sat Rastar moor pubali bank er niche Khulna Sadar ,8801716446909,Nill,Nill,Nill,No Preference,,00,0031 - Adnan Billah,,
Done,Apri25,8-Apr,Xiaomi Rechargeable Mini Fan,1,2599,2599,Daraz,"Asfia Tower - 76, Road-11, Block-E,  Banani ",8801847420050,daraz,daraz,daraz,Self Delivery,daraz,0,E-Com,,
Done,Apri25,8-Apr,A2 24K VIOMI AC Split (Non-Inverter) 2 Ton,1,56500,56500,M/S Nurul Enterprise,Sohrawardi College Banorgati Khulna ,8801923404406,আজমীর,"মহাখালী জাহাঙ্গীরগেট কচু ক্ষেত ক্যান্টনমেন্টের ভিতর চারের এ 58 নম্বর বাসা, Dhaka .",01886051020,No Preference,,00,0031 - Adnan Billah,,
Done,Apri25,8-Apr,A2 18K VIOMI AC Split (Non-Inverter) 1.5 Ton,1,43500,43500,M/S Nurul Enterprise,Sohrawardi College Banorgati Khulna ,8801923404406,মাহিম,"নাভারন বাজার,শার্শা, বেনাপোল, যশোর। ",01858393366,Sundarban,,00,0031 - Adnan Billah,,
Done,Apri25,8-Apr,Redmi Note 14 Pro+ 5G 12/512GB,1,49900,49900,Mi Store (Right Telecom),Mirpur 1,8801714446699,,,,Self Pick,,,0035 - Md.Rejaul Islam Sujon,,
Done,Apri25,8-Apr,"Xiaomi TV A Pro 55"" QLED 2025",1,64990,64990,Radivision electronics ,"Salauddin,Sador,Feni",8801723454243,"Sunsine Mojumder Bari 528,Dokkin manikdi,Dhaka Cantonment,Dhaka",,01730709026,Self Delivery,,,0107 - Tanjil Hossain,,
Done,Apri25,8-Apr,Redmi Note 14 Pro 5G 8/256GB,1,39000,39000,Morden Telecom ,"Sadar,Sariatpur ",8801885991475,,,,Sundarban,,,0026 - Ohidul Islam,,
Done,Apri25,8-Apr,Xiaomi TV A Pro 32 Inch,10,20990,209900,Vision Electronics ,"Maa Mansion, Thana Road, Bayezid, Chittagong",8801815338679,,,,No Preference,Note : He willingly continue our business & also keep rolling payment.,00,0070 - Tamal Roy,,
Done,Apri25,8-Apr,"Xiaomi TV A Pro 55"" QLED 2025",2,64990,129980,New Friends Electronics ,"Stadium 1 No gate, Shop 29",8801817097172,,,,Self Delivery,,,0033 - Imran Hossain - DHK,,
Done,Apri25,8-Apr,Xiaomi TV A 2025 65 Inch,1,77990,77990,New Friends Electronics ,"Stadium 1 No Gate, Shop - 29",8801817097172,,,,Self Delivery,,,0033 - Imran Hossain - DHK,Not Imposed,
Done,Apri25,8-Apr,Redmi Note 14 Pro 5G 8/256GB,2,39000,78000,Ujala gallery ,"Polish line, Rescouse, Comilla sadar",8801911220011,,,,Sundarban,Black & Purple,,0094 - Shaharia Khan,,
Done,Apri25,8-Apr,Redmi Note 14 Pro+ 5G 12/512GB,1,49900,49900,Ujala gallery ,"Polish line, Rescourse,Cumilla sadar",8801911220011,,,,Sundarban,Purple,,0094 - Shaharia Khan,,
Done,Apri25,8-Apr,Redmi Note 14 Pro 5G 8/256GB,1,39000,39000,Bhuiyan telecom ,"Zila Parishad market, T A road B,baria sadar",8801821932121,,,,Sundarban,Purple,,0094 - Shaharia Khan,,
Done,Apri25,8-Apr,"Xiaomi TV A Pro 43"" QLED 2025",1,40990,40990,Dazzle,Ctg,8801830999969,Mr Shyamol ,"Road 8/8, Block F, Plot 1714, Sagufta Housing Society Ltd,Mirpur 12,Dhaka", +880 1718-926090,No Preference,,,0025 - Imran Hossain - CTG,,
Done,Apri25,8-Apr,Xiaomi TV A Pro 32 Inch,5,20990,104950,Bj Electronics,Ctg,8801734640607,,,,No Preference,,,0025 - Imran Hossain - CTG,,
Done,Apri25,8-Apr,Mi Smart Scale 2,1,2490,2490,OnnoRokom Web Services Ltd,"2/1/E, Eden Center, Arambag, Motijheel, Dhaka-1000",8801708166273,,,,Self Delivery,,0,E-Com,,
Done,Apri25,9-Apr,A2 12K VIOMI AC Split (Non-Inverter) 1 Ton,1,35000,35000,Mr. Asif Rayhan,"Bokultola, Sarulia, Demra",8801516150050,,,,Self Delivery,,0,B2C,,
Done,Apri25,9-Apr,"Xiaomi TV A Pro 55"" QLED 2025",1,64990,64990,Silver Water Technologies Bangladesh Limited,"HOUSE- 26, ROAD-07, BLOCK- C, NIKETON, GULSHAN1, PS-GULSHAN, DHAKA",8801715601888,,,,Self Delivery,,0,B2B,,
Done,Apri25,9-Apr,Xiaomi Rechargeable Mini Fan,1,2690,2690,Silver Water Technologies Bangladesh Limited,"HOUSE- 26, ROAD-07, BLOCK- C, NIKETON, GULSHAN1, PS-GULSHAN, DHAKA",8801715601888,,,,Self Delivery,,0,E-Com,,
Done,Apri25,9-Apr,Xiaomi TV A Pro 32 Inch,6,20990,125940,Smart home Appliance ,"Alipur, sadar, Faridpur ",8801318300516,,,,Sundarban,,,0026 - Ohidul Islam,,
Done,Apri25,9-Apr,Xiaomi TV A Pro 32 Inch,5,20990,104950,Bismillah Electronics ,"Anwara,Ctg",8801875737375,,,,Sundarban,,,0025 - Imran Hossain - CTG,,
Done,Apri25,9-Apr,Redmi Note 14 Pro+ 5G 12/512GB,5,49900,249500,Mi Store (Tarek Telecom),"3 No Shomit Bhaban, 1 No Super Market, Mirpur 1",8801817501714,,,,Self Delivery,,,0035 - Md.Rejaul Islam Sujon,,
Done,Apri25,9-Apr,"Xiaomi TV A Pro 55"" QLED 2025",5,64990,324950,Brand Bazaar ,Happy Arcadia Shopping Malls ,8801711903044,,,,Self Delivery,,,0033 - Imran Hossain - DHK,,
Done,Apri25,9-Apr,Xiaomi TV A 2025 55 Inch,5,53500,267500,Chowdhury Electronics ,Alpona Plaza ,8801785246248,,,,Self Delivery,,,0033 - Imran Hossain - DHK,,
Done,Apri25,10-Apr,Redmi Note 14 Pro+ 5G 12/512GB,3,49900,149700,Mobile Park BD,"Shop: 37/A2, Block: C, Level: 4, Jamuna Future Park, Kuril",8801916858692,,,,Self Delivery,COD,,0035 - Md.Rejaul Islam Sujon,,
Done,Apri25,10-Apr,Xiaomi TV A 2025 65 Inch,2,77990,155980,Tv Bazar ,Multuplan,8801881584115, Padma Lamitube Ltd,"Jamur Muchipara, Hemayetpur ",8801313450986,Self Delivery,,161180,0033 - Imran Hossain - DHK,Not Imposed,
Done,Apri25,10-Apr,"Xiaomi TV A Pro 55"" QLED 2025",1,64990,64990,Sheba Electronics ,"Level: 2, London Plaza, Ajompur, Uttara",8801775311079,,,,Self Delivery,,,0035 - Md.Rejaul Islam Sujon,,
Done,Apri25,10-Apr,"Xiaomi TV A Pro 65"" QLED 2025",1,85590,85590,Amin Electronics ,"Shop: 2, Level: 2, Omar Shahjahan tower, Ajompur Railgate, Uttara",8801908668577,,,,Self Delivery,,,0035 - Md.Rejaul Islam Sujon,Not Imposed,
Done,Apri25,10-Apr,Redmi Note 14 Pro+ 5G 12/512GB,1,49900,49900,Mi Store (Khan International 2),"Shop: 2, Level: 3, Rajlaxmi Shopping Complex  Uttara,",8801942210136,,,,Self Delivery,,,0035 - Md.Rejaul Islam Sujon,,
Done,Apri25,10-Apr,"Xiaomi TV A Pro 65"" QLED 2025",1,84000,84000,Jhahidul Electronics ,"Kanchon Bazar, Rupganj, Narayanganj ",8801716738591,Mr. Rubel,"Flat no-7B, Delphinium House, N-126 Road-4/A Block-A Basundhara R/A ( বসুন্ধরা করপোরেট অফিসের পিছনে) ",01717566602,No Preference,,,0117 - Mohosin Lasker,Not Imposed,
Done,Apri25,10-Apr,"Xiaomi TV A Pro 43"" QLED 2025",2,40990,81980,Wholesale Electronics ,"Samsung Wearhouse, West Matikata, Auto Stand ",8801715601888,,,,Self Delivery,,,0035 - Md.Rejaul Islam Sujon,,
Done,Apri25,10-Apr,Redmi Note 14 Pro+ 5G 12/512GB,2,49900,99800,"Mi Store, Cell Touch ","Shop No : 429, Sanmar Ocean City, Nasirabad, Chittagong.",8801821108077,,,,Sundarban,"Colour : Purple - 01, Blue - 01.",00,0070 - Tamal Roy,,
Done,Apri25,10-Apr,Redmi Note 14 Pro 5G 8/256GB,2,39000,78000,"Mi Store, Cell Touch ","Shop No: 429, Sanmar Ocean City, Nasirabad, Chittagong.",8801821108077,,,,Sundarban,"Colour : Black - 01, Purple - 01",00,0070 - Tamal Roy,,
Done,Apri25,10-Apr,"Xiaomi TV A Pro 55"" QLED 2025",5,61200,306000,Chowdhury Electronics ,Alpona Plaza ,8801785246248,,,,Self Delivery,,,0033 - Imran Hossain - DHK,,
Done,Apri25,12-Apr,Xiaomi TV A 2025 65 Inch,1,77990,77990,Super electronics ,"Super electronics 2
1st floor Latif Center, Zindabazar, Sylhet.",8801712124747,MR SAYEF ,1777792616,Bashundhara R/A Block C Road 12 House 314 Flat B1,Self Delivery,Must be delivery done within today ,,0094 - Shaharia Khan,Not Imposed,
Done,Apri25,12-Apr,Mi Smart Scale 2,1,2790,2790,Daraz,"Asfia Tower - 76, Road-11, Block-E,  Banani ",8801847420050,daraz,daraz,daraz,Self Delivery,daraz,0,E-Com,,
Done,Apri25,12-Apr,Xiaomi Rechargeable Mini Fan,1,2599,2599,Daraz,"Asfia Tower - 76, Road-11, Block-E,  Banani ",8801847420050,daraz,daraz,daraz,Self Delivery,daraz,0,E-Com,,
Done,Apri25,12-Apr,"Xiaomi TV A Pro 65"" QLED 2025",1,85590,85590,Tech City,Shimanto Square ,8801709651931,Ashikur Rahman,"House 21, Block E, Zakir Hossain Road, Lalmatia",8801816453038,Self Delivery,,,0033 - Imran Hossain - DHK,Not Imposed,
Done,Apri25,12-Apr,Redmi Note 14 Pro+ 5G 12/512GB,1,49900,49900,Mi Store (Rafsan Telecom),"Shop: 43, Level: 2. shah ali Plaza, Mirpur 10",8801876706910,,,,Self Delivery,,,0035 - Md.Rejaul Islam Sujon,,
Done,Apri25,12-Apr,Redmi Note 14 Pro+ 5G 12/512GB,2,49900,99800,Mi Store (Khan International 2),"Shop:2, Level: 3, Rajlaxmi Shopping Complex, Uttara ",8801881445560,,,,Self Delivery,,,0035 - Md.Rejaul Islam Sujon,,
Done,Apri25,12-Apr,A2 18K VIOMI AC Split (Non-Inverter) 1.5 Ton,1,45000,45000,New city electronics ,"Main road, Hajigonj,Chadpur ",8801730709085,Md:Murad,"Sunsin Mojumder bari. 528,  west manikdi, dhaka  Cantonment, Dhaka",01730709026,Self Delivery,,,0107 - Tanjil Hossain,,
Done,Apri25,13-Apr,Mi Smart Scale 2,1,2790,2790,Daraz,"Asfia Tower - 76, Road-11, Block-E,  Banani ",8801847420050,daraz,daraz,daraz,Self Delivery,daraz,0,E-Com,,
Done,Apri25,13-Apr,Xiaomi Rechargeable Mini Fan,1,2599,2599,Daraz,"Asfia Tower - 76, Road-11, Block-E,  Banani ",8801847420050,daraz,daraz,daraz,Self Delivery,daraz,0,E-Com,,
Done,Apri25,13-Apr,"Xiaomi TV A Pro 55"" QLED 2025",1,64990,64990,Radivision electronics ,"Salauddin,Sador, Feni",8801723454243,Noman Ashrafee Rahman,"Global Lamiya,Flat6 D,Cha-55/A.Kuwaiti Masjid Road,(Ibn Sina hospital er goli)Uttar Badda,Dhaka",01730399909,Self Delivery,,,0107 - Tanjil Hossain,,
Done,Apri25,13-Apr,Redmi Note 14 Pro 5G 8/256GB,2,39000,78000,Digital Telecom ,"Sadar,Sariatpur ",8801717163988,,,,Sundarban,,,0026 - Ohidul Islam,,
Done,Apri25,13-Apr,"Xiaomi TV A Pro 43"" QLED 2025",1,40990,40990,Silver Water Technologies Bangladesh Limited,"9 KA/KHA, Level 5, Tejgaon Industrial Area, Tejgaon, Dhaka - 1215",8801715601888,,,,Self Delivery,,0,E-Com,,
Done,Apri25,13-Apr,"Xiaomi TV A Pro 65"" QLED 2025",1,85590,85590,Silver Water Technologies Bangladesh Limited,"9 KA/KHA, Level 5, Tejgaon Industrial Area, Tejgaon, Dhaka - 1215",8801715601888,,,,Self Delivery,,0,E-Com,Not Imposed,
Done,Apri25,15-Apr,Xiaomi TV A 2025 55 Inch,10,55000,550000,Star Tech & Engineering Limited,"6th floor, 28 Kazi Nazrul Islam Ave,Navana Zohura Square, Dhaka 1000.",8801709995415,,,,Self Delivery,,0,B2B,,
Done,Apri25,15-Apr,"Xiaomi TV A Pro 43"" QLED 2025",10,40000,400000,Star Tech & Engineering Limited,"6th floor, 28 Kazi Nazrul Islam Ave,Navana Zohura Square, Dhaka 1000.",8801709995415,,,,Self Delivery,,0,B2B,,
Done,Apri25,15-Apr,Mi Smart Scale 2,3,2790,8370,Daraz,"Asfia Tower - 76, Road-11, Block-E,  Banani ",8801847420050,daraz,daraz,daraz,Self Delivery,daraz,0,E-Com,,
Done,Apri25,15-Apr,Mi Dual Mode Wireless Mouse Silent Edition,1,1390,1390,Daraz,"Asfia Tower - 76, Road-11, Block-E,  Banani ",8801847420050,daraz,daraz,daraz,Self Delivery,daraz,0,E-Com,,
Done,Apri25,15-Apr,A2 18K VIOMI AC Split (Non-Inverter) 1.5 Ton,1,45000,45000,Md.Biplob Hossain,"House no. 866/A, Masterpara society , Masterpara,  uttar khan , Dhaka",8801716568322,,,,Self Delivery,MD sir order,0,B2C,,
Done,Apri25,15-Apr,Xiaomi TV A Pro 32 Inch,2,20990,41980,Amin Electronics ,"Shop: 02, Level: 1, Omar Shahjahan Tower, Ajompur Railgate, Uttara",8801908668577,,,,Self Delivery,,,0035 - Md.Rejaul Islam Sujon,,
Done,Apri25,15-Apr,"Xiaomi TV A Pro 43"" QLED 2025",3,40990,122970,Amin Electronics ,Uttara,8801908668577,,,,Self Delivery,50k COD,,0035 - Md.Rejaul Islam Sujon,,
Done,Apri25,15-Apr,"Xiaomi TV A Pro 55"" QLED 2025",1,64990,64990,Fm Electronics,Ctg,8801824946334,Rony,Block E Road 6 rupayan. Lake casol bashundhara,+880 1764-274402,Self Delivery,,0,0025 - Imran Hossain - CTG,,
Done,Apri25,15-Apr,Xiaomi TV A Pro 32 Inch,1,20990,20990,Ayat electronics lalmohon ,"Lalmohon, Bhola ",8801977008384,,,,Sundarban,Home delivery ,,0123 - Anamul Islam Jewel,,
Done,Apri25,15-Apr,Xiaomi TV A Pro 32 Inch,5,20990,104950,Esha Electronics ,"Shah Amanat City Corporation Super Market (1st Floor), Jubilee Road, Chittagong",8801716548281,,,,Sundarban,,00,0070 - Tamal Roy,,
Done,Apri25,15-Apr,"Xiaomi TV A Pro 43"" QLED 2025",5,40990,204950,Brand Bazaar ,Happy Arcadia Shopping Malls ,8801711903044,,,,Self Delivery,,,0033 - Imran Hossain - DHK,,
Done,Apri25,15-Apr,Xiaomi TV A Pro 32 Inch,3,20990,62970,Brand Bazaar ,Happy Arcadia Shopping Malls ,8801711903044,,,,Self Delivery,,,0033 - Imran Hossain - DHK,,
Done,Apri25,16-Apr,Mi Smart Scale 2,3,2790,8370,Daraz,"Asfia Tower - 76, Road-11, Block-E,  Banani ",8801847420050,daraz,daraz,daraz,Self Delivery,daraz,0,E-Com,,
Done,Apri25,16-Apr,A2 18K VIOMI AC Split (Non-Inverter) 1.5 Ton,1,45000,45000,Mr.Vicky ,"House No- 63, satmosjid road, Dhaka (Oposit side of Abahani math) ",8801779199527,,,,Self Delivery,,0,B2C,,
Done,Apri25,16-Apr,"Xiaomi TV A Pro 43"" QLED 2025",5,40990,204950,Sony Bravia,70/A Stadium Market,8801624085992,,,,Self Delivery,,,0033 - Imran Hossain - DHK,,
Done,Apri25,16-Apr,"Xiaomi TV A 43"" FHD 2025",1,29990,29990,Biva ac bazar ,Sat rastar moor pubali bank er niche ,8801716446909,Nill,Nill,Nill,No Preference,,00,0031 - Adnan Billah,,
Done,Apri25,16-Apr,Redmi Note 14 Pro 5G 8/256GB,1,39000,39000,Digital Technology ,Ctg,8801916723706,,,,Sundarban,,,0025 - Imran Hossain - CTG,,
Done,Apri25,16-Apr,"Xiaomi TV A Pro 43"" QLED 2025",5,40690,203450,New Friends Electronics ,"Stadium 1 no gate, shop no - 29",8801817097172,,,,Self Delivery,,,0033 - Imran Hossain - DHK,,
Done,Apri25,16-Apr,"Xiaomi TV A Pro 65"" QLED 2025",1,85590,85590,N.B Electronics ,"Sholoshohor, Nasirabad, Chittagong",8801720189210,,,,Sundarban,Please ensure delivery within Tommorow.,00,0070 - Tamal Roy,Done,
Done,Apri25,16-Apr,Mi 23.8'' Desktop Monitor 1C,2,11000,22000,Bismillah World Technologies (BWT),"Dhanmoni 1, Dhaka","01919679255, 01956666777",,,,Self Delivery,,0,B2B,,
Done,Apri25,16-Apr,Mi Smart Air Fryer 3.5L,1,8990,8990,Star Tech & Engineering Limited,"6th floor, 28 Kazi Nazrul Islam Ave,Navana Zohura Square, Dhaka 1000.",8801709995415,,,,Self Delivery,,0,B2B,,
Done,Apri25,16-Apr,Xiaomi TV A Pro 32 Inch,6,20990,125940,Mollick electronics ,"Jibonnagar, Chuadanga ",8801726751146,,,,Sundarban,,,0026 - Ohidul Islam,,
Done,Apri25,16-Apr,"Xiaomi TV A Pro 43"" QLED 2025",1,40990,40990,Mollick electronics ,"Jibonnagar, Chuadanga ",8801726751146,,,,Sundarban,,,0026 - Ohidul Islam,,
Done,Apri25,16-Apr,"Xiaomi TV A Pro 43"" QLED 2025",3,40990,122970,Bj Electronics,Ctg,8801734640607,,,,Sundarban,,,0025 - Imran Hossain - CTG,,
Done,Apri25,16-Apr,"Xiaomi TV A Pro 43"" QLED 2025",1,40990,40990,Silver Water Technologies Bangladesh Limited,"9 KA/KHA, Level 5, Tejgaon Industrial Area, Tejgaon, Dhaka - 1215",8801715601888,,,,Self Delivery,,0,E-Com,,
Done,Apri25,16-Apr,Xiaomi Rechargeable Mini Fan,1,2690,2690,Silver Water Technologies Bangladesh Limited,"9 KA/KHA, Level 5, Tejgaon Industrial Area, Tejgaon, Dhaka - 1215",8801715601888,,,,Self Delivery,,0,E-Com,,
Done,Apri25,16-Apr,Xiaomi TV A Pro 32 Inch,5,20990,104950,Kenabecha electronics ,"Baneshwar Bazar, Puthia, Rajshahi ",8801731913708,,,,Sundarban,,150000,0019 - Hafizur Rahman,,
Done,Apri25,16-Apr,Mi Smart Scale 2,2,2490,4980,OnnoRokom Web Services Ltd,"2/1/E, Eden Center, Arambag, Motijheel, Dhaka-1000",8801708166273,,,,Self Delivery,,0,E-Com,,
Done,Apri25,16-Apr,Xiaomi Wireless Keyboard and Mouse Combo,2,1990,3980,OnnoRokom Web Services Ltd,"2/1/E, Eden Center, Arambag, Motijheel, Dhaka-1000",8801708166273,,,,Self Delivery,,0,E-Com,,
Done,Apri25,17-Apr,Xiaomi Rechargeable Mini Fan,1,2599,2599,Daraz,"Asfia Tower - 76, Road-11, Block-E,  Banani ",8801847420050,daraz,daraz,daraz,Self Delivery,daraz,0,E-Com,,
Done,Apri25,17-Apr,Mi Smart Scale 2,1,2790,2790,Daraz,"Asfia Tower - 76, Road-11, Block-E,  Banani ",8801847420050,daraz,daraz,daraz,Self Delivery,daraz,0,E-Com,,
Done,Apri25,17-Apr,"Xiaomi TV A Pro 43"" QLED 2025",3,40990,122970,Kailash electronics ,"Niloy 20,Chowhatta, Sylhet
Cell:01784-108836",8801303309817,,,,Sundarban,,122970,0094 - Shaharia Khan,,
Done,Apri25,17-Apr,"Xiaomi TV A Pro 55"" QLED 2025",1,64990,64990,Kailash electronics ,"Niloy 20,Chowhatta, Sylhet
Cell:01784-108836",8801303309817,,,,Sundarban,,64990,0094 - Shaharia Khan,,
Done,Apri25,17-Apr,"Xiaomi TV A Pro 65"" QLED 2025",1,85590,85590,Kailash electronics ,"Niloy 20,Chowhatta, Sylhet
Cell:01784-108836",8801303309817,,,,Sundarban,,85590,0094 - Shaharia Khan,Done,
Done,Apri25,17-Apr,"Xiaomi TV A Pro 75"" QLED 2025",1,135990,135990,Kailash electronics ,"Niloy 20,Chowhatta, Sylhet
Cell:01784-108836",8801303309817,,,,Sundarban,,,0094 - Shaharia Khan,Done,
Done,Apri25,17-Apr,Xiaomi TV A Pro 32 Inch,4,20990,83960,Kailash electronics ,"Niloy 20,Chowhatta, Sylhet
Cell:01784-108836",8801303309817,,,,Sundarban,,,0094 - Shaharia Khan,,
Done,Apri25,17-Apr,"Xiaomi TV A Pro 75"" QLED 2025",1,135990,135990,Brand Bazaar ,Happy Arcadia Shopping Malls ,8801711903044,,,,Self Delivery,,,0033 - Imran Hossain - DHK,Not Imposed,
Done,Apri25,17-Apr,"Xiaomi TV A Pro 65"" QLED 2025",1,85590,85590,Brand Bazaar ,Happy Arcadia Shopping Malls ,8801711903044,,,,Self Delivery,,,0033 - Imran Hossain - DHK,Not Imposed,
Done,Apri25,17-Apr,Xiaomi TV A 2025 65 Inch,2,77990,155980,Brand Bazaar ,Happy Arcadia Shopping Malls ,8801711903044,,,,Self Delivery,,,0033 - Imran Hossain - DHK,Not Imposed,
Done,Apri25,17-Apr,"Xiaomi TV A Pro 55"" QLED 2025",5,64990,324950,Brand Bazaar ,Happy Arcadia Shopping Malls ,8801711903044,,,,Self Delivery,,,0033 - Imran Hossain - DHK,,
Done,Apri25,17-Apr,Xiaomi TV A 2025 55 Inch,2,55990,111980,Brand Bazaar ,Happy Arcadia Shopping Malls ,8801711903044,,,,Self Delivery,,,0033 - Imran Hossain - DHK,,
Done,Apri25,17-Apr,"Xiaomi TV A Pro 43"" QLED 2025",10,40990,409900,Brand Bazaar ,Happy Arcadia Shopping Malls ,8801711903044,,,,Self Delivery,,,0033 - Imran Hossain - DHK,,
Done,Apri25,17-Apr,Xiaomi TV A Pro 32 Inch,10,20990,209900,Chowdhury Electronics ,Alpona Plaza ,8801785246248,,,,Self Delivery,,,0033 - Imran Hossain - DHK,,
Done,Apri25,17-Apr,Redmi Note 14 Pro 5G 8/256GB,1,39990,39990,SEBL Distribution,"House # 7, Road # 54/A, Gulshan-2, Dhaka-1212",8801708813783,,,,Self Delivery,,0,B2B,,
Done,Apri25,17-Apr,A2 12K VIOMI AC Split (Non-Inverter) 1 Ton,1,36000,36000,Rabab electronics,"Alpona Plaza, Elephant Road",8801719106660,,,,Self Delivery,,0,B2B,,
Done,Apri25,17-Apr,A2 18K VIOMI AC Split (Non-Inverter) 1.5 Ton,1,45000,45000,Rabab electronics,"Alpona Plaza, Elephant Road",8801719106660,,,,Self Delivery,,0,B2B,,
Done,Apri25,19-Apr,Mi Smart Scale 2,1,2790,2790,Daraz,"Asfia Tower - 76, Road-11, Block-E,  Banani ",8801847420050,daraz,daraz,daraz,Self Delivery,daraz,0,E-Com,,
Done,Apri25,19-Apr,Xiaomi Wireless Keyboard and Mouse Combo,2,1990,3980,Daraz,"Asfia Tower - 76, Road-11, Block-E,  Banani ",8801847420050,daraz,daraz,daraz,Self Delivery,daraz,0,E-Com,,
Done,Apri25,19-Apr,Mi Smart Air Fryer 3.5L,1,8990,8990,Daraz,"Asfia Tower - 76, Road-11, Block-E,  Banani ",8801847420050,daraz,daraz,daraz,Self Delivery,daraz,0,E-Com,,
Done,Apri25,19-Apr,Mi Motion-Activated Night Light 2,1,750,750,Daraz,"Asfia Tower - 76, Road-11, Block-E,  Banani ",8801847420050,daraz,daraz,daraz,Self Delivery,daraz,0,E-Com,,
Done,Apri25,19-Apr,Xiaomi TV A 2025 65 Inch,1,77990,77990,Success Computer and Engineers ,"Aloka Nodi Bangla complex, Rambabu Road, Mymensingh Sadar ",8801711682184,Bangladesh Institute of Peace Support  Operation Training(BIPSOT).Attn:Maj Ruhul,"Rajendrapur Cantonment, Rajendrapur.",01769032416,Self Pick,"Brother, the customer will receive the TV from our warehouse.",,0112 - Ahasanul Kabir,Not Imposed,
Done,Apri25,19-Apr,Xiaomi TV A Pro 32 Inch,2,20990,41980,Samsung Electronics Mart,"CB - 288, Tamanna Complex, Kochukhet, Dhaka",8801735025695,,,,Self Delivery,,,0035 - Md.Rejaul Islam Sujon,,
Done,Apri25,19-Apr,"Xiaomi TV A Pro 65"" QLED 2025",2,85590,171180,Sheba Electronics ,"Level: 2, London Plaza, Ajompur, Uttara",8801775311079,,,,Self Delivery,,,0035 - Md.Rejaul Islam Sujon,Not Imposed,
Done,Apri25,19-Apr,Xiaomi TV A 2025 55 Inch,2,55990,111980,Sumash Tech ,"Level 5, Shop no 108-111, Bashundhara City ",8801677477085,,,,Self Delivery,,,0033 - Imran Hossain - DHK,,
Done,Apri25,19-Apr,"Xiaomi TV A Pro 55"" QLED 2025",2,64990,129980,Sumash Tech ,"Level 5, Shop no 108-111, Bashundhara City ",8801677477085,,,,Self Delivery,,,0033 - Imran Hossain - DHK,,
Done,Apri25,19-Apr,"Xiaomi TV A Pro 43"" QLED 2025",10,37400,374000,Chowdhury Electronics ,Alpona Plaza ,8801785246248,,,,Self Delivery,,,0033 - Imran Hossain - DHK,,
Done,Apri25,19-Apr,Xiaomi TV A 2025 65 Inch,1,77990,77990,Kabir Ahmed,Self Pick,8801714203819,,,,Self Pick,"MD Sir Order
",,B2C,Not Imposed,
Done,Apri25,19-Apr,A2 12K VIOMI AC Split (Non-Inverter) 1 Ton,1,35000,35000,Md Miju,Bogra Sadar,8801711902843,,,,Self Pick,MD Sir Order,,B2C,,
Done,Apri25,19-Apr,A2 18K VIOMI AC Split (Non-Inverter) 1.5 Ton,5,41500,207500,FM Electronics ,Ctg,8801824946334,,,,Sundarban,Payment within the month. Approved from MD sir,,0025 - Imran Hossain - CTG,,
Done,Apri25,19-Apr,A2 18K VIOMI AC Split (Non-Inverter) 1.5 Ton,6,41500,249000,Bj Electronics,Ctg,8801734640607,,,,No Preference,Approved from MD sir,,0025 - Imran Hossain - CTG,,
Done,Apri25,19-Apr,A2 12K VIOMI AC Split (Non-Inverter) 1 Ton,2,33000,66000,Bj Electronics,Ctg,8801734640607,,,,No Preference,,,0025 - Imran Hossain - CTG,,
Done,Apri25,19-Apr,A2 24K VIOMI AC Split (Non-Inverter) 2 Ton,2,53000,106000,Bj Electronics,Ctg,8801734640607,,,,No Preference,,,0025 - Imran Hossain - CTG,,
Done,Apri25,19-Apr,Xiaomi TV A Pro 32 Inch,2,20990,41980,Techno Electronics ,Ctg,8801747079467,,,,No Preference,,,0025 - Imran Hossain - CTG,,
Done,Apri25,19-Apr,Xiaomi TV A 2025 55 Inch,1,55990,55990,Techno Electronics ,Ctg,8801747079467,,,,No Preference,,,0025 - Imran Hossain - CTG,,
Done,Apri25,20-Apr,Mi Smart Scale 2,1,2790,2790,Daraz,"Asfia Tower - 76, Road-11, Block-E,  Banani ",8801847420050,daraz,daraz,daraz,Self Delivery,daraz,0,E-Com,,
Done,Apri25,20-Apr,"Xiaomi TV A Pro 75"" QLED 2025",1,134000,134000,Mr. Ruhul Amin ,"Dautia, Kalampur, Damrai 
Dhaka",8801704329784,,,,Self Delivery,,,0035 - Md.Rejaul Islam Sujon,Not Imposed,
Done,Apri25,20-Apr,Xiaomi TV A2 43 Inch,1,36000,36000,Niru Miya,Pick from Amaya WH,N/A,,,,Self Delivery,,0,B2C,,
Done,Apri25,20-Apr,A2 18K VIOMI AC Split (Non-Inverter) 1.5 Ton,4,41500,166000,Techno Electronics ,Ctg,880174707 9467,,,,No Preference,,,0025 - Imran Hossain - CTG,,
Done,Apri25,20-Apr,"Xiaomi TV A Pro 43"" QLED 2025",3,40990,122970,M/S Kumarkhali Electronics ,"Dayarampur Bazar, Bagatipara, Natore",8801724889445,,,,Sundarban,,122970,0019 - Hafizur Rahman,,
Done,Apri25,20-Apr,A2 24K VIOMI AC Split (Non-Inverter) 2 Ton,1,53000,53000,Techno Electronics ,Ctg,0,,,,No Preference,,,0025 - Imran Hossain - CTG,,
Done,Apri25,20-Apr,A2 12K VIOMI AC Split (Non-Inverter) 1 Ton,1,33000,33000,Techno Electronics ,Ctg,0,,,,No Preference,,,0025 - Imran Hossain - CTG,,
Done,Apri25,20-Apr,Redmi Note 14 Pro+ 5G 12/512GB,3,49900,149700,MI RD Arafat Traders ,"Sultanabad,new market, Sadar Rajshahi ",8801747104626,,,,Sundarban,,,0019 - Hafizur Rahman,,
Done,Apri25,20-Apr,Xiaomi TV A Pro 32 Inch,5,20990,104950,Alhamdulillah Electronics ,Ctg,8801818917168,,,,No Preference,,,0025 - Imran Hossain - CTG,,
Done,Apri25,20-Apr,"Xiaomi TV A Pro 43"" QLED 2025",2,40990,81980,Alhamdulillah Electronics ,Ctg,8801818917168,,,,No Preference,,,0025 - Imran Hossain - CTG,,
Done,Apri25,20-Apr,Xiaomi TV A 2025 55 Inch,1,55990,55990,Alhamdulillah Electronics ,Ctg,8801818917168,,,,No Preference,,,0025 - Imran Hossain - CTG,,
Done,Apri25,20-Apr,A2 18K VIOMI AC Split (Non-Inverter) 1.5 Ton,1,45000,45000,The Grand Terrace,"(Shinepukur), 45, New Eskaton  Building No .B       
Flat No 602, Besides Beam Foundation",8801710612900,,,,No Preference,Md sir order,0,B2C,,
Done,Apri25,21-Apr,Xiaomi Rechargeable Mini Fan,1,2599,2599,Daraz,"Asfia Tower - 76, Road-11, Block-E,  Banani ",8801847420050,daraz,daraz,daraz,Self Delivery,daraz,0,E-Com,,
Done,Apri25,21-Apr,Redmi Note 14 Pro 5G 8/256GB,2,39000,78000,Skynet Mobile,Khandaker haq tower ,8801819488949,,,,Sundarban,Both colour ,,0094 - Shaharia Khan,,
Done,Apri25,21-Apr,Redmi Note 14 Pro+ 5G 12/512GB,2,49900,99800,Skynet Nobile ,"Khandaker haq tower, khandirpar Cumilla sadar",8801819488949,,,,Sundarban,,,0094 - Shaharia Khan,,
Done,Apri25,21-Apr,"Xiaomi TV A Pro 75"" QLED 2025",1,135990,135990,Sheba Electronics ,"London Plaza, Level: 2, Uttara, Ajompur ",8801775311079,,,,Self Delivery,,,0035 - Md.Rejaul Islam Sujon,Not Imposed,
Done,Apri25,21-Apr,Xiaomi TV A Pro 32 Inch,2,20990,41980,Digital Technology ,Ctg,8801916723706,,,,Sundarban,,,0025 - Imran Hossain - CTG,,
Done,Apri25,21-Apr,"Xiaomi TV A Pro 43"" QLED 2025",1,40990,40990,Digital Technology ,Ctg,8801916723706,,,,Sundarban,,,0025 - Imran Hossain - CTG,,
Done,Apri25,21-Apr,A2 18K VIOMI AC Split (Non-Inverter) 1.5 Ton,3,41500,124500,Real Collection & Electronics ,"Lichubagan,Rangunia,Ctg",8801842878841,,,,No Preference,,,0025 - Imran Hossain - CTG,,
Done,Apri25,21-Apr,A2 12K VIOMI AC Split (Non-Inverter) 1 Ton,2,33000,66000,Real Collection & Electronics ,Ctg,0,,,,No Preference,,,0025 - Imran Hossain - CTG,,
Done,Apri25,21-Apr,Xiaomi Wireless Keyboard and Mouse Combo,1,1990,1990,Daraz,"Asfia Tower - 76, Road-11, Block-E,  Banani ",8801847420050,,,,Self Delivery,,0,E-Com,,
Done,Apri25,21-Apr,Mi Smart Air Fryer 3.5L,2,0,0,Eid-ul-Fitre Eid Gift - 2025,0,0,,,,Self Delivery,,0,B2B,,
Done,Apri25,21-Apr,Redmi Buds 3 Pro,5,0,0,Eid-ul-Fitre Eid Gift - 2025,0,0,,,,No Preference,,0,B2B,,
Done,Apri25,21-Apr,Mi Dual Mode Wireless Mouse Silent Edition,12,0,0,Eid-ul-Fitre Eid Gift - 2025,0,0,,,,Self Delivery,,0,B2B,,
Done,Apri25,21-Apr,Mi Jumbo Gel Ink Pen,4,0,0,Eid-ul-Fitre Eid Gift - 2025,0,0,,,,Self Delivery,,0,B2B,,
Done,Apri25,21-Apr,Xiaomi Wireless Keyboard and Mouse Combo,5,0,0,Eid-ul-Fitre Eid Gift - 2025,0,0,,,,No Preference,,1,B2B,,
Done,Apri25,21-Apr,Mi Smart Scale 2,5,0,0,Eid-ul-Fitre Eid Gift - 2025,0,0,,,,Self Delivery,,0,B2B,,
Done,Apri25,22-Apr,Xiaomi TV A2 43 Inch,1,28000,28000,Mr. Anwar,"Kanarchar, Dhaka",N/A,,,,Self Delivery,,0,B2B,,
Done,Apri25,22-Apr,"Xiaomi TV A Pro 43"" QLED 2025",2,40990,81980,Silver Water Technologies Bangladesh Limited,"9 KA/KHA, Level 5, Tejgaon Industrial Area, Tejgaon, Dhaka - 1215",8801715601888,,,,Self Delivery,,0,E-Com,,
Done,Apri25,22-Apr,Xiaomi TV A Pro 32 Inch,10,19990,199900,Jhahidul Electronics ,"Kanchon Bazar, Rupganj ",8801716738591,,,,No Preference,,205000,0117 - Mohosin Lasker,,
Done,Apri25,22-Apr,Redmi Note 14 Pro+ 5G 12/512GB,1,49900,49900,Mi Store (Rafsan Telecom),"Shop: 43, Level: 2, Shah Ali Plaza, Mirpur 10",8801876706910,,,,Self Delivery,,,0035 - Md.Rejaul Islam Sujon,,
Done,Apri25,22-Apr,Xiaomi TV A 2025 55 Inch,1,55990,55990,Mi smart home,"Ground floor, Somobay market, Feni",8801711765235,,,,Sundarban,,,0124 - Fakhrul Islam Rahi,,
Done,Apri25,22-Apr,Xiaomi TV A Pro 32 Inch,2,20990,41980,Jishan electronics ,"Commercial Area, Habiganj sadar, Kalibari road ",8801717932493,,,,Sundarban,,,0094 - Shaharia Khan,,
Done,Apri25,23-Apr,"Xiaomi TV A Pro 43"" QLED 2025",1,43956,43956,Daraz,"Asfia Tower - 76, Road-11, Block-E,  Banani ",8801847420050,daraz,daraz,daraz,Self Delivery,daraz,0,E-Com,,
Done,Apri25,23-Apr,"Xiaomi TV A Pro 43"" QLED 2025",2,40990,81980,Digital Square ,"7, Darus Salam Road, Mirpur 1, Dhaka.",8801712992828,,,,Self Delivery,,,0035 - Md.Rejaul Islam Sujon,,
Done,Apri25,23-Apr,Xiaomi TV A Pro 32 Inch,2,20990,41980,Digital Square ,"7, Darus Salam Road, Mirpur 1, Dhaka.",8801712992828,,,,Self Delivery,,,0035 - Md.Rejaul Islam Sujon,,
Done,Apri25,23-Apr,"Xiaomi TV A Pro 55"" QLED 2025",1,64000,64000,Star Tech & Engineering Limited,"th floor, 28 Kazi Nazrul Islam Ave,Navana Zohura Square, Dhaka 1000.",8801709995415,,New Elephant Road Multiplan Center Lavel 13 Shop no 1304,,No Preference,,0,B2B,,
Done,Apri25,23-Apr,Xiaomi Rechargeable Mini Fan,1,2690,2690,Silver Water Technologies Bangladesh Limited,"9 KA/KHA, Level 5, Tejgaon Industrial Area, Tejgaon, Dhaka - 1215",8801715601888,,,,Self Delivery,,0,E-Com,,
Done,Apri25,23-Apr,"Xiaomi TV A Pro 75"" QLED 2025",1,135990,135990,Tech City,Shimanto Square ,8801709651931,"BGB Sector Head Quarter, Rangamati ","BGB Sector Head Quarter, Rangamati",01669611222,Self Delivery,,,0033 - Imran Hossain - DHK,Not Imposed,
Done,Apri25,23-Apr,A2 24K VIOMI AC Split (Non-Inverter) 2 Ton,1,58000,58000,Success computer & engineers ,"Aloka Nodi Bangla complex, Rambabu Road, Mymensingh Sadar. ",8801711682184,Static Signal Coy Shaheed Salahuddin Cantonment  Ghatail , Shaheed Salahuddin Cantonment  Ghatail ,1769194466,Sundarban,Bhai ensure home delivery. ,,0112 - Ahasanul Kabir,,
Done,Apri25,23-Apr,A2 24K VIOMI AC Split (Non-Inverter) 2 Ton,1,58000,58000,Success computer & engineers ,"Aloka Nodi Bangla complex, Rambabu Road, Mymensingh Sadar. ",8801711682184,,,,Sundarban,Ensure home delivery. ,,0112 - Ahasanul Kabir,,
Done,Apri25,23-Apr,Redmi Note 14 Pro+ 5G 12/512GB,1,49900,49900,gadget infinity ,Garikhana Jessore ,01911606933,Nill,Nill,Nill,Sundarban,,00,0031 - Adnan Billah,,
Done,Apri25,23-Apr,Xiaomi TV A Pro 32 Inch,1,20990,20990,Munshiganj IT,"Shop: 117, Somobay New Market, Chasara, Narayanganj ",01979999722,,,,No Preference,,76980,0117 - Mohosin Lasker,,
Done,Apri25,23-Apr,Xiaomi TV A 2025 55 Inch,1,55990,55990,Munshiganj IT ,"Shop: 117, Somobay New Market, Chasara, Narayanganj",01979999722,,,,No Preference,,76980,0117 - Mohosin Lasker,,
Done,Apri25,24-Apr,"Xiaomi TV A Pro 43"" QLED 2025",10,39990,399900,Tech Land ,"Multiplan, level 13",8801647538526,,,,Self Delivery,,,0033 - Imran Hossain - DHK,,
Done,Apri25,24-Apr,"Xiaomi TV A Pro 65"" QLED 2025",1,84590,84590,Tech Land ,"Multiplan, level 13",8801647538526,,,,Self Delivery,,,0033 - Imran Hossain - DHK,Not Imposed,
Done,Apri25,24-Apr,Mi Smart Scale 2,1,2690,2690,Washik Muhammad Istiaq Ezaz,"Teacher, Department of Law, Independent University, Bangladesh.",8801716245562,,,,Self Delivery,,0,B2C,,
Done,Apri25,24-Apr,"Xiaomi TV A Pro 65"" QLED 2025",1,85590,85590,Amin Electronics ,"Shop: 2, Level: 2, Omar Shahjahan Tower, Ajompur Railgate, Uttara",8801908668577,,,,Self Delivery,,,0035 - Md.Rejaul Islam Sujon,Not Imposed,
Done,Apri25,24-Apr,"Xiaomi TV A Pro 75"" QLED 2025",1,135990,135990,Amin Electronics ,Uttara,8801908668577,,,,Self Delivery,,,0035 - Md.Rejaul Islam Sujon,Not Imposed,
Done,Apri25,24-Apr,Xiaomi TV A Pro 32 Inch,3,20990,62970,Amin Electronics ,Uttara,8801908668577,,,,Self Delivery,,,0035 - Md.Rejaul Islam Sujon,,
Done,Apri25,24-Apr,Redmi Note 14 Pro 5G 8/256GB,10,38500,385000,Dx Tel,"PC Garden, (5th Floor), Flat No-5/A, 20-21, Garden Road,Kawran Bazar Lane,; Tejgaon PS; Dhaka-1215; Bangladesh",8801708813798,,,,Self Delivery,,0,B2B,,
Done,Apri25,24-Apr,A2 18K VIOMI AC Split (Non-Inverter) 1.5 Ton,1,45000,45000,S S Traders,Rajshahi,8801711504879,Care & Cure Medical services,"Care & Cure Medical services, Sadar Hospital Road, Chuadanga.",01785867716,No Preference,,,B2C,,
Done,Apri25,24-Apr,A2 24K VIOMI AC Split (Non-Inverter) 2 Ton,1,58000,58000,S S Traders , Rajshahi ,8801711504879,Care & Cure Medical services,"Care & Cure Medical services, Sadar Hospital Road, Chuadanga",01785867716,No Preference,,,B2C,,
Done,Apri25,24-Apr,A2 12K VIOMI AC Split (Non-Inverter) 1 Ton,5,33000,165000,Chowdhury Electronics ,Alpona Plaza ,8801785246248,,,,Self Delivery,,,0033 - Imran Hossain - DHK,,
Done,Apri25,24-Apr,A2 18K VIOMI AC Split (Non-Inverter) 1.5 Ton,10,41500,415000,Chowdhury Electronics ,Alpona Plaza ,8801785246248,,,,Self Delivery,,,0033 - Imran Hossain - DHK,,
Done,Apri25,24-Apr,A2 24K VIOMI AC Split (Non-Inverter) 2 Ton,5,53000,265000,Chowdhury Electronics ,Alpona Plaza ,8801785246248,,,,Self Delivery,,,0033 - Imran Hossain - DHK,,
Done,Apri25,24-Apr,"Xiaomi TV A Pro 55"" QLED 2025",5,61200,306000,Chowdhury Electronics ,Alpona Plaza ,8801785246248,,,,Self Delivery,,,0033 - Imran Hossain - DHK,,
Done,Apri25,24-Apr,Xiaomi TV A 2025 55 Inch,5,53500,267500,Chowdhury Electronics ,Alpona Plaza ,8801785246248,,,,Self Delivery,,,0033 - Imran Hossain - DHK,,
Done,Apri25,24-Apr,Xiaomi TV A 2025 55 Inch,1,55990,55990,FM Electronics ,Ctg,8801824946334,New Japan Electronics ,"Stadium,Cumilla Sadar",+880 17 1139 2790,No Preference,,,0025 - Imran Hossain - CTG,,
Done,Apri25,24-Apr,"Xiaomi TV A Pro 55"" QLED 2025",1,64990,64990,FM Electronics ,Ctg,8801824946334,New Japan Electronics ,"Stadium Market,Cumilla ",+880 17 1139 2790,No Preference,,,0025 - Imran Hossain - CTG,,
Done,Apri25,24-Apr,Xiaomi TV A 2025 65 Inch,1,77990,77990,FM Electronics ,Ctg,8801824946334,New Japan Electronics ,"Stadium Market,Cumilla ",+880 17 1139 2790,No Preference,,,0025 - Imran Hossain - CTG,Not Imposed,
Cancelation,Apri25,24-Apr,Xiaomi Smart Air Fryer Pro 4L,,8000,0,Esha Electronics ,"Shah Amanat City Corporation Super Market (1st Floor), Jubilee Road, Chittagong",8801716548281,,,,Sundarban,,00,0070 - Tamal Roy,,
Done,Apri25,24-Apr,A2 18K VIOMI AC Split (Non-Inverter) 1.5 Ton,3,43500,130500,Moon Electronics ,"Arambaria, Ishwardi, Pabna.",880 1744394909,,,,Sundarban,,100000,0019 - Hafizur Rahman,,
Done,Apri25,24-Apr,A2 12K VIOMI AC Split (Non-Inverter) 1 Ton,1,35000,35000,Moon Electronics ,"Arambaria Bazar, Ishwardi, Pabna.",880 1744394909,,,,Sundarban,,100000,0019 - Hafizur Rahman,,
Done,Apri25,24-Apr,A2 24K VIOMI AC Split (Non-Inverter) 2 Ton,1,55500,55500,Moon Electronics ,"Arambaria Bazar, Ishwardi, Pabna",880 1744394909,,,,Sundarban,,100000,0019 - Hafizur Rahman,,
Done,Apri25,26-Apr,Redmi Note 14 Pro 5G 8/256GB,1,39000,39000,"Mi Store, Bina Electronics ","Shapla Chottor, Khagrachari Sadar, Chittagong.",8801882192212,,,,AJR,Colour : Black,00,0070 - Tamal Roy,,
Done,Apri25,26-Apr,Mi Smart Scale 2,1,2790,2790,Daraz,"Asfia Tower - 76, Road-11, Block-E,  Banani ",8801847420050,daraz,daraz,daraz,Self Delivery,daraz,0,E-Com,,
Done,Apri25,26-Apr,Xiaomi Air Fryer 6L,1,11990,11990,Daraz,"Asfia Tower - 76, Road-11, Block-E,  Banani ",8801847420050,daraz,daraz,daraz,Self Delivery,daraz,0,E-Com,,
Done,Apri25,26-Apr,Mi Dual Mode Wireless Mouse Silent Edition,1,990,990,Daraz,"Asfia Tower - 76, Road-11, Block-E,  Banani ",8801847420050,daraz,daraz,daraz,Self Delivery,daraz,0,E-Com,,
Done,Apri25,26-Apr,Xiaomi Wireless Keyboard and Mouse Combo,,,0,Daraz,"Asfia Tower - 76, Road-11, Block-E,  Banani ",8801847420050,daraz,daraz,daraz,Self Delivery,daraz,0,E-Com,,
Done,Apri25,26-Apr,"Xiaomi TV A Pro 43"" QLED 2025",1,40000,40000,DX Distribution Ltd ,"54A, House - 07, Gulshan - 2, Dhaka - 1212",8801708464166,,,,Self Delivery,,0,B2B,,
Done,Apri25,26-Apr,Mi Dual Mode Wireless Mouse Silent Edition,1,990,990,Robishop,"FlingEx Warehouse. 159/C Tejgaon Industrial Area, Dhaka, Bangladesh.",8801833623322,,,,Self Delivery,,0,E-Com,,
Done,Apri25,26-Apr,Xiaomi TV A Pro 32 Inch,7,20990,146930,Star Tech & Engineering Limited,"6th floor, 28 Kazi Nazrul Islam Ave,Navana Zohura Square, Dhaka 1000.",8801709995415,,,,Self Delivery,,0,B2B,,
Done,Apri25,26-Apr,"Xiaomi TV A Pro 55"" QLED 2025",2,64000,128000,Star Tech & Engineering Limited,"6th floor, 28 Kazi Nazrul Islam Ave,Navana Zohura Square, Dhaka 1000.",8801709995415,,,,Self Delivery,,0,B2B,,
Done,Apri25,26-Apr,Xiaomi TV A 2025 65 Inch,5,77000,385000,Star Tech & Engineering Limited,"6th floor, 28 Kazi Nazrul Islam Ave,Navana Zohura Square, Dhaka 1000.",8801709995415,,,,Self Delivery,,0,B2B,Not Imposed,
Done,Apri25,26-Apr,A2 12K VIOMI AC Split (Non-Inverter) 1 Ton,1,34000,34000,AK electronics ,"College road, Basurhat ",8801818294390,,,,Sundarban,,38000,0124 - Fakhrul Islam Rahi,,
Done,Apri25,26-Apr,"Xiaomi TV A Pro 65"" QLED 2025",1,84500,84500,Star Tech & Engineering Limited,"6th floor, 28 Kazi Nazrul Islam Ave,Navana Zohura Square, Dhaka 1000.",8801709995415,,,,Self Delivery,,0,B2B,Not Imposed,
Done,Apri25,26-Apr,"Xiaomi TV A Pro 75"" QLED 2025",1,135990,135990,Rango Electronics ,Badda,8801798565001,Tania Nusrat,"House: 282/2, Ainusbag Shahi Masjid Road, Dokkhinkhan, (Opposite of KC Hospital)",01625256174,Self Delivery,,,0035 - Md.Rejaul Islam Sujon,Not Imposed,
Done,Apri25,26-Apr,Xiaomi TV A Pro 32 Inch,1,21000,21000,Mi smart home ,Somobay market -3 ground floor Feni sadar. ,8801819046155,,,+8801819046155,Sundarban,,,0124 - Fakhrul Islam Rahi,,
Done,Apri25,26-Apr,Mi Dual Mode Wireless Mouse Silent Edition,2,0,0,Eid-ul-Fitre Eid Gift - 2025,Amaya HQ,N/A,,,,Self Delivery,,0,B2C,,Sujon Bhai
Done,Apri25,26-Apr,Xiaomi TV A Pro 32 Inch,1,21000,21000,Mi Smart Home ,Somobay market Feni -3 Ground floor ,8801819046155,,,,Sundarban,emergency delivery. ,,0124 - Fakhrul Islam Rahi,,
Done,Apri25,27-Apr,Mi Smart Scale 2,1,2790,2790,Daraz,"Asfia Tower - 76, Road-11, Block-E,  Banani ",8801847420050,daraz,daraz,daraz,Self Delivery,daraz,0,E-Com,,
Done,Apri25,27-Apr,Xiaomi Rechargeable Mini Fan,1,2599,2599,Daraz,"Asfia Tower - 76, Road-11, Block-E,  Banani ",8801847420050,daraz,daraz,daraz,Self Delivery,daraz,0,E-Com,,
Done,Apri25,27-Apr,"Xiaomi TV A Pro 43"" QLED 2025",1,40990,40990,Amin Electronics ,"Shop: 2, Level: 2, Omar Shahjahan Tower, Ajompur Railgate, Uttara",8801908668577,,,,Self Delivery,,,0035 - Md.Rejaul Islam Sujon,,
Done,Apri25,27-Apr,A2 18K VIOMI AC Split (Non-Inverter) 1.5 Ton,1,45000,45000,Success computer & engineers ,"Aloka Nodi Bangla complex, Mymensingh Sadar ",8801711682184,"Lt COL Zerin, Attn-Swo Johurul Islam","703 Medium Wksp,Dhaka Cantonment,Dhaka.",+880 1305-639647,Self Delivery,COD,,0112 - Ahasanul Kabir,,
Done,Apri25,27-Apr,A2 12K VIOMI AC Split (Non-Inverter) 1 Ton,1,36000,36000,Chowdhury Electronics ,Alpona Plaza ,8801785246248,amarshopping.com,,8801765305025,Self Pick,,,0033 - Imran Hossain - DHK,,
Done,Apri25,27-Apr,A2 18K VIOMI AC Split (Non-Inverter) 1.5 Ton,1,45000,45000,Sharmen Sultana,Bogura Sadar,8801711290683,,,,Self Delivery,,0,B2C,,
Done,Apri25,27-Apr,Xiaomi TV A Pro 32 Inch,7,20990,146930,Kokomo Sunset Resort,"House #93/3 Road#8, Block #C Apt 6B , Nikathon, Dhakha.",8801739372585,,,,Self Delivery,,0,B2B,,
Done,Apri25,27-Apr,Xiaomi TV A Pro 32 Inch,5,20990,104950,RA Electronics ,"Century Market (2nd Floor) Biswaroad, Baroiyarhat, Chittagong.",8801822224455,,,,Sundarban,,00,0070 - Tamal Roy,,
Done,Apri25,27-Apr,A2 24K VIOMI AC Split (Non-Inverter) 2 Ton,2,54500,109000,M/S Shiraz & Co,"505, Alauddin tower, Garikhana Road, sador, Jashore",8801978939342,Na,Na,Na,No Preference,,00,0126 - Ashik Sardar,,
Done,Apri25,28-Apr,A2 12K VIOMI AC Split (Non-Inverter) 1 Ton,4,33000,132000,Electronics Bangladesh,"2nd Floor (Shopno Building), Matikata Bazar, ECB Chattar, Dhaka",8801715601888,,,,Self Delivery,,,0035 - Md.Rejaul Islam Sujon,,
Done,Apri25,28-Apr,A2 18K VIOMI AC Split (Non-Inverter) 1.5 Ton,9,41500,373500,Electronics Bangladesh,"2nd Floor (Shopno Building), Matikata Bazar, ECB Chattar, Dhaka",8801715601888,,,,Self Delivery,,,0035 - Md.Rejaul Islam Sujon,,
Done,Apri25,28-Apr,A2 24K VIOMI AC Split (Non-Inverter) 2 Ton,2,53000,106000,Electronics Bangladesh,"2nd Floor (Shopno Building), Matikata Bazar, ECB Chattar, Dhaka",8801715601888,,,,Self Delivery,,,0035 - Md.Rejaul Islam Sujon,,
Done,Apri25,28-Apr,Mi Smart Scale 2,3,2790,8370,Daraz,"Asfia Tower - 76, Road-11, Block-E,  Banani ",8801847420050,daraz,daraz,daraz,Self Delivery,daraz,0,E-Com,,
Done,Apri25,28-Apr,A2 18K VIOMI AC Split (Non-Inverter) 1.5 Ton,5,42500,212500,Shafin Enterprise ,"Ekota Super Market 4th floor , Modonpur ,Bandor ",8801902604413,,,,No Preference,,0,0117 - Mohosin Lasker,,
Done,Apri25,28-Apr,Xiaomi TV A Pro 32 Inch,2,20990,41980,City Electronics ,"Khalibari more, B,baria sadar, Brahmanbaria ",8801711388657,,,,Sundarban,,,0094 - Shaharia Khan,,
Done,Apri25,28-Apr,"Xiaomi TV A Pro 43"" QLED 2025",5,40690,203450,New Friends Electronics ,"Stadium 1 no gate, shop no 29",8801817097172,,,,Self Delivery,,,0033 - Imran Hossain - DHK,,
Done,Apri25,28-Apr,"Xiaomi TV A Pro 43"" QLED 2025",1,40990,40990,City Electronics ,"Khalibari more, B,baria sadar ",8801711388657,,,,Sundarban,,,0094 - Shaharia Khan,,
Done,Apri25,28-Apr,Redmi Note 14 Pro+ 5G 12/512GB,1,49990,49990,Mi store Mobi City,"Morshed alam complex,Chowmuhony,Noakhali",8801909980444,,,,Sundarban,,,0124 - Fakhrul Islam Rahi,,
Done,Apri25,28-Apr,Redmi Note 14 Pro 5G 8/256GB,2,39000,78000,Mi store Mobi City,"Morshed alam complex,Chowmuhony,Noakhali",8801909980444,,,,Sundarban,,,0124 - Fakhrul Islam Rahi,,
Done,Apri25,29-Apr,A2 12K VIOMI AC Split (Non-Inverter) 1 Ton,1,39789,39789,Daraz,"Asfia Tower - 76, Road-11, Block-E,  Banani ",8801847420050,daraz,daraz,daraz,Self Delivery,daraz,0,E-Com,,
Done,Apri25,29-Apr,Mi Dual Mode Wireless Mouse Silent Edition,1,990,990,Daraz,"Asfia Tower - 76, Road-11, Block-E,  Banani ",8801847420050,daraz,daraz,daraz,Self Delivery,daraz,0,E-Com,,
Done,Apri25,29-Apr,Mi Smart Air Fryer 3.5L,1,8990,8990,Star Tech & Engineering Limited,"6th floor, 28 Kazi Nazrul Islam Ave,Navana Zohura Square, Dhaka 1000.",8801709995415,Star Tech & Engineering Limited - Chattogram Branch,"Agrabad, Chattogram",8801709995407,Self Delivery,,0,B2B,,
Done,Apri25,29-Apr,"Xiaomi TV A Pro 43"" QLED 2025",1,40990,40990,"Mi Store, Smart Cafe","City Corporation Market, New Market Circle, Chittagong ",8801677009456,,,,Sundarban,,00,0070 - Tamal Roy,,
Done,Apri25,29-Apr,Xiaomi Rechargeable Mini Fan,1,2500,2500,Tamal Roy,"Shop No-438, 4th Floor, Sanmar Ocean City, Nasirabad, Chittagong.",8801789907114,,,,Sundarban,,00,0070 - Tamal Roy,,
Done,Apri25,29-Apr,Redmi Note 14 Pro+ 5G 12/512GB,1,49900,49900,Best one exclusive ,"Mohipal Plaza, Feni sadar. ",8801943731794,,,,Sundarban,,,0124 - Fakhrul Islam Rahi,,
Done,Apri25,29-Apr,Redmi Note 14 Pro 5G 8/256GB,1,39000,39000,Mr Kholil,"Saintmartin Bus Counter,Bus station,Bandarban ",8801689337165,,,,Sundarban,Purple Color,,0025 - Imran Hossain - CTG,,
Done,Apri25,29-Apr,Xiaomi TV A Pro 32 Inch,4,20990,83960,Haider Electronics,"Maijdee,Noakhali",8801711103033,,,,Sundarban,Approved from MD sir,,0124 - Fakhrul Islam Rahi,,
Done,Apri25,29-Apr,Xiaomi TV A 2025 55 Inch,1,55990,55990,Haider Electronics,"Maijdee,Noakhali",8801711103033,,,,Sundarban,,,0124 - Fakhrul Islam Rahi,,
Done,Apri25,29-Apr,Xiaomi TV A Pro 32 Inch,3,20990,62970,Badol Electronics,"Maijdee,Noakhali",8801712862731,,,,Sundarban,,,0124 - Fakhrul Islam Rahi,,
Done,Apri25,29-Apr,"Xiaomi TV A Pro 43"" QLED 2025",1,40990,40990,Badol Electronics,"Maijdee,Noakhali ",8801712862731,,,,Sundarban,,,0124 - Fakhrul Islam Rahi,,
Done,Apri25,29-Apr,Mi Smart Scale 2,1,2300,2300,Mujib Bhai (Xiaomi Employee),"Concord Silvy, Plot # CWS(A, 11A Gulshan Ave, Dhaka 1212 (Mi Bangladesh office)",8801707865261,,,,Self Delivery,,0,B2C,,
Done,Apri25,29-Apr,Xiaomi TV A Pro 32 Inch,6,20990,125940,National Traders,"Alipur,Faridpur ",8801720976868,,,,Sundarban,,,0026 - Ohidul Islam,,
Done,Apri25,29-Apr,Mi Smart Scale 2,1,2490,2490,OnnoRokom Web Services Ltd,"2/1/E, Eden Center, Arambag, Motijheel, Dhaka-1000",8801708166273,,,,Self Delivery,,0,E-Com,,
Done,Apri25,29-Apr,Mi Electric Shaver S500,1,4490,4490,OnnoRokom Web Services Ltd,"2/1/E, Eden Center, Arambag, Motijheel, Dhaka-1000",8801708166273,,,,Self Delivery,,0,E-Com,,
Done,Apri25,29-Apr,Xiaomi TV A Pro 32 Inch,1,21390,21390,SALEXTRA LIMITED,"Noboshristo Plot No: 9KA/KHA Level 6, Tejgaon Industrial Area, Tejgaon, Dhaka",8801841690005,Shamima,"Aarong Centre 346, Tejgaon Industrial Area, Dhaka-1208",8801729838583,Self Delivery,,0,E-Com,,
Done,Apri25,30-Apr,A2 18K VIOMI AC Split (Non-Inverter) 1.5 Ton,1,42500,42500,M/S Nurul Enterprise,Sohrawardi College Banorgati Khulna ,8801923404406,Nill,Nill,Nill,Sundarban,,00,0031 - Adnan Billah,,
Done,Apri25,30-Apr,A2 24K VIOMI AC Split (Non-Inverter) 2 Ton,1,54500,54500,M/S Nurul Enterprise,Sohrawardi College Banorgati Khulna ,8801923404406,Nill,Nill,Nill,Sundarban,,00,0031 - Adnan Billah,,
Done,Apri25,30-Apr,Xiaomi Wireless Keyboard and Mouse Combo,1,1990,1990,Daraz,"Asfia Tower - 76, Road-11, Block-E,  Banani ",8801847420050,daraz,daraz,daraz,Self Delivery,daraz,0,E-Com,,
Done,Apri25,30-Apr,Mi 23.8'' Desktop Monitor 1C,1,10990,10990,Daraz,"Asfia Tower - 76, Road-11, Block-E,  Banani ",8801847420050,daraz,daraz,daraz,Self Delivery,daraz,0,E-Com,,
Done,Apri25,30-Apr,"Xiaomi TV A Pro 55"" QLED 2025",1,64990,64990,Amin Electronics ,"Shop: 2, Level: 2, Omar Shahjahan Tower, Ajompur Railgate, Uttara",8801908668577,,,,Self Delivery,,,0035 - Md.Rejaul Islam Sujon,,
Done,Apri25,30-Apr,"Xiaomi TV A Pro 43"" QLED 2025",1,41000,41000,Jakir,"Ground floor, Shakura Market, Opposite of Sheraton Hotel, Dhaka",8801716490750,,,,Self Delivery,,0,B2C,,
Done,Apri25,30-Apr,Xiaomi TV A Pro 32 Inch,1,20990,20990,UB Electronics ,"House- 04, Road- 17, Sector- 13, Uttara, Dhaka- 1230",8801866222090,,,,Self Delivery,,,0035 - Md.Rejaul Islam Sujon,,
Done,Apri25,30-Apr,"Xiaomi TV A Pro 43"" QLED 2025",2,40990,81980,UB Electronics ,"House- 04, Road- 17, Sector- 13, Uttara, Dhaka- 1230",8801866222090,,,,Self Delivery,,,0035 - Md.Rejaul Islam Sujon,,
Done,Apri25,30-Apr,"Xiaomi TV A Pro 65"" QLED 2025",5,80700,403500,Chowdhury Electronics ,Alpona Plaza ,8801785246248,,,,Self Delivery,,,0033 - Imran Hossain - DHK,Not Imposed,
Done,Apri25,30-Apr,Xiaomi TV A Pro 32 Inch,10,19990,199900,Chowdhury Electronics ,Alpona Plaza ,8801785246248,,,,Self Delivery,,,0033 - Imran Hossain - DHK,,
Done,Apri25,30-Apr,Xiaomi TV A Pro 32 Inch,5,20990,104950,Shohan Electronics ,Hard metal gallery Dakbangla Khulna ,8801726728024,Nill,Nill,Nill,AJR,,00,0031 - Adnan Billah,,
Done,Apri25,30-Apr,"Xiaomi TV A Pro 43"" QLED 2025",3,40990,122970,Smart home appliance,"Alipur, sadar,Faridpur ",8801318300516,,,,Sundarban,,,0026 - Ohidul Islam,,
Done,Apri25,30-Apr,Xiaomi TV A 2025 55 Inch,2,55990,111980,Smart home appliance ,"Alipur, sadar,Faridpur ",8801318300516,,,,Sundarban,,,0026 - Ohidul Islam,,
Done,Apri25,30-Apr,A2 18K VIOMI AC Split (Non-Inverter) 1.5 Ton,2,45000,90000,Bismillah World Technologies (BWT),"Dhanmoni 1, Dhaka","01919679255, 01956666777",,,,Self Delivery,,0,B2B,,
Done,Apri25,30-Apr,A2 24K VIOMI AC Split (Non-Inverter) 2 Ton,1,58000,58000,Bismillah World Technologies (BWT),"01919679255, 01956666777","01919679255, 01956666777",,,,Self Delivery,,0,B2B,,
Done,MayM25,3-May,Xiaomi TV A Pro 32 Inch,1,20990,20990,Pretty group,"House:5/A,Riad:94, gulshan - 2, Dhaka",8801910808923,,,,Self Delivery,,0,B2C,,
Done,MayM25,3-May,Xiaomi TV A Pro 32 Inch,4,20990,83960,Sofiq Electronics ,"Modhukhali, Faridpur ",8801705033553,,,,Sundarban,,,0026 - Ohidul Islam,,
Done,MayM25,3-May,"Xiaomi TV A Pro 43"" QLED 2025",1,40990,40990,GunGun,"Khalibari more, B,baria sadar",8801911097959,"QR Tower 6th floor, Badurtola, Cumilla. Nayem Shahriar, 01724990999",,1724990999,Sundarban,,,0094 - Shaharia Khan,,
Done,MayM25,3-May,A2 18K VIOMI AC Split (Non-Inverter) 1.5 Ton,2,42500,85000,Success Computer & Engineers ,"Aloka Nodi Bangla Complex, Mymensingh Sadar ",8801711682184,O&S communication ,"Victoria Road, Tangail Sadar ",01711909853,Sundarban,Bhai Ensure Home Delivery. ,,0112 - Ahasanul Kabir,,
Done,MayM25,3-May,"Xiaomi TV A Pro 65"" QLED 2025",2,85590,171180,Brand Bazaar ,Happy Arcadia Shopping Malls ,8801711903044,,,,Self Delivery,,,0033 - Imran Hossain - DHK,Not Imposed,
Done,MayM25,3-May,"Xiaomi TV A Pro 55"" QLED 2025",1,64990,64990,Long Tech ,"Y-7, Noorjahan Road, Mohammadpur ",8801919234023,,,,Self Delivery,,,0033 - Imran Hossain - DHK,,
Done,MayM25,3-May,"Xiaomi TV A Pro 43"" QLED 2025",3,40990,122970,Long Tech ,"Y-7, Noorjahan Road, Mohammadpur ",8801919234023,,,,Self Delivery,,,0033 - Imran Hossain - DHK,,
Done,MayM25,3-May,Xiaomi TV A Pro 32 Inch,1,20990,20990,Long Tech ,"Y-7, Noorjahan Road, Mohammadpur ",8801919234023,,,,Self Delivery,,,0033 - Imran Hossain - DHK,,
Done,MayM25,3-May,Redmi Note 14 Pro+ 5G 12/512GB,1,49900,49900,Md. Saiful ,"Cumilla khandirpar, ",8801713123970,,,,Sundarban,,,0094 - Shaharia Khan,,
Done,MayM25,4-May,Xiaomi Wireless Keyboard and Mouse Combo,1,1990,1990,Daraz,"Asfia Tower - 76, Road-11, Block-E,  Banani ",8801847420050,daraz,daraz,daraz,Self Delivery,daraz,0,E-Com,,
Done,MayM25,4-May,"Xiaomi TV A Pro 55"" QLED 2025",5,64000,320000,Star Tech & Engineering Limited,"6th floor, 28 Kazi Nazrul Islam Ave,Navana Zohura Square, Dhaka 1000.",8801709995415,,,,Self Delivery,,0,B2B,,
Done,MayM25,4-May,"Xiaomi TV A Pro 43"" QLED 2025",2,40990,81980,The Brand Shop ,"House: 19, Road: 15, Sector: 3, Ajompur, Uttara",8801619638670,,,,Self Delivery,,,0035 - Md.Rejaul Islam Sujon,,
Done,MayM25,4-May,"Xiaomi TV A Pro 55"" QLED 2025",2,64990,129980,The Brand Shop ,Uttara,8801619638670,,,,Self Delivery,,,0035 - Md.Rejaul Islam Sujon,,
Done,MayM25,4-May,A2 12K VIOMI AC Split (Non-Inverter) 1 Ton,2,32500,65000,FM Electronics ,Ctg,8801824946334,,,,No Preference,,,0025 - Imran Hossain - CTG,,
Done,MayM25,4-May,A2 18K VIOMI AC Split (Non-Inverter) 1.5 Ton,6,41500,249000,FM Electronics ,Ctg,8801824946334,,,,No Preference,,,0025 - Imran Hossain - CTG,,
Done,MayM25,4-May,A2 18K VIOMI AC Split (Non-Inverter) 1.5 Ton,12,41500,498000,BJ Electronics,Ctg,8801734640607,,,,No Preference,,,0025 - Imran Hossain - CTG,,
Done,MayM25,4-May,A2 12K VIOMI AC Split (Non-Inverter) 1 Ton,3,32500,97500,BJ Electronics,Ctg,8801734640607,,,,No Preference,,,0025 - Imran Hossain - CTG,,
Done,MayM25,4-May,A2 24K VIOMI AC Split (Non-Inverter) 2 Ton,2,52000,104000,BJ Electronics,Ctg,8801734640607,,,,No Preference,,,0025 - Imran Hossain - CTG,,
Done,MayM25,4-May,Mi 23.8'' Desktop Monitor 1C,1,11000,11000,BJ Electronics,Ctg,8801734640607,,,,No Preference,,,0025 - Imran Hossain - CTG,,
Done,MayM25,4-May,A2 18K VIOMI AC Split (Non-Inverter) 1.5 Ton,1,45000,45000,Md. Mizanur Rahman (Imam Saheb),"Gangadharapur Jame Masjid, Jhikargacha, Jashore",8801914118229,,,,Self Delivery,,0,B2B,,
Done,MayM25,4-May,A2 24K VIOMI AC Split (Non-Inverter) 2 Ton,3,57000,171000,Md. Mizanur Rahman (Imam Saheb),"Gangadharapur Jame Masjid, Jhikargacha, Jashore",8801914118229,,,,Self Delivery,,0,B2B,,
Done,MayM25,5-May,"Xiaomi TV A Pro 43"" QLED 2025",2,40990,81980,Silver Water Technologies Bangladesh Limited,"Plot: 9, ka/kha Ground Floor, Dhaka 1215, Tejgaon",8801708127036,,,,Self Delivery,,0,B2B,,
Done,MayM25,5-May,Redmi Note 14 Pro 5G 8/256GB,2,39000,78000,Electra Mobile ,"Shop No -53, Basement 1, Bashundhara City ",8801734737889,,,,Self Delivery,Colour : Black 01 Pc & Purple 01 Pc,,0033 - Imran Hossain - DHK,,
Done,MayM25,5-May,Xiaomi TV A Pro 32 Inch,2,20990,41980,Bondhu Electro Mart,"Marcel Tower, Kushumbag, Moulvibazar ",8801788521528,,,,Sundarban,,,0125 - Easir Arafat,,
Done,MayM25,5-May,Xiaomi TV A 2025 55 Inch,1,55990,55990,Bondhu Electro Mart ,"Marcel Tower, Kushumbag, Moulvibazar ",8801788521528,,,,Sundarban,,,0125 - Easir Arafat,,
Done,MayM25,5-May,A2 24K VIOMI AC Split (Non-Inverter) 2 Ton,3,53000,159000,Shamim Electronics ,"North Side Of Desco, Mirpur 10",8801999949933,,,,Self Delivery,,,0035 - Md.Rejaul Islam Sujon,,
Done,MayM25,5-May,"Xiaomi TV A Pro 55"" QLED 2025",3,64990,194970,Brand Bazaar ,Happy Arcadia Shopping Malls ,8801711903044,,,,Self Delivery,,,0033 - Imran Hossain - DHK,,
Done,MayM25,5-May,"Xiaomi TV A Pro 65"" QLED 2025",2,85590,171180,Brand Bazaar ,Happy Arcadia Shopping Malls ,8801711903044,,,,Self Delivery,,,0033 - Imran Hossain - DHK,Not Imposed,
Done,MayM25,5-May,Xiaomi Mijia Induction Cooker Youth Edition,1,6490,6490,Daraz,"Asfia Tower - 76, Road-11, Block-E,  Banani ",8801847420050,daraz,daraz,daraz,Self Delivery,daraz,0,E-Com,,
Done,MayM25,5-May,Mi Dual Mode Wireless Mouse Silent Edition,1,990,990,Daraz,"Asfia Tower - 76, Road-11, Block-E,  Banani ",8801847420050,daraz,daraz,daraz,Self Delivery,daraz,0,E-Com,,
Done,MayM25,6-May,Xiaomi TV A 2025 55 Inch,1,55990,55990,General Electronics ,Stadium ,8801911225441,Bagura Multiwell Mills Limited ,Sherpur,01777718955,No Preference,,0,0033 - Imran Hossain - DHK,,
Done,MayM25,6-May,A2 18K VIOMI AC Split (Non-Inverter) 1.5 Ton,1,45000,45000,Speedoz Ltd,"Bir uttam AK Khondokar sarak, (Old citycell center) Mohakhali 14, Dhaka",8801712157104,,,,No Preference,MD Sir,,B2C,,
Done,MayM25,6-May,"Xiaomi TV A Pro 55"" QLED 2025",1,64000,64000,Imran Hossain,Chattogram ,8801865929019,Mr Mahbub Alam Mahi,"Hills Dine restaurant ,Bandarban sadar",+880 16 1250 5060,Sundarban,,,0025 - Imran Hossain - CTG,,
Done,MayM25,6-May,Xiaomi TV A Pro 32 Inch,3,20990,62970,Pubali electronics ,Feni Sohid uddin bitani market ,8801872100132,,,,Sundarban,,,0124 - Fakhrul Islam Rahi,,
Done,MayM25,6-May,"Xiaomi TV A Pro 43"" QLED 2025",2,40990,81980,Pubali electronics ,Pubali electronics ,8801872100132,Sohid uddin bitani market  Feni sadar. ,,,Sundarban,,,0124 - Fakhrul Islam Rahi,,
Done,MayM25,6-May,Redmi Note 14 Pro 5G 8/256GB,1,39000,39000,Mr Kholil,"Saintmartin bus counter,Bandarban sadar.",8801689337165,,,,Sundarban,Purple Color must. Payment tomorrow in sha Allah ,,0025 - Imran Hossain - CTG,,
Cancelation,MayM25,7-May,A2 12K VIOMI AC Split (Non-Inverter) 1 Ton,,,0,A.K electronics ,"Bosurhat College road, Noakhali. ",8801818294390,,,,Sundarban,,,0124 - Fakhrul Islam Rahi,,
Cancelation,MayM25,7-May,A2 18K VIOMI AC Split (Non-Inverter) 1.5 Ton,,,0,A.K electronics ,"Bosurhat College road, Noakhali ",8801818294390,,,,Sundarban,,,0124 - Fakhrul Islam Rahi,,
Cancelation,MayM25,7-May,A2 24K VIOMI AC Split (Non-Inverter) 2 Ton,,,0,A.K electronics ,"Bosurhat College road, Noakhali ",8801818294390,,,,Sundarban,,,0124 - Fakhrul Islam Rahi,,
Done,MayM25,7-May,A2 18K VIOMI AC Split (Non-Inverter) 1.5 Ton,1,45000,45000,SS Traders,Rajshahi,8801711504879,"সোহাগ   ২১৩ নং বাসা, রোড: ০৩, পদ্মা বাসিক ভদ্রা, রাজশাহী  ","সোহাগ   ২১৩ নং বাসা, রোড: ০৩, পদ্মা বাসিক ভদ্রা, রাজশাহী  ",1711504879,No Preference,,,B2B,,
Done,MayM25,7-May,Xiaomi TV A 2025 55 Inch,3,51000,153000,Mr Monzu,Agargaon NBR Office,8801924061120,Mr. Belal,"Rahman Castle, Bashundhara Precedential Area, House - 163, Road-4, Block - B",01745774294 - MR Belal,No Preference,"Monzu - Agargaon - 1 pcs TV - will give 2 pcs Taka.

Belal - Bashundhara - No Collection. 2 Pcs TV",,B2B,,
Done,MayM25,8-May,A2 12K VIOMI AC Split (Non-Inverter) 1 Ton,1,33000,33000,A.K electronics ,"Bosurhat College road, Noakhali ",8801818294390,,,,Sundarban,,,0124 - Fakhrul Islam Rahi,,
Done,MayM25,8-May,"Xiaomi TV A Pro 43"" QLED 2025",1,40990,40990,The Brand Shop ,"House: 13, Road: 15, Sector: 3, Ajompur, Uttara",8801619638670,,,,Self Delivery,,,0035 - Md.Rejaul Islam Sujon,,
Done,MayM25,8-May,Xiaomi TV A Pro 32 Inch,2,20990,41980,House of Trading ,"ICT Bhaban, Level - 4",8801730482940,,,,Self Delivery,,,0033 - Imran Hossain - DHK,,
Done,MayM25,8-May,"Xiaomi TV A Pro 43"" QLED 2025",2,40990,81980,House of Trading ,"ICT Bhaban, level 4",8801730482940,,,,Self Delivery,,,0033 - Imran Hossain - DHK,,
Done,MayM25,8-May,Xiaomi TV A 2025 55 Inch,1,55990,55990,House of Trading ,"ICT Bhaban, level 4",8801730482940,,,,Self Delivery,,,0033 - Imran Hossain - DHK,,
Done,MayM25,8-May,Xiaomi TV A Pro 32 Inch,4,20990,83960,Bacchu electro mart & House ,"Zila parishad Road,sadar,Madaripur ",8801311069855,,,,Sundarban,New Dealer,,0026 - Ohidul Islam,,
Done,MayM25,10-May,Xiaomi Wireless Keyboard and Mouse Combo,3,1990,5970,Daraz,"Asfia Tower - 76, Road-11, Block-E,  Banani ",8801847420050,daraz,daraz,daraz,Self Delivery,daraz,0,E-Com,,
Done,MayM25,10-May,Xiaomi Rechargeable Mini Fan,2,2599,5198,Daraz,"Asfia Tower - 76, Road-11, Block-E,  Banani ",8801847420050,daraz,daraz,daraz,Self Delivery,daraz,0,E-Com,,
Done,MayM25,10-May,Mi Dual Mode Wireless Mouse Silent Edition,1,990,990,Daraz,"Asfia Tower - 76, Road-11, Block-E,  Banani ",8801847420050,daraz,daraz,daraz,Self Delivery,daraz,0,E-Com,,
Done,MayM25,10-May,"Xiaomi TV A Pro 43"" QLED 2025",1,44990,44990,Daraz,"Asfia Tower - 76, Road-11, Block-E,  Banani ",8801847420050,daraz,daraz,daraz,Self Delivery,daraz,0,E-Com,,
Done,MayM25,10-May,Mi 23.8'' Desktop Monitor 1C,1,10990,10990,Daraz,"Asfia Tower - 76, Road-11, Block-E,  Banani ",8801847420050,daraz,daraz,daraz,Self Delivery,daraz,0,E-Com,,
Done,MayM25,10-May,"Xiaomi TV A 43"" FHD 2025",1,29990,29990,Electronics Mart,"Palbari,  Jashore sador,  Jashore",8801711026335,Asif Hossan,"Section-12, Block-C, Road-02, House-48/4th Floor (Dutch-Bangla Bank ATM Booth Building), Mirpur, Pallabi, Dhaka-1216",+8801742057375,No Preference,No,0,0126 - Ashik Sardar,,
Done,MayM25,10-May,A2 18K VIOMI AC Split (Non-Inverter) 1.5 Ton,1,43000,43000,Ayub shaharear,"House# 72/A, Dolphin Square , Flat# D6, Lake Circus, Dolphin Lane,Kolabagan, Dhaka",8801711431486,,,,Self Delivery,,0,B2B,,
Done,MayM25,10-May,Xiaomi TV A Pro 32 Inch,20,20990,419800,FM Electronics ,Ctg,8801824946334,,,,No Preference,,,0025 - Imran Hossain - CTG,,
Done,MayM25,10-May,"Xiaomi TV A Pro 65"" QLED 2025",3,85590,256770,FM Electronics ,Ctg,8801824946334,,,,No Preference,,,0025 - Imran Hossain - CTG,Not Imposed,
Done,MayM25,10-May,Xiaomi TV A 2025 65 Inch,7,77990,545930,FM Electronics ,Ctg,8801824946334,,,,No Preference,,,0025 - Imran Hossain - CTG,Not Imposed,
Done,MayM25,10-May,Xiaomi TV A 2025 55 Inch,2,55990,111980,Techno Electronics ,Ctg,8801747079467,,,,No Preference,,,0025 - Imran Hossain - CTG,,
Done,MayM25,10-May,Xiaomi TV A Pro 32 Inch,10,20990,209900,Bj Electronics,Ctg,8801747079467,,,,No Preference,,,0025 - Imran Hossain - CTG,,
Done,MayM25,10-May,"Xiaomi TV A Pro 43"" QLED 2025",1,40990,40990,GunGun,"Khalibari more, B, baria sadar",8801911097959,,"Minhazul Kabir  Shirin Tower, Model College Road, Hajiganj Bazar, Hajiganj, Chandpur.3610 Mob : 01615299500","Minhazul Kabir  Shirin Tower, Model College Road, Hajiganj Bazar, Hajiganj, Chandpur.3610 Mob : 01615299500",Sundarban,,,0094 - Shaharia Khan,,
Done,MayM25,10-May,"Xiaomi TV A Pro 65"" QLED 2025",1,85590,85590,Ishat Enterprise,"Islam Trade Center(3rd Floor)
18, KDA Avenue, Sheikh Para, khulna.",8801711338176,,,,No Preference,,,0031 - Adnan Billah,Pending,
Done,MayM25,10-May,A2 12K VIOMI AC Split (Non-Inverter) 1 Ton,4,32500,130000,Bj Electronics,"Chittagong shopping complex,Sholosahar,Ctg",8801734640607,,,,AJR,Muradpur Branch,,0025 - Imran Hossain - CTG,,
Done,MayM25,11-May,"Xiaomi TV A Pro 55"" QLED 2025",1,64990,64990,Amin Electronics ,"Shop: 2, Level: 2, Omar Shahjahan Tower,  Ajompur Railgate, Uttara ",8801908668577,,,,Self Delivery,,,0035 - Md.Rejaul Islam Sujon,,
Done,MayM25,11-May,Xiaomi Mijia Induction Cooker Youth Edition,1,6490,6490,Daraz,"Asfia Tower - 76, Road-11, Block-E,  Banani ",8801847420050,daraz,daraz,daraz,Self Delivery,daraz,0,E-Com,,
Done,MayM25,11-May,Xiaomi Rechargeable Mini Fan,1,2599,2599,Daraz,"Asfia Tower - 76, Road-11, Block-E,  Banani ",8801847420050,daraz,daraz,daraz,Self Delivery,daraz,0,E-Com,,
Done,MayM25,11-May,Xiaomi TV A Pro 32 Inch,30,20990,629700,Jahidul Electronics ,"Kancon Bazar,Rupganj,Narayanganj ",8801716738591,,,,Self Delivery,Bhai ensure home delivery. ,,0112 - Ahasanul Kabir,,
Done,MayM25,11-May,Redmi Note 14 Pro 5G 8/256GB,2,39000,78000,Electra Mobile ,"Shop No 53, Basement 1, Bashundhara City ",8801734737889,,,,Self Delivery,Colour : Black 01 Pc & Purple 01 Pc,,0033 - Imran Hossain - DHK,,
Done,MayM25,11-May,A2 12K VIOMI AC Split (Non-Inverter) 1 Ton,5,33000,165000,Chowdhury Electronics ,Alpona Plaza ,8801785246248,,,,Self Delivery,,,0033 - Imran Hossain - DHK,,
Done,MayM25,11-May,A2 18K VIOMI AC Split (Non-Inverter) 1.5 Ton,4,41500,166000,Fantasy Telecom ,"Matrichaya,Lane 1, J Block, Halisahar,Chattogram",8801979292100,,,,Sundarban,Payment within month,,0025 - Imran Hossain - CTG,,
Done,MayM25,11-May,Redmi Note 14 Pro 5G 8/256GB,1,39000,39000,Ahsanul kabir himu (Amaya Employee),Amaya HQ,8801896039779,,,,Self Delivery,,0,B2C,,
Done,MayM25,11-May,A2 12K VIOMI AC Split (Non-Inverter) 1 Ton,1,33000,33000,Brand Bazaar ,Happy Arcadia Shopping Malls ,8801711903044,,,,Self Delivery,,,0033 - Imran Hossain - DHK,,
Done,MayM25,11-May,A2 24K VIOMI AC Split (Non-Inverter) 2 Ton,1,53000,53000,Brand Bazaar ,Happy Arcadia Shopping Malls ,8801711903044,,,,Self Delivery,,,0033 - Imran Hossain - DHK,,
Done,MayM25,11-May,Xiaomi Rechargeable Mini Fan,5,2500,12500,Amin Electronics ,"Shop: 2, Level: 2, Omar Shahjahan Tower, Ajompur Railgate, Uttara",8801715238629,,,,Self Delivery,,,0035 - Md.Rejaul Islam Sujon,,
Done,MayM25,12-May,A2 24K VIOMI AC Split (Non-Inverter) 2 Ton,1,54500,54500,M/S Nurul Enterprise,Sohrawardi College Banorgati Khulna ,8801923404406,Nill,Nill,Nill,Sundarban,,00,0031 - Adnan Billah,,
Done,MayM25,12-May,Xiaomi TV A Pro 32 Inch,2,20370,40740,DX Distribution,"Road 54/A, House - 7, Gulshan - 2, Dhaka - 1212",8801708464175,,,,Self Delivery,,0,B2B,,
Done,MayM25,12-May,Mi 23.8'' Desktop Monitor 1C,1,10990,10990,Daraz,"Asfia Tower - 76, Road-11, Block-E,  Banani ",8801847420050,,,,Self Delivery,,0,E-Com,,
Done,MayM25,12-May,Xiaomi Smart Air Fryer Pro 4L,1,9990,9990,Daraz,"Asfia Tower - 76, Road-11, Block-E,  Banani ",8801847420050,,,,Self Delivery,,0,E-Com,,
Done,MayM25,12-May,Xiaomi TV A 2025 55 Inch,3,55990,167970,Global electronics ,Global Electronics ,8801643506080,,,,Self Delivery,,230000,0094 - Shaharia Khan,,
Done,MayM25,12-May,"Xiaomi TV A Pro 43"" QLED 2025",3,40990,122970,Global electronics ,"Abdul hi Mulla Market,New Town more, Bhairab Busstand",8801643506080,,,,Self Delivery,,230000,0094 - Shaharia Khan,,
Done,MayM25,12-May,Xiaomi TV A Pro 32 Inch,4,20990,83960,Global Electronics ,"Abdul hi mullah market, New town more, Bhairab bus stand, Kishorganj",8801643506080,,,,Self Delivery,,,0094 - Shaharia Khan,,
Done,MayM25,12-May,Redmi Note 14 Pro 5G 8/256GB,50,37050,1852500,Harun Store ,"Tower 263, Tin Poler Matha, Jubilee Road, Chittagong.",8801817247438,,,,Sundarban,"Colour : Black - 35, Purple - 15.",00,0070 - Tamal Roy,,
Done,MayM25,12-May,Mi Smart Air Fryer 3.5L,1,8490,8490,Silver Water Technologies Bangladesh Limited,"Plot: 9, ka/kha Ground Floor, Dhaka 1215, Tejgaon",8801708127036,,,,Self Delivery,,0,E-Com,,
Done,MayM25,13-May,"Xiaomi TV A Pro 43"" QLED 2025",1,40990,40990,Bangladesh Telecome plus ,"Joaddar plaza , Badur total Chuadanga Sadar , Chuadanga.",8801707858382,Nill,Nill,Nill,Sundarban,,00,0031 - Adnan Billah,,
Done,MayM25,13-May,Mi Electric Shaver S500,1,4490,4490,Daraz,"Asfia Tower - 76, Road-11, Block-E,  Banani ",8801847420050,daraz,daraz,daraz,Self Delivery,daraz,0,E-Com,,
Done,MayM25,13-May,A2 12K VIOMI AC Split (Non-Inverter) 1 Ton,1,33000,33000,Mi Smart Home,Feni,8801711765235,Mr Shonkor Chandra,"Near Nitai gonj post office,Chandpur Puran bazar, Chandpur",01674626723,Sundarban,,,0124 - Fakhrul Islam Rahi,,
Done,MayM25,13-May,A2 12K VIOMI AC Split (Non-Inverter) 1 Ton,1,33000,33000,Mi Smart Home,Feni,8801711765235,Mr Elias,"Asma cloth store,kalia para, doya vanga,Chandpur sadar.",01717024644,Sundarban,No invoice ,,0124 - Fakhrul Islam Rahi,,
Done,MayM25,13-May,"Xiaomi TV A Pro 43"" QLED 2025",1,40000,40000,Shahriar Alam Joy,"KA-116/16, NEELIMA Garden, Mohakhali, Dakkhin Para (Christian Society), Dhaka- 1212","01321160712, 01843648399",,,,Self Delivery,,0,B2C,,
Done,MayM25,14-May,"Xiaomi TV A Pro 43"" QLED 2025",2,40990,81980,Electronics Gallery,Sadar Bogura ,8801715605378,,,,Sundarban,,137970,0019 - Hafizur Rahman,,
Done,MayM25,14-May,Xiaomi TV A 2025 55 Inch,1,55990,55990,Electronics Gallery,Sadar Bogura ,8801715605378,,,,Sundarban,,137970,0019 - Hafizur Rahman,,
Done,MayM25,14-May,Redmi Note 14 Pro 5G 8/256GB,4,39000,156000,Mi Store RT Communication ,Sadar Pabna,8801711507130,,,,Sundarban,,,0019 - Hafizur Rahman,,
Done,MayM25,14-May,"Xiaomi TV A Pro 43"" QLED 2025",3,40990,122970,Techno Electronics ,"Chowmuhony,Agrabad,Ctg",8801747079467,,,,No Preference,,,0025 - Imran Hossain - CTG,,
Done,MayM25,14-May,A2 24K VIOMI AC Split (Non-Inverter) 2 Ton,1,51500,51500,FM Electronics ,Ctg,8801824946334,Mr Arman,"Besides Khilgaon Eidgaon Jame Mosque,Dhaka",+8801758116221,No Preference,,,0025 - Imran Hossain - CTG,,
Done,MayM25,14-May,Xiaomi Rechargeable Mini Fan,1,2599,2599,Daraz,"Asfia Tower - 76, Road-11, Block-E,  Banani ",8801847420050,,,,Self Delivery,,0,E-Com,,
Done,MayM25,14-May,A2 24K VIOMI AC Split (Non-Inverter) 2 Ton,1,57000,57000,Rabab Electronics ,Alpona Plaza,8801719106660,,,,Self Delivery,,0,B2B,,
Done,MayM25,14-May,Mi Smart Air Fryer 3.5L,1,8490,8490,Silver Water Technologies Bangladesh Limited,"Plot: 9, ka/kha Ground Floor, Dhaka 1215, Tejgaon",8801708127036,,,,Self Delivery,,0,E-Com,,
Done,MayM25,14-May,"Xiaomi TV A Pro 75"" QLED 2025",3,126000,378000,Chowdhury Electronics ,Alpona Plaza ,8801785246248,,,,Self Delivery,,,0033 - Imran Hossain - DHK,Not Imposed,
Done,MayM25,14-May,"Xiaomi TV A Pro 43"" QLED 2025",10,40990,409900,New Japan Electronics ,"Cumilla Stadium market,Cumilla ",8801841392790,,,,No Preference,,,0025 - Imran Hossain - CTG,,
Done,MayM25,14-May,A2 12K VIOMI AC Split (Non-Inverter) 1 Ton,2,32500,65000,FM Electronics ,"Rifel club,Ctg",8801824946334,,,,No Preference,,,0025 - Imran Hossain - CTG,,
Done,MayM25,14-May,A2 24K VIOMI AC Split (Non-Inverter) 2 Ton,3,51500,154500,FM Electronics ,Ctg,8801824946334,,,,No Preference,,,0025 - Imran Hossain - CTG,,
Done,MayM25,14-May,A2 18K VIOMI AC Split (Non-Inverter) 1.5 Ton,6,41500,249000,FM Electronics ,Ctg,8801824946334,,,,No Preference,,,0025 - Imran Hossain - CTG,,
Done,MayM25,14-May,A2 18K VIOMI AC Split (Non-Inverter) 1.5 Ton,3,41000,123000,Bj Electronics,Ctg,8801734640607,,,,No Preference,,,0025 - Imran Hossain - CTG,,
Done,MayM25,14-May,A2 24K VIOMI AC Split (Non-Inverter) 2 Ton,2,51500,103000,Bj Electronics,Ctg,8801734640607,,,,No Preference,,,0025 - Imran Hossain - CTG,,
Done,MayM25,14-May,A2 12K VIOMI AC Split (Non-Inverter) 1 Ton,2,32500,65000,Bj Electronics,Ctg,8801734640607,,,,No Preference,,,0025 - Imran Hossain - CTG,,
Done,MayM25,15-May,"Xiaomi TV A Pro 55"" QLED 2025",1,64990,64990,Amin Electronics ,"Shop: 2, Level: 2, Omar Shahjahan Tower, Ajompur Railgate, Uttara",8801908668577,,,,Self Delivery,,,0035 - Md.Rejaul Islam Sujon,,
Done,MayM25,15-May,A2 12K VIOMI AC Split (Non-Inverter) 1 Ton,1,33000,33000,Amin Electronics ,Uttara,8801908668577,,,,Self Delivery,,,0035 - Md.Rejaul Islam Sujon,,
Done,MayM25,15-May,A2 18K VIOMI AC Split (Non-Inverter) 1.5 Ton,1,41500,41500,Amin Electronics ,Uttara,8801908668577,,,,Self Delivery,,,0035 - Md.Rejaul Islam Sujon,,
Done,MayM25,15-May,A2 24K VIOMI AC Split (Non-Inverter) 2 Ton,2,53000,106000,Amin Electronics ,Uttara,8801908668577,,,,Self Delivery,,,0035 - Md.Rejaul Islam Sujon,,
Done,MayM25,15-May,A2 12K VIOMI AC Split (Non-Inverter) 1 Ton,2,33000,66000,UB Electronics ,"House- 04, Road- 17, Sector- 13, Uttara, Dhaka- 1230",8801765591144,,,,Self Delivery,,,0035 - Md.Rejaul Islam Sujon,,
Done,MayM25,15-May,A2 18K VIOMI AC Split (Non-Inverter) 1.5 Ton,2,41500,83000,UB Electronics ,"House- 04, Road- 17, Sector- 13, Uttara, Dhaka- 1230",8801765591144,,,,Self Delivery,,,0035 - Md.Rejaul Islam Sujon,,
Done,MayM25,15-May,A2 24K VIOMI AC Split (Non-Inverter) 2 Ton,2,53000,106000,UB Electronics ,"House- 04, Road- 17, Sector- 13, Uttara, Dhaka- 1230",8801765591144,,,,Self Delivery,,,0035 - Md.Rejaul Islam Sujon,,
Done,MayM25,15-May,"Xiaomi TV A Pro 43"" QLED 2025",1,40990,40990,UB Electronics ,"House- 04, Road- 17, Sector- 13, Uttara, Dhaka- 1230",8801765591144,,,,Self Delivery,,,0035 - Md.Rejaul Islam Sujon,,
Done,MayM25,15-May,"Xiaomi TV A Pro 75"" QLED 2025",1,135990,135990,UB Electronics ,"House- 04, Road- 17, Sector- 13, Uttara, Dhaka- 1230",8801765591144,,,,Self Delivery,,,0035 - Md.Rejaul Islam Sujon,Not Imposed,
Done,MayM25,15-May,Xiaomi TV A Pro 32 Inch,7,20990,146930,MR Electronics ,"Sena Complex Market, 3rd Floor, Shop : B199,  Nabinagar",8801711331719,,,,Self Delivery,,,0033 - Imran Hossain - DHK,,
Done,MayM25,15-May,"Xiaomi TV A Pro 43"" QLED 2025",4,40990,163960,MR Electronics ,"Sena Complex Market, 3rd Floor, Shop : B199, Nabinagar",8801711331719,,,,Self Delivery,,,0033 - Imran Hossain - DHK,,
Done,MayM25,15-May,Xiaomi TV A 2025 55 Inch,1,55990,55990,MR Electronics ,"Sena Complex Market, 3rd Floor, Shop : B199, Nabinagar",8801711331719,,,,Self Delivery,,,0033 - Imran Hossain - DHK,,
Done,MayM25,15-May,"Xiaomi TV A Pro 55"" QLED 2025",1,64990,64990,MR Electronics ,"Sena Complex Market, 3rd Floor, Shop : B199, Nabinagar",8801711331719,,,,Self Delivery,,,0033 - Imran Hossain - DHK,,
Done,MayM25,15-May,A2 24K VIOMI AC Split (Non-Inverter) 2 Ton,1,54500,54500,M/S Nurul Enterprise,Sohrawardi College Banorgati Khulna ,8801923404406,Nill,Nill,Nill,Sundarban,,00,0031 - Adnan Billah,,
Done,MayM25,15-May,"Xiaomi TV A Pro 65"" QLED 2025",1,85590,85590,MR Electronics ,"Sena Complex Market, 3rd Floor, Shop : B199, Nabinagar",8801711331719,,,,Self Delivery,,,0033 - Imran Hossain - DHK,Not Imposed,
Done,MayM25,15-May,"Xiaomi TV A Pro 55"" QLED 2025",3,64990,194970,UB Electronics ,Uttara ,8801765591144,,,,Self Delivery,,,0035 - Md.Rejaul Islam Sujon,,
Done,MayM25,15-May,"Xiaomi TV A Pro 65"" QLED 2025",2,85590,171180,UB Electronics ,Uttara,8801765591144,,,,Self Delivery,,,0035 - Md.Rejaul Islam Sujon,Not Imposed,
Done,MayM25,15-May,Xiaomi TV A Pro 32 Inch,4,20990,83960,Asraf electronics ,"Alupotti More, Bualia, Rajshahi ",8801716347470,,,,Sundarban,,139950,0019 - Hafizur Rahman,,
Done,MayM25,15-May,Xiaomi TV A 2025 55 Inch,1,55990,55990,Asraf electronics ,"Alupotti More, Bualia, Rajshahi ",8801716347470,,,,Sundarban,,139950,0019 - Hafizur Rahman,,
Done,MayM25,15-May,Xiaomi TV A Pro 32 Inch,1,20990,20990,Cell computer ,"Greater road,Bualia, Rajshahi ",8801714081082,,,,Sundarban,The remaining amount will be adjusted from the ledger.,,0019 - Hafizur Rahman,,
Done,MayM25,15-May,Xiaomi TV A Pro 32 Inch,2,20990,41980,Silver Water Technologies Bangladesh Limited,"Plot: 9, ka/kha Ground Floor, Dhaka 1215, Tejgaon",8801708127036,,,,Self Delivery,,0,E-Com,,
Done,MayM25,15-May,Xiaomi TV A Pro 32 Inch,3,20990,62970,Modern Electronics ,"S S K road Feni sadar, F Rahman AC market, opposite side..","+880 1717-024285,01919523007",,,,Sundarban,,,0124 - Fakhrul Islam Rahi,,
Done,MayM25,15-May,"Xiaomi TV A Pro 43"" QLED 2025",2,40990,81980,Modern Electronics ,"S S K road Feni sadar, F Rahman AC market, opposite side","+880 1717-024285,01919523007",,,,Sundarban,,,0124 - Fakhrul Islam Rahi,,
Done,MayM25,15-May,Xiaomi TV A Pro 32 Inch,5,20990,104950,Brand Bazaar ,Happy Arcadia Shopping Malls ,8801711903044,,,,Self Delivery,,,0033 - Imran Hossain - DHK,,
Done,MayM25,15-May,A2 12K VIOMI AC Split (Non-Inverter) 1 Ton,1,36000,36000,S S Traders,Rajshahi ,8801711504879,,,,Self Delivery,,0,B2B,,
Done,MayM25,15-May,Xiaomi TV A Pro 32 Inch,4,20990,83960,GunGun Electronics ,"Khalibari more, B, baria sadar",8801911097959,,,,Sundarban,,,0094 - Shaharia Khan,,
Done,MayM25,15-May,A2 18K VIOMI AC Split (Non-Inverter) 1.5 Ton,1,41000,41000,Harun Store,"Kolpolok Residential Area, Bakolia, Chittagong ",8801817247438,,,,Sundarban,Note : Payment will be given by within 3 or 4 days.,00,0070 - Tamal Roy,,
Done,MayM25,17-May,Redmi Note 14 Pro 5G 8/256GB,30,37050,1111500,Mobile Park BD,"Shop: 37/A2, Block: C, Level: 4, Jamuna Future Park",8801916858692,,,,Self Delivery,,,0035 - Md.Rejaul Islam Sujon,,
Done,MayM25,17-May,"Xiaomi TV A Pro 55"" QLED 2025",1,64990,64990,Amin Electronics ,"Shop:2, Level: 2, Omar Shahjahan Tower, Ajompur Railgate, Uttara",8801908668577,,,,Self Delivery,,,0035 - Md.Rejaul Islam Sujon,,
Done,MayM25,17-May,"Xiaomi TV A Pro 43"" QLED 2025",1,40990,40990,Sohag,"Rayerbag, Dhaka",8801613778044,,,,No Preference,,,B2C,,
Done,MayM25,17-May,"Xiaomi TV A Pro 55"" QLED 2025",1,64990,64990,Roland Nathan Mandal,"213/3B, TMMelody, Shapla Housing, Beside Mizan Mosjid, Vanga Bridge. Agargaon, Dhaka-1207.",8801758188740,,,,Self Delivery,,,B2C,,
Done,MayM25,17-May,Xiaomi TV A Pro 32 Inch,1,20990,20990,UB Electronics ,Uttara,8801765591144,,,,Self Delivery,,,0035 - Md.Rejaul Islam Sujon,,
Done,MayM25,17-May,Redmi Note 14 Pro 5G 8/256GB,2,39000,78000,SH Telecom ,"Shop no - 104, Basement -1, Bashundhara city ",8801766317965,,,,Self Delivery,Colour : Black 01 Pc & Purple 01 Pc,,0033 - Imran Hossain - DHK,,
Done,MayM25,17-May,Mi Dual Mode Wireless Mouse Silent Edition,1,990,990,Daraz,"Asfia Tower - 76, Road-11, Block-E,  Banani ",8801847420050,,,,Self Delivery,,,E-Com,,
Done,MayM25,17-May,Xiaomi Rechargeable Mini Fan,1,2590,2590,Daraz,"Asfia Tower - 76, Road-11, Block-E,  Banani ",8801847420050,,,,Self Delivery,,,E-Com,,
Done,MayM25,17-May,Xiaomi Wireless Keyboard and Mouse Combo,1,1990,1990,Daraz,"Asfia Tower - 76, Road-11, Block-E,  Banani ",8801847420050,,,,Self Delivery,,,E-Com,,
Done,MayM25,17-May,Mi 23.8'' Desktop Monitor 1C,1,10990,10990,Daraz,"Asfia Tower - 76, Road-11, Block-E,  Banani ",8801847420050,,,,Self Delivery,,,E-Com,,
Done,MayM25,17-May,Xiaomi TV A Pro 32 Inch,10,20990,209900,Brand Bazaar ,Happy Arcadia Shopping Malls ,8801711903044,Tv Mart BD,"X - 4, Noor Jahan Road,  Mohammadpur ",8801711903044,Self Delivery,,,0033 - Imran Hossain - DHK,,
Done,MayM25,17-May,"Xiaomi TV A Pro 43"" QLED 2025",8,40990,327920,Brand Bazaar ,Happy Arcadia Shopping Malls ,8801711903044,Tv Mart BD,"X - 4, Noor Jahan Road,  Mohammadpur ",8801711903044,Self Delivery,,,0033 - Imran Hossain - DHK,,
Done,MayM25,17-May,Xiaomi TV A 2025 55 Inch,2,55990,111980,Brand Bazaar ,Happy Arcadia Shopping Malls ,8801711903044,Tv Mart BD,"X - 4, Noor Jahan Road, Mohammadpur ",8801711903044,Self Delivery,,,0033 - Imran Hossain - DHK,,
Done,MayM25,17-May,"Xiaomi TV A Pro 55"" QLED 2025",4,64990,259960,Brand Bazaar ,Happy Arcadia Shopping Malls ,8801711903044,Tv Mart BD,"X - 4, Noor Jahan Road,  Mohammadpur ",8801711903044,Self Delivery,,,0033 - Imran Hossain - DHK,,
Done,MayM25,17-May,"Xiaomi TV A Pro 65"" QLED 2025",1,85590,85590,Brand Bazaar ,Happy Arcadia Shopping Malls ,8801711903044,Tv Mart BD,"X - 4, Noor Jahan Road,  Mohammadpur ",8801711903044,Self Delivery,,,0033 - Imran Hossain - DHK,Not Imposed,
Done,MayM25,17-May,Xiaomi Air Fryer 6L,1,11000,11000,Al- Malaki flagship Store ," Zuhana shopping centre, trank road , Feni Sadar",8801881151188,,,,Sundarban,no invoice ,,0124 - Fakhrul Islam Rahi,,
Done,MayM25,18-May,Xiaomi TV A Pro 32 Inch,5,20990,104950,Electronics Mart,"Palbari,  Jashore sadore,  Jashore",8801711026335,0,0,0,No Preference,,,0126 - Ashik Sardar,,
Done,MayM25,18-May,Xiaomi TV A 2025 55 Inch,1,54990,54990,Ikra Electronics,Bandarban ,8801865929019,Mr Joynal,"Courtbazar,Ukhiya,Cox’sbazar ",+880 1815-114089,Sundarban,,,0025 - Imran Hossain - CTG,,
Done,MayM25,18-May,Redmi Note 14 Pro 5G 8/256GB,5,37050,185250,Mobile Park BD,JFP,8801941508048,Mi Store (Dristy Enterprise) ,"Shop: 74, Level: 2, Shah Ali Plaza, Mirpur 10",+880 1941-508048,Self Delivery,,,0035 - Md.Rejaul Islam Sujon,,
Done,MayM25,18-May,Redmi Note 14 Pro 5G 8/256GB,15,37050,555750,Mobile Park BD,JFP,8801876706910,Mi Store (Rafsan Telecom),"Shop: 46, Level: 2, Shah Ali Plaza, Mirpur 10",+880 1876-706910,Self Delivery,,,0035 - Md.Rejaul Islam Sujon,,
Done,MayM25,19-May,"Xiaomi TV A Pro 65"" QLED 2025",1,85590,85590,Amin Electronics ,"Shop: 2, Level: 2, Omar Shahjahan Tower, Ajompur Railgate, Uttara",8801908668577,,,,Self Delivery,,,0035 - Md.Rejaul Islam Sujon,Not Imposed,
Done,MayM25,19-May,A2 18K VIOMI AC Split (Non-Inverter) 1.5 Ton,1,50990,50990,Xiaomi Bangladesh,"Concord Silvy, Plot # CWS(A, 11A Gulshan Ave, Dhaka 1212",8801707865261,N.B Electronics ,"Sholoshohor, Nasirabad, Chittagong",8801720189210,Self Delivery,,0,B2B,,
Done,MayM25,19-May,"Xiaomi TV A Pro 43"" QLED 2025",1,40990,40990,UB Electronics ,"House- 04, Road- 17, Sector- 13, Uttara, Dhaka- 1230",8801765591144,,,,Self Delivery,,,0035 - Md.Rejaul Islam Sujon,,
Done,MayM25,19-May,Xiaomi Air Fryer 6L,1,11990,11990,Daraz,"Asfia Tower - 76, Road-11, Block-E,  Banani",8801847420050,,,,Self Delivery,,0,E-Com,,
Done,MayM25,19-May,Xiaomi Monitor A22i,2,8990,17980,Daraz	,"Asfia Tower - 76, Road-11, Block-E,  Banani",8801847420050,,,,Self Delivery,,0,E-Com,,
Done,MayM25,19-May,Redmi Buds 3 Pro,1,3490,3490,Daraz,"Asfia Tower - 76, Road-11, Block-E,  Banani ",8801847420050,,,,Self Delivery,,0,E-Com,,
Done,MayM25,19-May,Mi Electric Shaver S500,1,4490,4490,Daraz,"Asfia Tower - 76, Road-11, Block-E,  Banani ",8801847420050,,,,Self Delivery,,0,E-Com,,
Done,MayM25,19-May,A2 18K VIOMI AC Split (Non-Inverter) 1.5 Ton,1,50990,50990,Xiaomi Bangladesh,"Concord Silvy, Plot # CWS(A, 11A Gulshan Ave, Dhaka 1212",8801707865261,Vagabond Mobile Sales Centre,"3rd Floor,  Shahin Complex, Kakolir More, Barisal Sodor",8801716182434,Self Delivery,,0,E-Com,,
Done,MayM25,19-May,Redmi Note 14 Pro 5G 8/256GB,20,37050,741000,Union Enterprise ,"Taltola,AkurTakur para, Tangail Sadar ",8801727012342,,,,Sundarban,"Black -12 pcs
Blue-04 pcs
Purple -04 pcs
Total- 20 pcs",741000,0112 - Ahasanul Kabir,,
Done,MayM25,19-May,Xiaomi TV A Pro 32 Inch,2,20990,41980,Rabab electronics,"Alpona Plaza, Elephant Road",8801719106660,,,,Self Delivery,,0,B2B,,
Done,MayM25,19-May,Xiaomi TV A Pro 32 Inch,5,20990,104950,AJ electronics ,"Bolla Road, Elenga,Kalihati,Tangail",8801750857606,,,,Sundarban,Bhai please  ensure home delivery. ,,0112 - Ahasanul Kabir,,
Done,MayM25,19-May,"Xiaomi TV A Pro 55"" QLED 2025",1,64990,64990,Silver Water Technologies Bangladesh Limited,"Plot: 9, ka/kha Ground Floor, Dhaka 1215, Tejgaon",8801708127036,,,,Self Delivery,,0,E-Com,,
Done,MayM25,19-May,"Xiaomi TV A Pro 65"" QLED 2025",1,85590,85590,Silver Water Technologies Bangladesh Limited,"Plot: 9, ka/kha Ground Floor, Dhaka 1215, Tejgaon",8801708127036,,,,Self Delivery,,0,E-Com,Not Imposed,
Done,MayM25,19-May,Xiaomi Rechargeable Mini Fan,1,2590,2590,Silver Water Technologies Bangladesh Limited,"Plot: 9, ka/kha Ground Floor, Dhaka 1215, Tejgaon",8801708127036,,,,Self Delivery,,0,E-Com,,
Done,MayM25,19-May,Xiaomi TV A Pro 32 Inch,6,20990,125940,Vision Electronics ,"Maa Mansion, Thana Road, Bayezid, Chittagong",8801815338679,,,,Sundarban,,00,0070 - Tamal Roy,,
Done,MayM25,19-May,"Xiaomi TV A Pro 43"" QLED 2025",2,40990,81980,Vision Electronics ,"Maa Mansion, Thana Road, Bayezid, Chittagong",8801815338679,,,,Sundarban,,00,0070 - Tamal Roy,,
Done,MayM25,20-May,Xiaomi Air Fryer 6L,1,11990,11990,Daraz,"Asfia Tower - 76, Road-11, Block-E,  Banani",8801847420050,,,,Self Delivery,,0,E-Com,,
Done,MayM25,20-May,Xiaomi TV A Pro 32 Inch,3,20990,62970,Mollik Electronics ,"Tarafder New Market,  Jibonnogor,  Chuadanga ",8801726751146,0,0,0,No Preference,,0,0126 - Ashik Sardar,,
Done,MayM25,20-May,A2 24K VIOMI AC Split (Non-Inverter) 2 Ton,1,57000,57000,Success computer & engineers ,"Aloka Nodi Bangla complex, Rambabu road, Mymensingh Sadar. ",8801711682184,Lt Col Zerin,"EME Centre & School,Soyedpur Cantonment, Soyedpur.",+880 1769-673404,Sundarban,Bhai please ensure home delivery. ,,0112 - Ahasanul Kabir,,
Done,MayM25,20-May,Xiaomi TV A Pro 32 Inch,9,20990,188910,Shamim Electronics ,"Mirpur 10, Jolladkhana, North Side of desco ",8801911004589,,,,Self Delivery,,,0035 - Md.Rejaul Islam Sujon,,
Done,MayM25,20-May,"Xiaomi TV A Pro 43"" QLED 2025",6,40990,245940,Shamim Electronics ,"Mirpur 10, Jolladkhana, North Side of desco ",8801911004589,,,,Self Delivery,,,0035 - Md.Rejaul Islam Sujon,,
Done,MayM25,20-May,"Xiaomi TV A Pro 65"" QLED 2025",4,85590,342360,Shamim Electronics ,Mirpur 10,8801911004589,,,,Self Delivery,,,0035 - Md.Rejaul Islam Sujon,Not Imposed,
Done,MayM25,20-May,"Xiaomi TV A Pro 75"" QLED 2025",1,135990,135990,Shamim Electronics ,Mirpur 10,8801911004589,,,,Self Delivery,,,0035 - Md.Rejaul Islam Sujon,Not Imposed,
Done,MayM25,20-May,Xiaomi TV A 2025 55 Inch,1,55990,55990,Success computer & engineers ,"Aloka Nodi Bangla complex, Rambabu road, Mymensingh ",8801711682184,Ripon(Bus Helper),"Padma Cantonment Public School, Zazira,Sariatpur",01332850318,Sundarban,Bhai Sariatpur sadar theke tv receive korbe.,,0112 - Ahasanul Kabir,,
Done,MayM25,20-May,Xiaomi TV A 2025 55 Inch,1,53500,53500,Dr. Syed Zakir Hossain Biplob ,"Head of Department 
Orthopedic Surgery 
Dhaka Medical College Hospital 
Ward No. 115 
Ground Floor, Old Building (Enter through the College Gate)",8801711821040,,,,Self Delivery,MD Sir order.,,B2C,,
Done,MayM25,21-May,Xiaomi TV A Pro 32 Inch,1,20990,20990,BRACNet Limited,"Quaderia Madrasa, Aziz Moholla, Mohammadpur, Dhaka-1207.",8801325095428,,,,Self Delivery,,0,B2B,,
Done,MayM25,21-May,Mi Dual Mode Wireless Mouse Silent Edition,1,990,990,Daraz,"Asfia Tower - 76, Road-11, Block-E,  Banani ",8801847420050,,,,Self Delivery,,,E-Com,,
Done,MayM25,22-May,"Xiaomi TV A Pro 43"" QLED 2025",1,40990,40990,Amin Electronics ,"Shop: 2, Level: 2, Omar Shahjahan Tower, Ajompur Railgate, Uttara",8801908668577,,,,Self Delivery,,,0035 - Md.Rejaul Islam Sujon,,
Done,MayM25,22-May,"Xiaomi TV A Pro 55"" QLED 2025",1,64990,64990,Amin Electronics ,"Shop: 2, Level: 2, Omar Shahjahan Tower, Ajompur Railgate, Uttara",8801908668577,,,,Self Delivery,,,0035 - Md.Rejaul Islam Sujon,,
Done,MayM25,22-May,Xiaomi TV A 2025 55 Inch,1,55990,55990,Global Electronics,"Sufia Complex, Uttar Cashara,Narayanganj ",8801612355951,,,,Sundarban,Bhai ensure home delivery. ,,0112 - Ahasanul Kabir,,
Done,MayM25,22-May,Xiaomi TV A Pro 32 Inch,5,20990,104950,Shohan Electronics,Hard Metal Gallery Dakbangla Khulna,8801726728024,Nill,Nill,Nill,Sundarban,,00,0031 - Adnan Billah,,
Done,MayM25,22-May,"Xiaomi TV A Pro 43"" QLED 2025",1,40990,40990,Khadiza electronics ,"Gorai bus stand, Mirzapore, Tangail",8801631917789,,,,Sundarban,Bhai ensure home delivery. ,,0112 - Ahasanul Kabir,,
Done,MayM25,22-May,Xiaomi TV A 2025 65 Inch,1,77990,77990,Tv Bazar ,Multiplan ,8801881584115,Padma Lamitube Ltd.,"Padma Center  32/1,Dilu Road, New Eskaton Dhaka -1000",,Self Delivery,,80590,0033 - Imran Hossain - DHK,Not Imposed,
Done,MayM25,22-May,"Xiaomi TV A Pro 43"" QLED 2025",1,40990,40990,Badol electronics ,"S,K Plazz, Maijdee Noakhali, ",8801712862731,,,,Sundarban,"Please give me two wall mounts, I didn't get the previous one.",,0124 - Fakhrul Islam Rahi,,
Done,MayM25,22-May,"Xiaomi TV A Pro 75"" QLED 2025",1,135990,135990,Cell town ,"RAMC Market, Sadar Rangpur ",8801622530190,,,,Sundarban,Send gift item,,0019 - Hafizur Rahman,Done,
Done,MayM25,22-May,"Xiaomi TV A Pro 55"" QLED 2025",1,64990,64990,Alhamdulillah Enterprise ,"Oxygen,Hathazari,Ctg",8801818917168,,,,Sundarban,,,0025 - Imran Hossain - CTG,,
Done,MayM25,22-May,A2 18K VIOMI AC Split (Non-Inverter) 1.5 Ton,3,42000,126000,Hasan Trade Electronics,"Ali Tower, Mirabazar, Sylhet Sadar- 3100",8801711166522,,,,Sundarban,,,0125 - Easir Arafat,,
Done,MayM25,22-May,A2 24K VIOMI AC Split (Non-Inverter) 2 Ton,2,54000,108000,Hasan Trade Electronics,"Ali Tower, Mirabazar, Sylhet Sadar- 3100",8801711166522,,,,Sundarban,,,0125 - Easir Arafat,,
Done,MayM25,22-May,"Xiaomi TV A Pro 43"" QLED 2025",1,40990,40990,Shine Fusion Enterprise ,"Airport road, Khasdobir jam-e-masjid market, Sylhet ",8801719951824,,,,Sundarban,,,0125 - Easir Arafat,,
Done,MayM25,22-May,Xiaomi TV A Pro 32 Inch,1,20990,20990,Shine Fusion Enterprise ,"Airport road, Khasdobir jam-e-masjid market, Sylhet ",8801719951824,,,,Sundarban,,,0125 - Easir Arafat,,
Done,MayM25,24-May,Xiaomi TV A Pro 32 Inch,1,20690,20690,"Ayat electronics, lalmohon ","Lalmohon, Bhola ",8801977008384,,,,Sundarban,T- shirts ,,0123 - Anamul Islam Jewel,,
Done,MayM25,24-May,Xiaomi Wireless Keyboard and Mouse Combo,2,1989,3978,Daraz,"Asfia Tower - 76, Road-11, Block-E,  Banani ",8801847420050,,,,Self Delivery,,,E-Com,,
Done,MayM25,24-May,Xiaomi Rechargeable Mini Fan,3,2599,7797,Daraz,"Asfia Tower - 76, Road-11, Block-E,  Banani ",8801847420050,,,,Self Delivery,,,E-Com,,
Done,MayM25,24-May,"Xiaomi TV A Pro 55"" QLED 2025",1,61000,61000,Irfan,"House # A5-T2,4th floor,Unit 3,Bijoy Rakeen City,Mirpur-Dhaka",8801749005685,,,,Self Delivery,MD Sir Order,0,B2C,,
Done,MayM25,24-May,Mi Smart Air Fryer 3.5L,3,8990,26970,OnnoRokom Web Services Ltd,"2/1/E, Eden Center, Arambag, Motijheel, Dhaka-1000",8801708166273,,,,Self Delivery,,,E-Com,,
Done,MayM25,25-May,"Xiaomi TV A Pro 43"" QLED 2025",1,40990,40990,Amin Electronics ,"Shop: 2, Level: 2, Omar Shahjahan Tower, Ajompur Railgate, uttara",8801908668577,,,,Self Delivery,,,0035 - Md.Rejaul Islam Sujon,,
Done,MayM25,25-May,"Xiaomi TV A Pro 75"" QLED 2025",1,133190,133190,Wholesale Electronics ,"West Matikata, Auto Stand, Samsung Wearhouse, Mirpur ",8801715601888,,,,Self Delivery,,,0035 - Md.Rejaul Islam Sujon,Not Imposed,
Done,MayM25,25-May,"Xiaomi TV A Pro 55"" QLED 2025",5,61200,306000,Chowdhury Electronics ,Alpona Plaza ,8801785246248,,,,Self Delivery,,,0033 - Imran Hossain - DHK,,
Done,MayM25,25-May,"Xiaomi TV A Pro 65"" QLED 2025",5,80700,403500,Chowdhury Electronics ,Alpona Plaza ,8801785246248,,,,Self Delivery,,,0033 - Imran Hossain - DHK,Not Imposed,
Done,MayM25,25-May,A2 18K VIOMI AC Split (Non-Inverter) 1.5 Ton,2,45000,90000,Mr.Sujon,"Gabtoli ,Bogura",8801729531804,Jahidul bagbari ,"Bagbari, Zia bari ,Bogura",8801729531804‬,Self Delivery,,0,B2C,,
Done,MayM25,25-May,Redmi Note 14 Pro 5G 8/256GB,20,36550,731000,Classic telecom ,"Lal bazar, Akhaura sadar, B, baria",8801713609618,,,,Sundarban,Black 15 pcs & 5 pcs purple,,0094 - Shaharia Khan,,
Done,MayM25,25-May,Xiaomi TV A Pro 32 Inch,6,20990,125940,Esha Electronics ,"Shah Amanat City Corporation Super Market (1st Floor), Jubilee Road, Chittagong.",8801716548281,,,,Sundarban,,00,0070 - Tamal Roy,,
Done,MayM25,25-May,"Xiaomi TV A Pro 43"" QLED 2025",2,40690,81380,New Friends Electronics ,"Stadium 1 no gate, Shop no 29",8801817097172,,,,Self Delivery,,,0033 - Imran Hossain - DHK,,
Done,MayM25,25-May,Xiaomi TV A Pro 32 Inch,6,20990,125940,Smart home appliance ,"Alipur more,sadar,Faridpur ",8801318300516,,,,Sundarban,,,0026 - Ohidul Islam,,
Done,MayM25,26-May,"Xiaomi TV A Pro 55"" QLED 2025",5,63500,317500,Star Tech & Engineering Limited,"6th floor, 28 Kazi Nazrul Islam Ave,Navana Zohura Square, Dhaka 1000.",8801709995415,,"Star tech Ltd Central warehouse 127 Hazaribagh Road, Dhaka 1209 (Near tannery More Jame Mosjid) Former Apex Tannery",,Self Delivery,,0,B2B,,
Done,MayM25,26-May,Mi Dual Mode Wireless Mouse Silent Edition,1,1090,1090,Cartup,"Rahman's Regnum Centre, Level 6, 191/1, Tejgaon C/A, Dhaka - 1208",8801321153711,,,,Self Delivery,,0,E-Com,,
Done,MayM25,26-May,Xiaomi TV A 2025 55 Inch,3,55990,167970,Sumash Tech ,"Level 5, Shop No : 108-111, Bashundhara City ",8801677477085,,,,Self Delivery,,,0033 - Imran Hossain - DHK,,
Done,MayM25,26-May,"Xiaomi TV A Pro 55"" QLED 2025",2,64990,129980,Sumash Tech ,"Level 5, Shop no : 108-111, Bashundhara City ",8801677477085,,,,Self Delivery,,,0033 - Imran Hossain - DHK,,
Done,MayM25,27-May,Xiaomi TV A Pro 32 Inch,1,20990,20990,Amin Electronics ,"Shop: 2, Level: 2, Omar Shahjahan Tower, Ajompur Railgate, Uttara",8801908668577,,,,Self Delivery,,,0035 - Md.Rejaul Islam Sujon,,
Done,MayM25,27-May,"Xiaomi TV A Pro 55"" QLED 2025",1,64990,64990,UB Electronics ,"House- 04, Road- 17, Sector- 13, Uttara, Dhaka- 1230
",8801765591144,,,,Self Delivery,,,0035 - Md.Rejaul Islam Sujon,,
Done,MayM25,27-May,"Xiaomi TV A Pro 65"" QLED 2025",1,85590,85590,Sheba Electronics ,"Level: 2, London Plaza, Ajompur, Uttara",8801775311079,,,,Self Delivery,,,0035 - Md.Rejaul Islam Sujon,Not Imposed,
Done,MayM25,27-May,Redmi Note 14 Pro 5G 8/256GB,3,39000,117000,Electra Mobile ,"Shop No : 53, Basement :1,  Bashundhara City ",8801734737889,,,,Self Delivery,Colour : Black - 02 Pcs & Purple - 01 Pc,,0033 - Imran Hossain - DHK,,
Done,MayM25,27-May,A2 18K VIOMI AC Split (Non-Inverter) 1.5 Ton,1,44000,44000,GunGun Electronics ,"Khalibari more, B, baria sadar",8801911097959,,ব্রাহ্মণবাড়িয়া নাসিরনগর কলেজ মোড় Hello Saiful 01716841388,01716841388,Sundarban,,,0094 - Shaharia Khan,,
Done,MayM25,27-May,"Xiaomi TV A Pro 65"" QLED 2025",1,85590,85590,Sumash Tech ,Bashundhara City ,8801677477085,Sumash Tech ,"Samabay Super Market, Jhawtola, Cox's Bazar ",8801958354087,No Preference,,,0033 - Imran Hossain - DHK,Not Imposed,
Done,MayM25,27-May,Xiaomi TV A 2025 55 Inch,5,53500,267500,Chowdhury Electronics ,Alpona Plaza ,8801785246248,,,,Self Delivery,,,0033 - Imran Hossain - DHK,,
Done,MayM25,27-May,"Xiaomi TV A Pro 75"" QLED 2025",2,126000,252000,Chowdhury Electronics ,Alpona Plaza ,8801785246248,,,,Self Delivery,,,0033 - Imran Hossain - DHK,Not Imposed,
Done,MayM25,27-May,A2 12K VIOMI AC Split (Non-Inverter) 1 Ton,1,33000,33000,A.K Electronics ,"College road, Basurhat Noakhali. ",8801818294390,,,,Sundarban,"The previous 17 thousand taka has been paid,",,0124 - Fakhrul Islam Rahi,,
Done,MayM25,27-May,A2 18K VIOMI AC Split (Non-Inverter) 1.5 Ton,1,41500,41500,A.K electronics ,"College road, Basurhat Noakhali. ",8801818294390,,,,Sundarban,"The previous 17 thousand taka has been paid,",,0124 - Fakhrul Islam Rahi,,
Done,MayM25,27-May,A2 12K VIOMI AC Split (Non-Inverter) 1 Ton,2,31000,62000,Silver Water Technologies Bangladesh Limited,"Plot: 9, ka/kha Ground Floor, Dhaka 1215, Tejgaon",8801708127036,,,,Self Delivery,,0,E-Com,,
Done,MayM25,27-May,"Xiaomi TV A Pro 43"" QLED 2025",1,40990,40990,GunGun Electronics ,"Khalibari more, B, baria Sadar ",8801911097959,,"SD Globalization  Computer Sales & Service  Satpai Kalibari Mur, Netrakona  01676869409",01676869409,Sundarban,T shart / Scratch card 1 pcs,,0094 - Shaharia Khan,,
Done,MayM25,27-May,Xiaomi TV A Pro 32 Inch,2,20990,41980,Sofiq electronics ,"Modhukhali Bazar, Modhukhali, Faridpur ",8801705033553,,,,Sundarban,,,0026 - Ohidul Islam,,
Done,MayM25,28-May,"Xiaomi TV A Pro 43"" QLED 2025",4,40990,163960,Kailash Electronics BD,"Niloy- 20, Chowhatta,Sylhet ",8801313586337,,,,Sundarban,,,0125 - Easir Arafat,,
Done,MayM25,28-May,Xiaomi TV A Pro 32 Inch,6,20990,125940,Kailash Electronics BD,"Niloy- 20, Chowhatta,Sylhet ",8801313586337,,,,Sundarban,,,0125 - Easir Arafat,,
Done,MayM25,28-May,Xiaomi TV A 2025 55 Inch,1,55990,55990,HDR Electronics ,Uttara,8801833493949,Masud,"সে��্টর ১১, গরিবের নেওয়াজ, রোড ১২। উত্তরা ঢাকা।  বাইতুন নুর মসজিদের বিপরীতে। ",1920662283,Self Delivery,,,0035 - Md.Rejaul Islam Sujon,,
Done,MayM25,28-May,A2 18K VIOMI AC Split (Non-Inverter) 1.5 Ton,1,44000,44000,Star Tech & Engineering Limited,"6th floor, 28 Kazi Nazrul Islam Ave,Navana Zohura Square, Dhaka 1000",8801709995415,Star tech Ltd ,"Level-3, Minita Plaza, 54 New Elephant Road, Dhaka. Contact Person: Mr. Saddam",880 1709-995418,Self Delivery,,0,B2B,,
Done,MayM25,28-May,"Xiaomi TV A Pro 43"" QLED 2025",2,40990,81980,M/ S Raton electronics ,"Milk vita road, Takerhat, Madaripur ",8801977398333,,,,Sundarban,,,0026 - Ohidul Islam,,
Done,MayM25,28-May,"Xiaomi TV A Pro 55"" QLED 2025",1,64990,64990,Amin Electronics ,"Shop: 2, Level: 2, Omar Shahjahan Tower, Ajompur Railgate, Uttara",8801908668577,,,,Self Delivery,,,0035 - Md.Rejaul Islam Sujon,,
Done,MayM25,28-May,Xiaomi Smart Air Fryer Pro 4L,1,10000,10000,Mr. Mahbub,"Road 13, sector 13 uttara, Flat: 2A, House: 68",8801716867568,,,,Self Delivery,,,0035 - Md.Rejaul Islam Sujon,,
Done,MayM25,28-May,Xiaomi TV A Pro 32 Inch,2,20990,41980,Mollah electronics ,"Chairvadration Bazar, Chairvadration, Faridpur ",8801714833704,,,,Sundarban,,,0026 - Ohidul Islam,,
Done,MayM25,28-May,"Xiaomi TV A Pro 43"" QLED 2025",1,40990,40990,Mollah electronics ,"Chairvadration Bazar, Chairvadration, Faridpur ",8801714833704,,,,Sundarban,,,0026 - Ohidul Islam,,
Done,MayM25,28-May,Xiaomi TV A Pro 32 Inch,3,20990,62970,Mollik Electronics ,"Tarfder market,  Jibonnogor,  Chuadanga",8801726751146,No,No,No,No Preference,No,0,0126 - Ashik Sardar,,
Done,MayM25,28-May,Mi Smart Scale 2,1,2690,2690,Xiaomi Bangladesh,"Concord Silvy, Plot # CWS(A, 11A Gulshan Ave, Dhaka 1212",8801707865261,,,,Self Delivery,,0,B2B,,
Done,MayM25,29-May,Xiaomi TV A Pro 32 Inch,1,20990,20990,Silver Water Technologies Bangladesh Limited,"Plot: 9, ka/kha Ground Floor, Dhaka 1215, Tejgaon",8801708127036,,,,Self Delivery,,,E-Com,,
Done,MayM25,29-May,A2 12K VIOMI AC Split (Non-Inverter) 1 Ton,2,31000,62000,Silver Water Technologies Bangladesh Limited,"Plot: 9, ka/kha Ground Floor, Dhaka 1215, Tejgaon",8801708127036,,,,Self Delivery,,,E-Com,,
Done,MayM25,29-May,"Xiaomi TV A Pro 65"" QLED 2025",3,81000,243000,Silver Water Technologies Bangladesh Limited,"Plot: 9, ka/kha Ground Floor, Dhaka 1215, Tejgaon",8801708127036,Mr. Suvashis ,"Aviation and Aerospace University  Old Airport, before Jahangir Gate. Building next to Air Force Mosque",+880 1611-522671,Self Delivery,,,E-Com,Not Imposed,
Done,MayM25,29-May,Xiaomi TV A Pro 32 Inch,7,20990,146930,KS Electronics ,"Baitul Mukarram, H 20, Gate No : 5",8801842261648,,,,Self Delivery,,,0033 - Imran Hossain - DHK,,
Done,MayM25,29-May,"Xiaomi TV A Pro 43"" QLED 2025",2,40990,81980,KS Electronics ,"Baitul Mukarram, H 20, Gate No : 5",8801842261648,,,,Self Delivery,,,0033 - Imran Hossain - DHK,,
Done,MayM25,29-May,Xiaomi TV A 2025 55 Inch,1,55990,55990,KS Electronics ,"Baitul Mukarram, H 20, Gate No : 5",8801842261648,,,,Self Delivery,,,0033 - Imran Hossain - DHK,,
Done,MayM25,29-May,Xiaomi TV A Pro 32 Inch,6,20990,125940,Kenabecha electronics ,"Baneshwar Bazar, Puthia, Rajshahi. ",8801731913708,,,,Sundarban,Pls send scratch card & gift item,150000,0019 - Hafizur Rahman,,
Done,MayM25,29-May,A2 12K VIOMI AC Split (Non-Inverter) 1 Ton,3,33000,99000,N.B Electronics ,"Sholoshohor, Nasirabad, Chittagong ",8801720189210,,,,No Preference,,00,0070 - Tamal Roy,,
Done,MayM25,29-May,A2 18K VIOMI AC Split (Non-Inverter) 1.5 Ton,6,41500,249000,N.B Electronics ,"Sholoshohor, Nasirabad, Chittagong ",8801720189210,,,,No Preference,,00,0070 - Tamal Roy,,
Done,MayM25,29-May,A2 24K VIOMI AC Split (Non-Inverter) 2 Ton,1,52000,52000,N.B Electronics ,"Sholoshohor, Nasirabad, Chittagong ",8801720189210,,,,No Preference,,00,0070 - Tamal Roy,,
Done,MayM25,29-May,Xiaomi TV A Pro 32 Inch,4,20990,83960,Al-Madina Electronics Center ,"Nur Market(1st floor), Charpatharghata, Old Bridgeghat (Kaca Bazar), Karnafuli, Chittagong.",8801819604812,,,,Sundarban,,00,0070 - Tamal Roy,,
Done,MayM25,29-May,"Xiaomi TV A Pro 43"" QLED 2025",1,40990,40990,Al-Madina Electronics Center ,"Nur Market(1st floor), Charpatharghata, Old Bridgeghat (Kaca Bazar), Karnafuli, Chittagong.",8801819604812,,,,Sundarban,,00,0070 - Tamal Roy,,
Done,MayM25,29-May,"Xiaomi TV A Pro 43"" QLED 2025",1,39000,39000,Noyan,Mohammadpur,8801704496109,,,,Self Delivery,,0,B2C,,
Done,MayM25,31-May,Xiaomi TV A Pro 32 Inch,1,20990,20990,UB Electronics ,"House- 04, Road- 17, Sector- 13, Uttara, Dhaka- 1230",8801866222090,,,,Self Delivery,,,0035 - Md.Rejaul Islam Sujon,,
Done,MayM25,31-May,"Xiaomi TV A Pro 43"" QLED 2025",1,40990,40990,UB Electronics ,Uttara,8801866222090,,,,Self Delivery,,,0035 - Md.Rejaul Islam Sujon,,
Done,MayM25,31-May,"Xiaomi TV A Pro 43"" QLED 2025",4,40990,163960,Amin Electronics ,"Shop: 2, Level:2, Omar Shahjahan Tower, Ajompur Railgate, Uttara",8801908668577,,,,Self Delivery,,,0035 - Md.Rejaul Islam Sujon,,
Done,MayM25,31-May,Xiaomi TV A Pro 32 Inch,4,20990,83960,Amin Electronics ,Uttara,8801908668577,,,,Self Delivery,,,0035 - Md.Rejaul Islam Sujon,,
Done,MayM25,31-May,Xiaomi TV A Pro 32 Inch,4,20990,83960,Wholesale Electronic Narayanganj ,"Uttor Cashara,NAN Tv Building,Narayanganj. ",8801888018887,,,,Sundarban,Bhai ensure home delivery. ,103918,0112 - Ahasanul Kabir,,
Done,MayM25,31-May,Xiaomi TV A Pro 32 Inch,2,20990,41980,Wholesale Electronic Narayanganj ,"Uttar Cashara,Narayanganj ",8801888018887,Munshiganj IT,"Samabay Market,3rd Floor,Cashara,Narayanganj. ",01979999722,Sundarban,Ensure home delivery. ,41980,0112 - Ahasanul Kabir,,
Done,MayM25,31-May,"Xiaomi TV A Pro 65"" QLED 2025",5,80700,403500,Chowdhury Electronics ,Alpona Plaza ,8801785246248,,,,Self Delivery,,,0033 - Imran Hossain - DHK,Not Imposed,
Done,MayM25,31-May,"Xiaomi TV A Pro 43"" QLED 2025",7,40990,286930,Brand Bazaar ,Happy Arcadia Shopping Malls ,8801711903044,,,,Self Delivery,,,0033 - Imran Hossain - DHK,,
Done,MayM25,31-May,"Xiaomi TV A Pro 55"" QLED 2025",3,64990,194970,Brand Bazaar ,Happy Arcadia Shopping Malls ,8801711903044,,,,Self Delivery,,,0033 - Imran Hossain - DHK,,
Done,MayM25,31-May,Xiaomi TV A Pro 32 Inch,3,20990,62970,Sumash Tech ,"Bashundhara City, Level 5, Shop no : 108-111",8801677477085,,,,Self Delivery,,,0033 - Imran Hossain - DHK,,
Done,MayM25,31-May,"Xiaomi TV A Pro 43"" QLED 2025",1,40990,40990,Sumash Tech ,"Bashundhara City, level 5, Shop no : 108-111",8801677477085,,,,Self Delivery,,,0033 - Imran Hossain - DHK,,
Done,MayM25,31-May,Xiaomi TV A Pro 32 Inch,2,20990,41980,Bacchu electro mart & house ,"Sadar,Madaripur ",8801672959851,,,,Sundarban,,,0026 - Ohidul Islam,,
Done,JunJ25,1-Jun,"Xiaomi TV A Pro 75"" QLED 2025",1,135990,135990,Rango Electronics ,Badda,8801798565001,Mr badal  ,"Near Japan embassy, baridhara",01925-394939,Self Delivery,,,0035 - Md.Rejaul Islam Sujon,Not Imposed,
Done,JunJ25,1-Jun,"Xiaomi TV A Pro 65"" QLED 2025",1,84000,84000,Star Tech & Engineering Limited,"6th floor, 28 Kazi Nazrul Islam Ave,Navana Zohura Square, Dhaka 1000.",8801709995415,Star tech Ltd,Multiplan Store,8801313717050,Self Delivery,,0,B2B,Not Imposed,
Done,JunJ25,1-Jun,Redmi Note 14 Pro+ 5G 12/512GB,1,49900,49900,SEBL Distribution,"House # 7, Road # 54/A, Gulshan-2, Dhaka-1212",8801708813783,,,,Self Delivery,,0,B2B,,
Done,JunJ25,1-Jun,A2 18K VIOMI AC Split (Non-Inverter) 1.5 Ton,1,50990,50990,Xiaomi Bangladesh,"Concord Silvy, Plot # CWS(A, 11A Gulshan Ave, Dhaka 1212",8801707865261,MD : Motiur Rahman,"Rony Bekari,  Adarsh club Road Akkulpur, Joypurhat",8801711000235,Sundarban,,0,B2B,,
Done,JunJ25,1-Jun,A2 18K VIOMI AC Split (Non-Inverter) 1.5 Ton,1,50990,50990,Xiaomi Bangladesh,"Concord Silvy, Plot # CWS(A, 11A Gulshan Ave, Dhaka 1212",8801707865261,Md. Bappi Shikder,"শিকদার বাড়ি, গ্রামঃ পানতিতা,ডাকঘরঃ পানতিতা - ৯২৩০,থানাঃ তেরখাদা, খুলনা।",8801990738064,Self Delivery,,0,B2B,,
Done,JunJ25,1-Jun,Xiaomi TV A Pro 32 Inch,1,20990,20990,Fair Electronics ,Panchagarh Sadar,8801744853828,,,,Sundarban,Send scratch card ,,0019 - Hafizur Rahman,,
Done,JunJ25,1-Jun,Xiaomi TV A 2025 55 Inch,1,55990,55990,Shohan Electronics ,"Dakbanglo,  Khulna sador,  Khulna. ",8801726728024,Na,Na,Na,No Preference,,0,0126 - Ashik Sardar,,
Done,JunJ25,1-Jun,Xiaomi TV A 2025 55 Inch,3,55990,167970,New Japan Electronics,"Stadium,Cumilla Sadar",8801711392790,,,,Self Delivery,,0,0024 - Taimur Hossain,,
Done,JunJ25,1-Jun,"Xiaomi TV A Pro 55"" QLED 2025",2,64990,129980,New Japan Electronics,"Stadium,Cumilla Sadar",8801711392790,,,,Self Delivery,,0,0024 - Taimur Hossain,,
Done,JunJ25,1-Jun,Xiaomi TV A 2025 55 Inch,5,55990,279950,FM Electronics ,"Rifle Club, Nandan Kanon, Chittagong.",8801824946334,,,,Sundarban,,0,0025 - Imran Hossain - CTG,,
Done,JunJ25,1-Jun,"Xiaomi TV A Pro 43"" QLED 2025",2,40990,81980,Bj Electronics,CTG,8801734640607,,,,Self Delivery,,0,0025 - Imran Hossain - CTG,,
Done,JunJ25,1-Jun,Xiaomi TV A 2025 55 Inch,1,55990,55990,Bj Electronics,CTG,8801734640607,,,,Self Delivery,,0,0025 - Imran Hossain - CTG,,
Done,JunJ25,1-Jun,"Xiaomi TV A Pro 43"" QLED 2025",2,40990,81980,Techno Electronics ,CTG,8801747079467,,,,Self Delivery,,0,0025 - Imran Hossain - CTG,,
Done,JunJ25,2-Jun,A2 18K VIOMI AC Split (Non-Inverter) 1.5 Ton,1,42500,42500,M/S Nurul Enterprise,Sohrawardi College Banorgati Khulna ,8801923404406,Nill,Nill,Nill,Sundarban,,00,0031 - Adnan Billah,,
Done,JunJ25,2-Jun,"Xiaomi TV A Pro 65"" QLED 2025",1,85590,85590,National Electronics ,"Fatema Plaza, Chawrongi bazar Gopalgonj.",8801714065626,Abdul Halim,ফিরিঙ্গা বাজার আর সি চাস রোড ১৭ নং হাজী ভিলা । থানা কোতোয়ালি চট্টগ্রাম ।,"01920564444, 01856204444",Sundarban,,00,0031 - Adnan Billah,Pending,
Done,JunJ25,2-Jun,Mi Dual Mode Wireless Mouse Silent Edition,1,990,990,Daraz,"Asfia Tower - 76, Road-11, Block-E,  Banani ",8801847420050,,,,Self Delivery,,,E-Com,,
Done,JunJ25,2-Jun,Xiaomi TV A 2025 55 Inch,1,59990,59990,Daraz,"Asfia Tower - 76, Road-11, Block-E,  Banani ",8801847420050,,,,Self Delivery,,,E-Com,,
Done,JunJ25,2-Jun,Xiaomi Rechargeable Mini Fan,2,2599,5198,Daraz,"Asfia Tower - 76, Road-11, Block-E,  Banani ",8801847420050,,,,Self Delivery,,,E-Com,,
Done,JunJ25,2-Jun,A2 18K VIOMI AC Split (Non-Inverter) 1.5 Ton,1,45000,45000,Sumash Tech ,"Bashundhara City, Shop No : 108-111, Level 5",8801684003137,,,,Self Delivery,,,0033 - Imran Hossain - DHK,,
Done,JunJ25,2-Jun,A2 24K VIOMI AC Split (Non-Inverter) 2 Ton,1,58000,58000,Sumash Tech ,UTC Building,8801684003137,,,,Self Delivery,,,0033 - Imran Hossain - DHK,,
Done,JunJ25,2-Jun,Xiaomi TV A Pro 32 Inch,8,21000,168000,Mi Smart Home,"Feni Somobay market -3, ground floor ",8801711765235,,,,Sundarban,,,0124 - Fakhrul Islam Rahi,,
Done,JunJ25,2-Jun,"Xiaomi TV A Pro 43"" QLED 2025",3,41000,123000,Mi Smart Home,"Feni, Somobay market -3 ground floor ",8801711765235,,,,Sundarban,,,0124 - Fakhrul Islam Rahi,,
Done,JunJ25,2-Jun,"Xiaomi TV A Pro 55"" QLED 2025",1,64990,64990,Ahmed Razib,"6/5, Moneshwar Road, Jhigatolq, After 2 Goli of Jhigatola Boro Moshjid",8801708521482,,,,Self Delivery,,,B2C,,
Done,JunJ25,2-Jun,Xiaomi TV A 2025 55 Inch,1,56000,56000,Mi Smart Home,Feni Somobay market -3 ground floor ,8801711765235,,,,Sundarban,,,0124 - Fakhrul Islam Rahi,,
Done,JunJ25,2-Jun,Redmi Note 14 Pro 5G 8/256GB,1,39000,39000,MF Training ,Mohammadpur ,8801611729455,,,,Self Pick,Colour : Black,,0033 - Imran Hossain - DHK,,
Done,JunJ25,2-Jun,A2 18K VIOMI AC Split (Non-Inverter) 1.5 Ton,2,42500,85000,Redowan Mustafa Al Hossain,Bosila west dhanmondi housing house no 7 road no 6 block A,8801733888337,,,,No Preference,MD sir Order,,B2C,,
Done,JunJ25,2-Jun,"Xiaomi TV A Pro 43"" QLED 2025",3,40990,122970,Mahathir Electronics ,"Khan tower, Gorango Bazar, Station road, Kishurganj sadar",8801708601007,,,,Sundarban,,,0094 - Shaharia Khan,,
Done,JunJ25,2-Jun,"Xiaomi TV A Pro 55"" QLED 2025",2,64990,129980,Mahathir Electronics ,"Khan tower, Gorango Bazar, Station road, Kishurganj sadar",8801708601007,,,,Sundarban,,,0094 - Shaharia Khan,,
Done,JunJ25,2-Jun,Xiaomi TV A Pro 32 Inch,2,20990,41980,Shine Fusion Enterprise ,"Airport road, Khasdobir Madani Masjid Market, Sylhet ",8801719951824,,,,Sundarban,,,0125 - Easir Arafat,,
Done,JunJ25,3-Jun,"Xiaomi TV A Pro 75"" QLED 2025",1,135990,135990,UB Electronics ,"
House- 04, Road- 17, Sector- 13, Uttara, Dhaka- 1230",8801866222090,,,,Self Delivery,,,0035 - Md.Rejaul Islam Sujon,Not Imposed,
Done,JunJ25,3-Jun,"Xiaomi TV A Pro 65"" QLED 2025",1,85590,85590,Amin Electronics ,"Shop: 2, Level: 2, Omar Shahjahan Tower, Ajompur Railgate, Uttara",8801908668577,,,,Self Delivery,,,0035 - Md.Rejaul Islam Sujon,Not Imposed,
Done,JunJ25,3-Jun,Xiaomi TV A Pro 32 Inch,2,20990,41980,The Brand Shop ,"House: 19, Road: 15, Sector:3 Uttara, Ajompur ",8801619638670,,,,Self Delivery,,,0035 - Md.Rejaul Islam Sujon,,
Done,JunJ25,3-Jun,"Xiaomi TV A Pro 43"" QLED 2025",2,40990,81980,Al-Madina Electronics Center ,"Nur Market(1st floor), Charpatharghata, Old Bridgeghat (Kaca Bazar), Karnafuli, Chittagong.",8801767880704,,,,No Preference,Note : Please make sure product will delivery by tomorrow.,00,0070 - Tamal Roy,,
Done,JunJ25,3-Jun,"Xiaomi TV A Pro 43"" QLED 2025",1,38500,38500,Silver Water Technologies Bangladesh Limited,"Plot: 9, ka/kha Ground Floor, Dhaka 1215, Tejgaon",8801708127036,,,,Self Delivery,,,E-Com,,
Done,JunJ25,3-Jun,"Xiaomi TV A Pro 55"" QLED 2025",1,61000,61000,Silver Water Technologies Bangladesh Limited,"Plot: 9, ka/kha Ground Floor, Dhaka 1215, Tejgaon",8801708127036,,,,Self Delivery,,,E-Com,,
Done,JunJ25,3-Jun,Redmi Note 14 Pro 5G 8/256GB,1,39000,39000,Silver Water Technologies Bangladesh Limited,"Plot: 9, ka/kha Ground Floor, Dhaka 1215, Tejgaon",8801708127036,,,,Self Delivery,Color - black,,E-Com,,
Done,JunJ25,3-Jun,A2 18K VIOMI AC Split (Non-Inverter) 1.5 Ton,1,45000,45000,Vicky Uncle,"63, satmasjid road, dhanmondi 
Opposite of abahoni field main gate. Beside national bank.",8801779199527,,,,No Preference,,,B2C,,
Done,JunJ25,3-Jun,A2 24K VIOMI AC Split (Non-Inverter) 2 Ton,1,57000,57000,Vicky Uncle," 63, satmasjid road, dhanmondi 
Opposite of abahoni field main gate. Beside national bank",8801779199527,,,,No Preference,,,B2C,,
Done,JunJ25,3-Jun,Redmi Note 14 Pro 5G 8/256GB,5,38220,191100,Fantasy Telecom ,"4th floor,Akhtaruzzaman Center,Agrabad,Ctg",8801979292100,,,,AJR,,,0025 - Imran Hossain - CTG,,
Done,JunJ25,4-Jun,Xiaomi TV A Pro 32 Inch,1,20990,20990,Amin Electronics ,"Shop: 2, Level: 2, Omar Shahjahan Tower, Ajompur Railgate, Uttara",8801908668577,,,,Self Delivery,,,0035 - Md.Rejaul Islam Sujon,,
Done,JunJ25,4-Jun,"Xiaomi TV A Pro 43"" QLED 2025",5,40990,204950,Amin Electronics ,"Shop: 2, Level: 2, Omar Shahjahan Tower, Ajompur Railgate, Uttara",8801908668577,,,,Self Delivery,,,0035 - Md.Rejaul Islam Sujon,,
Done,JunJ25,4-Jun,"Xiaomi TV A Pro 55"" QLED 2025",3,64990,194970,Amin Electronics ,"Shop: 2, Level: 2, Omar Shahjahan Tower, Ajompur Railgate, Uttara",8801908668577,,,,Self Delivery,,,0035 - Md.Rejaul Islam Sujon,,
Done,JunJ25,4-Jun,"Xiaomi TV A Pro 65"" QLED 2025",2,85590,171180,Amin Electronics ,"Shop: 2, Level: 2, Omar Shahjahan Tower, Ajompur Railgate, Uttara",8801908668577,,,,Self Delivery,,,0035 - Md.Rejaul Islam Sujon,Not Imposed,
Done,JunJ25,4-Jun,Xiaomi TV A Pro 32 Inch,2,20990,41980,UB Electronics ,"House- 04, Road- 17, Sector- 13, Uttara, Dhaka- 1230
",8801765591144,,,,Self Delivery,,,0035 - Md.Rejaul Islam Sujon,,
Done,JunJ25,4-Jun,"Xiaomi TV A Pro 43"" QLED 2025",3,40990,122970,UB Electronics ,"House- 04, Road- 17, Sector- 13, Uttara, Dhaka- 1230
",8801765591144,,,,Self Delivery,,,0035 - Md.Rejaul Islam Sujon,,
Done,JunJ25,4-Jun,"Xiaomi TV A Pro 55"" QLED 2025",1,64990,64990,UB Electronics ,"House- 04, Road- 17, Sector- 13, Uttara, Dhaka- 1230
",8801765591144,,,,Self Delivery,,,0035 - Md.Rejaul Islam Sujon,,
Done,JunJ25,4-Jun,A2 12K VIOMI AC Split (Non-Inverter) 1 Ton,1,33000,33000,UB Electronics ,"House- 04, Road- 17, Sector- 13, Uttara, Dhaka- 1230
",8801765591144,,,,Self Delivery,,,0035 - Md.Rejaul Islam Sujon,,
Done,JunJ25,4-Jun,"Xiaomi TV A Pro 43"" QLED 2025",4,40990,163960,Amin Electronics ,Uttara ,8801908668577,,,,Self Delivery,,,0035 - Md.Rejaul Islam Sujon,,
Done,JunJ25,4-Jun,"Xiaomi TV A Pro 43"" QLED 2025",1,39000,39000,Md.Rejaul Islam Sujon (Amaya Employee),"Keraniganj, Zinzira ",8801675751113,,,,Self Delivery,Installment ,,0035 - Md.Rejaul Islam Sujon,,
Done,JunJ25,4-Jun,Xiaomi TV A Pro 32 Inch,1,20990,20990,Techi E Store ,"308, Samir tower, 2nd floor, Bata Signal, Elephant Road",8801641993225,,,,Self Delivery,,,0035 - Md.Rejaul Islam Sujon,,
Done,JunJ25,4-Jun,"Xiaomi TV A Pro 55"" QLED 2025",2,64990,129980,Mr. Ratan Rana,Jatrabari ,8801303154236,মো:জাহাঙ্গীর ,"বাড়ৈইখালি(সিদরপুর) শ্রীনগর,মুন্সিগ্জ",8801758669225,Self Delivery,,,0035 - Md.Rejaul Islam Sujon,,
Done,JunJ25,4-Jun,Mi Smart Air Fryer 3.5L,2,1,2,KRY International,"Shop 32, Basement 1, BCT",8801683471560,,,,Self Delivery,,0,B2B,,
Done,JunJ25,4-Jun,Mi Smart Air Fryer 3.5L,1,1,1,Rio International,"Shop 65, Basement 2, BCT",8801814822785,,,,Self Delivery,,0,B2B,,
Done,JunJ25,4-Jun,"Xiaomi TV A Pro 75"" QLED 2025",1,132000,132000,Star Tech & Engineering Limited,"6th floor, 28 Kazi Nazrul Islam Ave,Navana Zohura Square, Dhaka 1000.",8801709995415,,,,Self Delivery,,0,B2B,Not Imposed,
Done,JunJ25,4-Jun,"Xiaomi TV A Pro 43"" QLED 2025",1,40990,40990,Long Tech ,"Y-7, Noor Jahan Road, Mohammadpur ",8801919234023,Kamrul Ovi,Self Pick,01920105216,Self Pick,"Previous Advanced in his ledger 27000 taka
14000 Taka ( COD ) ",,0033 - Imran Hossain - DHK,,
Done,JunJ25,4-Jun,Mi Smart Air Fryer 3.5L,1,1,1,Dazzle,"Finlay Square,Nasirabad,Ctg",8801830999969,,,,Self Delivery,,0,B2C,,
Done,JunJ25,15-Jun,Xiaomi TV A Pro 32 Inch,1,20990,20990,Ayat Electronics,Masjid Road Lal Mohon Bhola ,8801977008384,Nill,Nill,Nill,No Preference,Only Shawdagor Courier ,00,0031 - Adnan Billah,,
Done,JunJ25,15-Jun,A2 18K VIOMI AC Split (Non-Inverter) 1.5 Ton,1,42500,42500,M/S Nurul Enterprise,Sohrawardi College Banorgati Khulna ,8801923404406,Nill,Nill,Nill,Sundarban,,00,0031 - Adnan Billah,,
Done,JunJ25,15-Jun,"Xiaomi TV A Pro 43"" QLED 2025",1,40990,40990,NBR Employee,"148/B, Moonlight Kashful, Near Matir Masjid, Khilgaon, Dhaka",8801712083417,,,,Self Delivery,MD Sir Ref,0,B2B,,
Done,JunJ25,15-Jun,A2 18K VIOMI AC Split (Non-Inverter) 1.5 Ton,1,44000,44000,Chowdhury Electronics,Alpona Plaza,8801785246248,Ashraful Alam Abir,"249/A/4, Royal Society Residential Area, South Jatrabari, Dhaka",8801911778452,Self Delivery,,0,B2B,,
Done,JunJ25,15-Jun,A2 18K VIOMI AC Split (Non-Inverter) 1.5 Ton,1,45000,45000,Shafin Electronics ,"Madanpur,Bondor,Narayanganj ",8801902604413,,,,No Preference,Bhai ensure home delivery. ,,0112 - Ahasanul Kabir,,
Done,JunJ25,15-Jun,A2 18K VIOMI AC Split (Non-Inverter) 1.5 Ton,1,44000,44000,Mr. Khalilur Rahman,"Bogura Sadar, Bogura",8801712756380,,,,Self Delivery,,0,B2C,,
Done,JunJ25,15-Jun,A2 24K VIOMI AC Split (Non-Inverter) 2 Ton,1,57000,57000,Mr. Khalilur Rahman,"Bogura Sadar, Bogura",8801712756380,,,,Self Delivery,,0,B2B,,
Done,JunJ25,15-Jun,Mi Dual Mode Wireless Mouse Silent Edition,1,990,990,Daraz,"Asfia Tower - 76, Road-11, Block-E,  Banani ",8801847420050,daraz,daraz,daraz,Self Delivery,daraz,0,E-Com,,
Done,JunJ25,15-Jun,"Xiaomi TV A Pro 43"" QLED 2025",1,44990,44990,Daraz,"Asfia Tower - 76, Road-11, Block-E,  Banani ",8801847420050,daraz,daraz,daraz,Self Delivery,daraz,0,E-Com,,
Done,JunJ25,15-Jun,Mi Dual Mode Wireless Mouse Silent Edition,1,990,990,Daraz,"Asfia Tower - 76, Road-11, Block-E,  Banani ",8801847420050,daraz,daraz,daraz,Self Delivery,daraz,0,E-Com,,
Done,JunJ25,15-Jun,Xiaomi Rechargeable Mini Fan,1,2699,2699,Daraz,"Asfia Tower - 76, Road-11, Block-E,  Banani ",8801847420050,daraz,daraz,daraz,Self Delivery,daraz,0,E-Com,,
Done,JunJ25,15-Jun,Mi Motion-Activated Night Light 2,3,750,2250,Daraz,"Asfia Tower - 76, Road-11, Block-E,  Banani ",8801847420050,daraz,daraz,daraz,Self Delivery,daraz,0,E-Com,,
Done,JunJ25,15-Jun,"Xiaomi TV A Pro 65"" QLED 2025",1,89990,89990,Daraz,"Asfia Tower - 76, Road-11, Block-E,  Banani ",8801847420050,daraz,daraz,daraz,Self Delivery,daraz,0,E-Com,Not Imposed,
Done,JunJ25,15-Jun,Xiaomi TV A Pro 32 Inch,2,20500,41000,Star Tech & Engineering Limited,"6th floor, 28 Kazi Nazrul Islam Ave,Navana Zohura Square, Dhaka 1000.",8801709995415,"Star tech Ltd Central warehouse 127 Hazaribagh Road, Dhaka 1209 (Near tannery More Jame",,01713651665,Self Delivery,,0,B2B,,
Done,JunJ25,15-Jun,"Xiaomi TV A Pro 43"" QLED 2025",6,39000,234000,Star Tech & Engineering Limited,"6th floor, 28 Kazi Nazrul Islam Ave,Navana Zohura Square, Dhaka 1000.",8801709995415,"Star tech Ltd Central warehouse 127 Hazaribagh Road, Dhaka 1209 (Near tannery More Jame",,01713651665,Self Delivery,,0,B2B,,
Done,JunJ25,15-Jun,"Xiaomi TV A Pro 55"" QLED 2025",8,63000,504000,Star Tech & Engineering Limited,"6th floor, 28 Kazi Nazrul Islam Ave,Navana Zohura Square, Dhaka 1000.",8801709995415,"Star tech Ltd Central warehouse 127 Hazaribagh Road, Dhaka 1209 (Near tannery More Jame",,01713651665,Self Delivery,,0,B2B,,
Done,JunJ25,15-Jun,"Xiaomi TV A Pro 65"" QLED 2025",3,83000,249000,Star Tech & Engineering Limited,"6th floor, 28 Kazi Nazrul Islam Ave,Navana Zohura Square, Dhaka 1000.",8801709995415,"Star tech Ltd Central warehouse 127 Hazaribagh Road, Dhaka 1209 (Near tannery More Jame",,01713651665,Self Delivery,,0,B2B,Not Imposed,
Done,JunJ25,15-Jun,"Xiaomi TV A Pro 75"" QLED 2025",1,130000,130000,Star Tech & Engineering Limited,"6th floor, 28 Kazi Nazrul Islam Ave,Navana Zohura Square, Dhaka 1000.",8801709995415,"Star tech Ltd Central warehouse 127 Hazaribagh Road, Dhaka 1209 (Near tannery More Jame",,01713651665,Self Delivery,,0,B2B,Not Imposed,
Done,JunJ25,15-Jun,Mi Smart Air Fryer 3.5L,2,8990,17980,Star Tech & Engineering Limited,"6th floor, 28 Kazi Nazrul Islam Ave,Navana Zohura Square, Dhaka 1000.",8801709995415,,,,Self Delivery,,0,B2B,,
Done,JunJ25,15-Jun,A2 18K VIOMI AC Split (Non-Inverter) 1.5 Ton,1,45000,45000,S S Traders,Rajshahi ,8801711504879,Sakib,"Care & Cure medical services  Sadar hospital road,  Chuadanga. ",01313721975,Self Delivery,,0,B2B,,
Done,JunJ25,15-Jun,"Xiaomi TV A Pro 65"" QLED 2025",1,85590,85590,Bj Electronics,"1st floor,154no shop,Chittagong shopping complex,Sholosahar,ctg",8801734640607,,,,Sundarban,,,0025 - Imran Hossain - CTG,Pending,
Done,JunJ25,15-Jun,"Xiaomi TV A Pro 65"" QLED 2025",1,84990,84990,New Friends Electronics ,"Stadium 1 no gate, Shop No : 29",8801817097172,,,,Self Delivery,,,0033 - Imran Hossain - DHK,Not Imposed,
Done,JunJ25,16-Jun,"Xiaomi TV A Pro 55"" QLED 2025",1,61000,61000,Silver Water Technologies Bangladesh Limited,"Plot: 9, ka/kha Ground Floor, Dhaka 1215, Tejgaon",8801708127036,,,,Self Delivery,,0,E-Com,,
Done,JunJ25,16-Jun,"Xiaomi TV A Pro 65"" QLED 2025",1,81000,81000,Silver Water Technologies Bangladesh Limited,"Plot: 9, ka/kha Ground Floor, Dhaka 1215, Tejgaon",8801708127036,,,,Self Delivery,,0,E-Com,Not Imposed,
Done,JunJ25,16-Jun,"Xiaomi TV A Pro 75"" QLED 2025",1,125000,125000,Silver Water Technologies Bangladesh Limited,"Plot: 9, ka/kha Ground Floor, Dhaka 1215, Tejgaon",8801708127036,,,,Self Delivery,,0,E-Com,Not Imposed,
Done,JunJ25,16-Jun,Redmi Buds 3 Pro,1,3890,3890,Daraz,"Asfia Tower - 76, Road-11, Block-E,  Banani ",8801847420050,,,,Self Pick,,,E-Com,,
Done,JunJ25,16-Jun,"Xiaomi TV A Pro 55"" QLED 2025",2,64490,128980,New Friends Electronics ,"Stadium 1 No Gate, Shop No : 29",8801817097172,,,,Self Delivery,,,0033 - Imran Hossain - DHK,,
Done,JunJ25,16-Jun,"Xiaomi TV A Pro 65"" QLED 2025",1,84990,84990,New Friends Electronics ,"Stadium 1 No Gate, Shop No : 29",8801817097172,,,,Self Delivery,,,0033 - Imran Hossain - DHK,Not Imposed,
Done,JunJ25,16-Jun,"Xiaomi TV A Pro 55"" QLED 2025",1,65000,65000,Tv Bazar ,Multiplan,8801881584115,Khan Technology ,,8801831593612,Self Pick,"7800 have in his ledger. 
Now payable amount - 57200 Taka",,0033 - Imran Hossain - DHK,,
Done,JunJ25,16-Jun,"Xiaomi TV A Pro 55"" QLED 2025",1,64990,64990,Electronics Hub,"Shahid abdul Jabbar road,Jolesworitola,Sadar bogura.",8801717045657,,,,Sundarban,Send gift item,,0019 - Hafizur Rahman,,
Done,JunJ25,17-Jun,"Xiaomi TV A Pro 55"" QLED 2025",1,64990,64990,Smart home appliance ,Alipur sadar Faridpur ,8801318300516,,,,Sundarban,,,0026 - Ohidul Islam,,
Done,JunJ25,17-Jun,Xiaomi TV A Pro 43 Inch,2,37000,74000,Smart home appliance ,Alipur sadar Faridpur ,8801318300516,,,,Sundarban,,,0026 - Ohidul Islam,,
Done,JunJ25,17-Jun,"Xiaomi TV A Pro 43"" QLED 2025",1,40990,40990,Robishop,"FlingEx Warehouse. 159/C Tejgaon Industrial Area, Dhaka, Bangladesh.",8801833623322,Shamik Barua,"475, Road 16, Block F, Bashundhara R/A,-,Dhaka",01833183943,Self Delivery,,,E-Com,,
Done,JunJ25,17-Jun,"Xiaomi TV A Pro 43"" QLED 2025",1,37900,37900,Dx Tel,"PC Garden, (5th Floor), Flat No-5/A, 20-21, Garden Road,Kawran Bazar Lane,; Tejgaon PS; Dhaka-1215; Bangladesh",8801708813798,Mi Store Tangail,"Bindubashini Girls School Road, Tangail",01708464126,Self Delivery,,,B2B,,
Done,JunJ25,17-Jun,A2 18K VIOMI AC Split (Non-Inverter) 1.5 Ton,3,43500,130500,Shine Future Enterprise ,"Airport road, Khasdobir Madani masjid market, Sylhet ",8801719951824,,,,Sundarban,Sundarban Ambarkhana branch e products pathaben.,,0125 - Easir Arafat,,
Done,JunJ25,17-Jun,A2 24K VIOMI AC Split (Non-Inverter) 2 Ton,1,55500,55500,Shine Fusion Enterprise ,"Airport road, Khashdobir Madani masjid market, Sylhet ",8801719951824,,,,Sundarban,Sundarban Ambarkhana branch e products pathaben.,,0125 - Easir Arafat,,
Done,JunJ25,17-Jun,A2 12K VIOMI AC Split (Non-Inverter) 1 Ton,1,35000,35000,Shine Fusion Enterprise ,"Airport road, Khasdobir Madani masjid market, Sylhet",8801719951824,,,,Sundarban,Sundarban Ambarkhana branch e products pathaben.,,0125 - Easir Arafat,,
Done,JunJ25,18-Jun,A2 24K VIOMI AC Split (Non-Inverter) 2 Ton,1,55000,55000,Jitu,"Elephant road, Dhaka",8801723863710,,,,Self Delivery,,0,B2C,,
Done,JunJ25,18-Jun,Xiaomi Monitor A22i,1,8990,8990,Daraz,"Asfia Tower - 76, Road-11, Block-E,  Banani ",8801847420050,,,,Self Delivery,,0,E-Com,,
Done,JunJ25,18-Jun,A2 12K VIOMI AC Split (Non-Inverter) 1 Ton,1,35000,35000,M/S CELL POINT,"30, Galleria shopping complex, (Ground Floor), Zindabazar, Sylhet ",8801634551326,,,,Sundarban,,,0125 - Easir Arafat,,
Done,JunJ25,19-Jun,Xiaomi TV A Pro 32 Inch,1,20900,20900,Nayeem Bhai Xiaomi (Xiaomi Bangladesh),"Concord Silvy, Plot # CWS(A, 11A Gulshan Ave, Dhaka 1212",8801776611111,,,,Self Delivery,,0,B2C,,
Done,JunJ25,19-Jun,"Xiaomi TV A Pro 65"" QLED 2025",1,85000,85000,Wholesale Electronics ,"West Matikata, Auto Stand (Samsung Wearhouse) ",8801715601888,,,,Self Delivery,,,0035 - Md.Rejaul Islam Sujon,,
Done,JunJ25,19-Jun,"Xiaomi TV A Pro 43"" QLED 2025",3,37400,112200,Chowdhury Electronics ,Alpona Plaza ,8801785246248,,,,Self Delivery,,,0033 - Imran Hossain - DHK,,
Done,JunJ25,19-Jun,"Xiaomi TV A Pro 55"" QLED 2025",3,61200,183600,Chowdhury Electronics ,Alpona Plaza ,8801785246248,,,,Self Delivery,,,0033 - Imran Hossain - DHK,,
Done,JunJ25,19-Jun,Xiaomi TV A 2025 55 Inch,1,55990,55990,Long Tech ,Mohammadpur ,8801919234023,RHM Corporation ,"100, ParJoar Bhaban, Elephant Road, Dhaka.",8801912124832,Self Delivery,,,0033 - Imran Hossain - DHK,,
Done,JunJ25,19-Jun,A2 18K VIOMI AC Split (Non-Inverter) 1.5 Ton,1,45000,45000,Rabab Electronics ,Alpona Plaza ,8801719106660,Mr. Rainul,"Confidence coaching,bairagir mor, joypurhat Sadar","01987-589617 , 01906-632603",No Preference,,,B2B,,
Done,JunJ25,19-Jun,"Xiaomi TV A Pro 43"" QLED 2025",1,40990,40990,Mollik Electronics ,"Trafder new market,  Jibonnogor,  Chuadanga",8801726751146,No,No,0,No Preference,Please send gift. ,0,0126 - Ashik Sardar,,
Done,JunJ25,21-Jun,A2 18K VIOMI AC Split (Non-Inverter) 1.5 Ton,4,45000,180000,Success computer & engineers ,"Aloka Nodi Bangla complex, Rambabu road, Mymensingh Sadar. ",8801711682184,Mr.Farhad,"Flat-A/8(Top Floor) plot-2/2(Level-8),Block-D,Mohammedpur Housing Estate,Mirpur Road, Mohammadpur,Dhaka",01711294971,Self Delivery,Bhai ensure home delivery. ,,0112 - Ahasanul Kabir,,
Done,JunJ25,21-Jun,Xiaomi TV A 2025 55 Inch,7,54000,378000,Star Tech & Engineering Limited,"6th floor, 28 Kazi Nazrul Islam Ave,Navana Zohura Square, Dhaka 1000.",8801709995415,Star tech Ltd,"Uttara Sonargaon Janapath Branch Uttorayon, House: 16, Sector: 09, Sonargaon Janapath, Uttara, Dhaka",01709-995420,Self Delivery,,0,B2B,,
Done,JunJ25,21-Jun,"Xiaomi TV A Pro 43"" QLED 2025",1,39000,39000,Ornob (Amaya Employee),"809 West Kazipara, Krishibid Goli, Mirpur, Dhaka 1216",8801301804695,,,,Self Delivery,,0,B2C,,
Done,JunJ25,21-Jun,Redmi Note 14 Pro 5G 8/256GB,30,36270,1088100,Dazzle,"Finlay Branch: dazzle 414 & 429, 4th floor, finlay Square, nasirabad, chittagong",8801830999969,Dazzle,"021C & 021D, 4th floor, north court, Block B,Jamuna future park,Dhaka",880 18 3099 9969,No Preference,The price was given by MD Sir. ,,0025 - Imran Hossain - CTG,,
Done,JunJ25,21-Jun,Redmi Note 14 Pro 5G 8/256GB,20,36270,725400,Dazzle,"Finlay Branch: dazzle 414 & 429, 4th floor, finlay Square, nasirabad, chittagong",8801830999969,,,,Sundarban,,,0025 - Imran Hossain - CTG,,
Done,JunJ25,21-Jun,Xiaomi Rechargeable Mini Fan,1,2699,2699,Daraz,"Asfia Tower - 76, Road-11, Block-E,  Banani ",8801847420050,,,,Self Pick,,,E-Com,,
Done,JunJ25,21-Jun,"Xiaomi TV A Pro 43"" QLED 2025",1,40990,40990,Long Tech ,Mohammadpur ,8801919234023,Nuhash Nafis Amin,"14/1 Diluroad, new eskaton, Flat C-1",8801723589777,Self Delivery,,,0033 - Imran Hossain - DHK,,
Cancelation,JunJ25,21-Jun,Xiaomi TV A Pro 32 Inch,,,0,A.K electronics ,"College road, Basurhat. ",8801818294390,,,,Sundarban,will be delivered from other dealers,,0124 - Fakhrul Islam Rahi,,
Done,JunJ25,21-Jun,"Xiaomi TV A Pro 43"" QLED 2025",3,40990,122970,A.K electronics ,"College road, Basurhat. ",8801818294390,,,,Sundarban,,,0124 - Fakhrul Islam Rahi,,
Done,JunJ25,22-Jun,Xiaomi TV A 2025 55 Inch,1,55990,55990,A.K electronics ,"College road, Basurhat.  ",8801818294390,,,,Sundarban,,,0124 - Fakhrul Islam Rahi,,
Done,JunJ25,22-Jun,"Xiaomi TV A Pro 43"" QLED 2025",2,40990,81980,N.B Electronics,"Sholoshohor, Nasirabad, Chittagong ",8801720189210,,,,No Preference,,00,0070 - Tamal Roy,,
Done,JunJ25,22-Jun,Xiaomi TV A 2025 55 Inch,1,55990,55990,Bj Electronics,Ctg,8801734640607,,,,No Preference,,,0025 - Imran Hossain - CTG,,
Done,JunJ25,22-Jun,"Xiaomi TV A Pro 43"" QLED 2025",3,40990,122970,Vision Electronics,"Maa Mansion, Thana Road, Bayezid, Chittagong",8801815338679,,,,No Preference,,00,0070 - Tamal Roy,,
Done,JunJ25,22-Jun,"Xiaomi TV A Pro 55"" QLED 2025",1,64990,64990,Bj Electronics,Ctg,8801734640607,,,,No Preference,,,0025 - Imran Hossain - CTG,,
Done,JunJ25,22-Jun,"Xiaomi TV A Pro 75"" QLED 2025",2,130000,260000,Star Tech & Engineering Limited,"6th floor, 28 Kazi Nazrul Islam Ave,Navana Zohura Square, Dhaka 1000.",8801709995415,Star tech Ltd,"127 Hazaribagh Road, Dhaka 1209 (Near tannery More Jame Mosjid) Former Apex Tannery",0 1713-651665,Self Delivery,,0,B2B,,
Done,JunJ25,22-Jun,"Xiaomi TV A Pro 43"" QLED 2025",5,40990,204950,FM Electronics ,Ctg,8801824946334,,,,No Preference,,,0025 - Imran Hossain - CTG,,
Done,JunJ25,22-Jun,Xiaomi TV A 2025 55 Inch,1,55990,55990,Techno Electronics ,Ctg ,8801747079467,,,,No Preference,,,0025 - Imran Hossain - CTG,,
Done,JunJ25,22-Jun,"Xiaomi TV A Pro 43"" QLED 2025",1,36000,36000,Abul Kalam Azad (Xiaomi Refer),"Eastern Commercial Complex, Leval-8, Room No-4, Segunbagicha, Dhaka-1000",8801713034752,,,,Self Delivery,MD Sir Refer,0,B2C,,
Done,JunJ25,22-Jun,Xiaomi TV A 2025 55 Inch,1,56000,56000,Shazzadur Rahman,"Tongi,cherag ali,Beximco pharmaceutical er pichone",8801914622503,,,,Self Delivery,,,0035 - Md.Rejaul Islam Sujon,,
Done,JunJ25,22-Jun,Xiaomi TV A 2025 55 Inch,1,56000,56000,Amin Electronics ,"Shop: 2, Level: 2, Omar Shahjahan Tower, Ajompur Railgate, Uttara",8801908668577,,,,Self Delivery,,,0035 - Md.Rejaul Islam Sujon,,
Done,JunJ25,22-Jun,Xiaomi TV A 2025 55 Inch,1,55990,55990,UB Electronics ,"Sector: 13, Road: 17, House: 4, Uttara",8801765591144,,,,Self Delivery,,,0035 - Md.Rejaul Islam Sujon,,
Done,JunJ25,22-Jun,"Xiaomi TV A Pro 55"" QLED 2025",1,61000,61000,Mr Aminul Islam (Xiaomi Refer - Riad),"raprita house, 333/d/5/A south Goran, 2nd floor, Khilgaon - dhaka 1219",8801970998998,,,,Self Delivery,,0,B2B,,
Done,JunJ25,22-Jun,"Xiaomi TV A Pro 43"" QLED 2025",5,40990,204950,New Japan Electronics ,"Stadium Market, Cumilla Sadar ",8801711392790,,,,Sundarban,,,0024 - Taimur Hossain,,
Done,JunJ25,22-Jun,Xiaomi TV A 2025 65 Inch,1,77990,77990,New Japan Electronics ,"Stadium Market, Cumilla Sadar ",8801711392790,,,,Sundarban,,,0024 - Taimur Hossain,,
Done,JunJ25,22-Jun,Mi Smart Scale 2,1,2300,2300,Mujib Bhai (Xiaomi Bangladesh),"Concord Silvy, Plot # CWS(A, 11A Gulshan Ave, Dhaka 1212",8801707865261,Md. Ashik,"BDBL Bhaban, 10th floor,12 Kawran Bazar, Dhaka-1215",01708130380,Self Delivery,,,B2C,,
Done,JunJ25,23-Jun,A2 18K VIOMI AC Split (Non-Inverter) 1.5 Ton,1,46800,46800,Prof. Dr. Md. Shamim Ahsan (Khulna),"Flat No.: B1, House No.: 155, Road No.: 11, Sonadanga Residential Area (2nd Phase), Khulna 9100.",8801675328671,,,,Self Delivery,MD Sir Order,0,B2C,,
Done,JunJ25,23-Jun,Xiaomi Wireless Keyboard and Mouse Combo,1,1990,1990,OnnoRokom Web Services Ltd,"2/1/E, Eden Center, Arambag, Motijheel, Dhaka-1000",8801708166273,,,,Self Delivery,,0,E-Com,,
Done,JunJ25,23-Jun,"Xiaomi TV A Pro 43"" QLED 2025",1,40990,40990,SB Global Electronics ,"Jhikorgasa Bus stand,  Jhikorgasa,  Jashore",8801767971310,No,No,No,No Preference,,0,0126 - Ashik Sardar,,
Cancelation,JunJ25,23-Jun,Xiaomi TV A Pro 32 Inch,,20990,0,SB Global Electronics,"Jhikorgasa Bazar,  Jhikorgasa,  Jashore",8801767971310,No,No,0,No Preference,,,0126 - Ashik Sardar,,
Done,JunJ25,24-Jun,"Xiaomi TV A Pro 55"" QLED 2025",1,64000,64000,Ornob (Amaya Employee),"Address : 809 West Kazipara, Krishibid Goli, Mirpur, Dhaka 1216 ",8801301804695,Supta_ (Ornob Ref) ,"677/4 , West Kazipara, Masjid er Prothom Goli",1828950203,Self Delivery,,0,B2C,,
Done,JunJ25,24-Jun,Xiaomi TV A Pro 32 Inch,7,20990,146930,New Japan Electronics ,"Stadium Market, Cumilla ",8801711392790,,,,Self Pick,,,0024 - Taimur Hossain,,
Done,JunJ25,24-Jun,Redmi Buds 3 Pro,2,3890,7780,Daraz,"Asfia Tower - 76, Road-11, Block-E,  Banani ",8801847420050,,,,Self Pick,,,E-Com,,
Done,JunJ25,24-Jun,Xiaomi TV A Pro 32 Inch,6,20990,125940,A.K electronics ,College road Basurhat. ,8801818294390,,,,Sundarban,,,0124 - Fakhrul Islam Rahi,,
Done,JunJ25,24-Jun,Mi Dual Mode Wireless Mouse Silent Edition,10,1099,10990,Jony Computer,"New Market, Kandirpar, Cumilla",8801711870902,,,,Sundarban,,,0024 - Taimur Hossain,,
Done,JunJ25,24-Jun,"Xiaomi TV A Pro 43"" QLED 2025",1,38500,38500,Silver Water Technologies Bangladesh Limited,"Plot: 9, ka/kha Ground Floor, Dhaka 1215, Tejgaon",8801708127036,,,,Self Delivery,,0,E-Com,,
Done,JunJ25,24-Jun,"Xiaomi TV A Pro 65"" QLED 2025",3,81000,243000,Silver Water Technologies Bangladesh Limited,"Plot: 9, ka/kha Ground Floor, Dhaka 1215, Tejgaon",8801708127036,,,,Self Delivery,,0,E-Com,,
Done,JunJ25,24-Jun,A2 12K VIOMI AC Split (Non-Inverter) 1 Ton,1,35000,35000,Cindrela Das,"213, Shapla housing, Agargaon, Dhaka-1207",8801758188740,,,,Self Delivery,,,B2C,,
Done,JunJ25,25-Jun,Xiaomi Smart Air Fryer Pro 4L,1,9990,9990,Daraz,"Asfia Tower - 76, Road-11, Block-E,  Banani ",8801847420050,,,,Self Pick,,,E-Com,,
Done,JunJ25,25-Jun,Mi Dual Mode Wireless Mouse Silent Edition,1,1190,1190,Daraz,"Asfia Tower - 76, Road-11, Block-E,  Banani ",8801847420050,,,,Self Pick,,,E-Com,,
Done,JunJ25,25-Jun,Xiaomi Rechargeable Mini Fan,1,2699,2699,Daraz,"Asfia Tower - 76, Road-11, Block-E,  Banani ",8801847420050,,,,Self Pick,,,E-Com,,
Done,JunJ25,25-Jun,"Xiaomi TV A Pro 43"" QLED 2025",1,40990,40990,Global electronics ,Bhairab bus stand ,8801643506080,সাইফুল আলম সাগর,  ম্যানেজার  সিটি ব্যাংক - মাইজদী শাখা  কুরিয়ার সার্ভিস ডেলিভারি পয়েন্ট  সুন্দরবন কুরিয়ার চৌমুহনি নোয়াখালী মোবাইল ০১৮১৯১০৫৯৪৫,01819105945,Sundarban,Side delivery Noakhali,,0094 - Shaharia Khan,,
Done,JunJ25,25-Jun,Xiaomi TV A 2025 55 Inch,1,55990,55990,Global Electronics ,"Bhairab Bus stand, Bhairab ",8801643506080,,,,Sundarban,,,0094 - Shaharia Khan,,
Done,JunJ25,25-Jun,A2 18K VIOMI AC Split (Non-Inverter) 1.5 Ton,1,42500,42500,M/S Nurul Enterprise,Sohrawardi College Banorgati Khulna ,8801923404406,,,,Self Delivery,,0,B2C,,
Done,JunJ25,25-Jun,"Xiaomi TV A Pro 75"" QLED 2025",3,130000,390000,Star Tech & Engineering Limited,"6th floor, 28 Kazi Nazrul Islam Ave,Navana Zohura Square, Dhaka 1000.",8801709995415,,,,Self Delivery,,0,B2B,,
Done,JunJ25,25-Jun,Mi Smart Air Fryer 3.5L,2,8990,17980,Sumash Tech ,"Bashundhara City, level 5, Shop no : 105-108",8801677477085,,,,Self Pick,,,0033 - Imran Hossain - DHK,,
Done,JunJ25,26-Jun,"Xiaomi TV A Pro 55"" QLED 2025",1,64990,64990,Mobile World ,"Digrir Char,Narayanganj ",8801913862411,,,,Self Delivery,Bhai 1 pcs T Shart diye diyen.,,0112 - Ahasanul Kabir,,
Done,JunJ25,26-Jun,"Xiaomi TV A Pro 43"" QLED 2025",5,37400,187000,Chowdhury Electronics ,Alpona Plaza ,8801785246248,,,,Self Delivery,,,0033 - Imran Hossain - DHK,,
Done,JunJ25,26-Jun,Xiaomi TV A 2025 55 Inch,5,53500,267500,Chowdhury Electronics ,Alpona Plaza ,8801785246248,,,,Self Delivery,,,0033 - Imran Hossain - DHK,,
Done,JunJ25,26-Jun,"Xiaomi TV A Pro 55"" QLED 2025",1,64990,64990,Razu ,"Building 05, Flat 7/B, Azimpur Government Quarters 20th Floor, Next to Little Angel School",8801713239794,,,,Self Delivery,,,B2C,,
Done,JunJ25,26-Jun,"Xiaomi TV A Pro 65"" QLED 2025",1,85590,85590,New Japan Electronics ,Stadium Market  Cumilla ,8801711392790,"Mr. Atik, Kalibari Moor, B-Baria Sadar ","Mr. Atik, Kalibari Moor, B-Baria Sadar ",0 1711-396478,Sundarban,Courier booking should be office delivery ,85590,0024 - Taimur Hossain,,
Done,JunJ25,26-Jun,"Xiaomi TV A Pro 55"" QLED 2025",2,64990,129980,Super Electronics  ,"202-208, Lotif Center, Zindabazar, Sylhet",8801612124747,,,,Sundarban,,,0125 - Easir Arafat,,
Done,JunJ25,26-Jun,A2 24K VIOMI AC Split (Non-Inverter) 2 Ton,4,55000,220000,Hasan Trade Electronics,"Ali tower, Mirabazar, Sylhet Sadar-3100",8801711166522,,,,Sundarban,,,0125 - Easir Arafat,,
Done,JunJ25,28-Jun,Redmi Note 14 Pro 5G 8/256GB,2,39000,78000,Electra Mobile,"Shop no : 53, Basement 1, Bashundhara City ",8801734737889,,,,Self Delivery,Colour : Black 01 Pc & Purple 01 Pc,,0033 - Imran Hossain - DHK,,
Done,JunJ25,28-Jun,"Xiaomi TV A Pro 43"" QLED 2025",1,40990,40990,Robishop,"FlingEx Warehouse. 159/C Tejgaon Industrial Area, Dhaka, Bangladesh.",8801833623322,Muhammed Jashim Uddin,"138, Kawla Bazar, Dakkhin Khan,-,Dhaka,1229",1833182659,Self Delivery,,0,E-Com,,
Done,JunJ25,28-Jun,A2 18K VIOMI AC Split (Non-Inverter) 1.5 Ton,1,45000,45000,Mr. Ashraf (Mutual trust Bank ),"235/1 Pathshala Goli, Sonkor, Dhanmondi ",8801799983988,,,,Self Delivery,Ref : MD Sir,,B2C,,
Done,JunJ25,29-Jun,Xiaomi TV A 2025 55 Inch,2,55990,111980,Success computer & engineers ,"Aloka Nodi Bangla complex, Mymensingh Sadar ",8801711682184,Mamun,"9 Signal Bn,Savar Cantonment, Saver",01725023054,Self Delivery,Bhai ensure home delivery. ,,0112 - Ahasanul Kabir,,
Done,JunJ25,29-Jun,"Xiaomi TV A Pro 43"" QLED 2025",1,40990,40990,New Japan Electronics ,"Stadium Market, Cumilla Sadar ",8801711392790,,,,Sundarban,,,0024 - Taimur Hossain,,
Done,JunJ25,29-Jun,Xiaomi TV A Pro 43 Inch,1,36990,36990,Techi E Store ,JFP,8801711431809,,,,Self Pick,,,0035 - Md.Rejaul Islam Sujon,,
Done,JunJ25,30-Jun,"Xiaomi TV A Pro 43"" QLED 2025",15,37400,561000,Chowdhury Electronics ,Alpona Plaza,8801917810576,,,,Self Delivery,,,0033 - Imran Hossain - DHK,,
Done,JunJ25,30-Jun,Xiaomi Wireless Keyboard and Mouse Combo,1,1990,1990,OnnoRokom Web Services Ltd,"2/1/E, Eden Center, Arambag, Motijheel, Dhaka-1000",8801708166273,,,,Self Pick,,,E-Com,,
Done,JunJ25,30-Jun,"Xiaomi TV A Pro 43"" QLED 2025",2,38500,77000,Silver Water Technologies Bangladesh Limited,"Plot: 9, ka/kha Ground Floor, Dhaka 1215, Tejgaon",8801708127036,,,,Self Delivery,,0,E-Com,,
Done,JunJ25,30-Jun,Xiaomi Wireless Keyboard and Mouse Combo,2,1990,3980,Silver Water Technologies Bangladesh Limited,"Plot: 9, ka/kha Ground Floor, Dhaka 1215, Tejgaon",8801708127036,,,,Self Delivery,,0,E-Com,,
Done,JunJ25,30-Jun,"Xiaomi TV A Pro 65"" QLED 2025",1,85000,85000,Wholesale Electronics ,"West Matikata, Auto Stand (Samsung Wearhouse) ",8801715601888,,,,Self Delivery,,,0035 - Md.Rejaul Islam Sujon,,
Done,JunJ25,30-Jun,"Xiaomi TV A Pro 43"" QLED 2025",3,40990,122970,UB Electronics ,"
House- 04, Road- 17, Sector- 13, Uttara, Dhaka- 1230",8801866222090,,,,Self Delivery,,,0035 - Md.Rejaul Islam Sujon,,
Done,JunJ25,30-Jun,Redmi Buds 3 Pro,1,3500,3500,Mr. Xander,Amaya HQ,0,,,,Self Delivery,,0,B2C,,
Done,JulJ25,1-Jul,"Xiaomi TV A Pro 43"" QLED 2025",1,40990,40990,Shetu Electronics ,"Ali Hossan Super market,  Chuadanga sador,  chuadanga",8801773089196,No,No,0,No Preference,,0,0126 - Ashik Sardar,,
Done,JulJ25,1-Jul,A2 18K VIOMI AC Split (Non-Inverter) 1.5 Ton,1,45000,45000,Md. Siam Sheikh ,"Uttar bisil, road no 13,  house no 7,  mirpur 1",8801941119758,,,,Self Delivery,Ref : MD Sir,,B2C,,
Done,JulJ25,1-Jul,A2 18K VIOMI AC Split (Non-Inverter) 1.5 Ton,1,45000,45000,Shah Alam Siddiqui,"Tulo garden, House-7, Road-1, Rupnagar residential area, Shiul bari, Mirpur-2, Dhaka.",8801912776617,,,,Self Delivery,Ref : MD Sir,,B2C,,
Done,JulJ25,1-Jul,"Xiaomi TV A Pro 43"" QLED 2025",1,39000,39000,Rajib Bhowmik ,"Plot B-33, Holding No- 1102/11, Malibag, Chowdhury Para, Dhaka 1219",8801963337777,,,,Self Delivery,,0,B2C,,
Done,JulJ25,1-Jul,A2 18K VIOMI AC Split (Non-Inverter) 1.5 Ton,1,45000,45000,Success computer & engineers ,"Aloka Nodi Bangla complex, Mymensingh Sadar ",8801711682184,Lt Col Rabby,"House -1091, Road-6D, Avenue-8, Mirpur DOHS",01886365469,Self Delivery,Bhai ensure home delivery. ,,0112 - Ahasanul Kabir,,
Done,JulJ25,2-Jul,Xiaomi TV A 2025 65 Inch,1,82990,82990,Daraz,"Asfia Tower - 76, Road-11, Block-E,  Banani ",8801847420050,,,,No Preference,,,E-Com,,
Done,JulJ25,2-Jul,Mi Dual Mode Wireless Mouse Silent Edition,1,1190,1190,Daraz,"Asfia Tower - 76, Road-11, Block-E,  Banani ",8801847420050,,,,Self Pick,,,E-Com,,
Done,JulJ25,2-Jul,"Xiaomi TV A Pro 65"" QLED 2025",2,84590,169180,Tech Land,"Flat# 402, 4th Floor
Siddiqui Plaza, New Elephant Road, Dhaka",8801732562090,,,,Self Delivery,,,0033 - Imran Hossain - DHK,,
Done,JulJ25,2-Jul,"Xiaomi TV A Pro 55"" QLED 2025",7,64490,451430,Tech Land,"Flat# 402, 4th Floor
Siddiqui Plaza, New Elephant Road, Dhaka",8801732562090,,,,Self Delivery,,,0033 - Imran Hossain - DHK,,
Done,JulJ25,2-Jul,"Xiaomi TV A Pro 75"" QLED 2025",3,130000,390000,Star Tech & Engineering Limited,"6th floor, 28 Kazi Nazrul Islam Ave,Navana Zohura Square, Dhaka 1000.",8801709995415,,"127 Hazaribagh Road, Dhaka 1209 (Near tannery More Jame",,Self Delivery,,0,B2B,,
Done,JulJ25,2-Jul,A2 18K VIOMI AC Split (Non-Inverter) 1.5 Ton,1,44000,44000,Star Tech & Engineering Limited,"6th floor, 28 Kazi Nazrul Islam Ave,Navana Zohura Square, Dhaka 1000.",8801709995415,,New Elephant Road Multiplan Center Lavel 13 Shop no 1304,,Self Delivery,,0,B2B,,
Done,JulJ25,3-Jul,Xiaomi TV A 2025 55 Inch,1,55990,55990,Premier Electronics ,"Chowdhury Plaza (1st Floor), Foillatoli Bazar, Block-A, Halishahar, Chittagong ",8801815850770,,,,Sundarban,,00,0070 - Tamal Roy,,
Done,JulJ25,3-Jul,"Xiaomi TV A Pro 55"" QLED 2025",1,64990,64990,"National Electronics  , Gopalgonj ","Fatama Plaza, sadar,Gopalgonj ",8801714065626,Cream & coffee ,"House 24,Road 2, Sector 9,  Uttara,  Dhaka.",8801671819557,Self Delivery,,,0026 - Ohidul Islam,,
Done,JulJ25,3-Jul,"Xiaomi TV A Pro 55"" QLED 2025",1,64990,64990,National electronics ,"Fatama Plaza, sadar,Gopalgonj ",8801714065626,Romance,House 25 Road 3 sector 11 Uttara  Dhaka ,8801713387138,Self Delivery,,,0026 - Ohidul Islam,,
Done,JulJ25,3-Jul,A2 24K VIOMI AC Split (Non-Inverter) 2 Ton,1,57000,57000,GunGun,"Kalibari more, B,baria sadar",8801911097959,,ব্রাহ্মণবাড়িয়া নাসিরনগর কলেজ মোড় Hello Saiful 01716841388,01716841388,Sundarban,,,0094 - Shaharia Khan,,
Done,JulJ25,3-Jul,A2 18K VIOMI AC Split (Non-Inverter) 1.5 Ton,1,44000,44000,GunGun,Khalibari more,8801911097959,,"Mi Store, Town hall road, Habiganj sadar",01718601922,Sundarban,,,0094 - Shaharia Khan,,
Done,JulJ25,5-Jul,Redmi Note 14 Pro 5G 8/256GB,2,39000,78000,Electra Mobile,"Shop No : 53, Basement : 1, Bashundhara City ",8801734737889,,,,Self Delivery,Colour : Black 01 Pc & Purple 01 Pc,,0033 - Imran Hossain - DHK,,
Done,JulJ25,7-Jul,"Xiaomi TV A Pro 65"" QLED 2025",3,83000,249000,Star Tech & Engineering Limited,"6th floor, 28 Kazi Nazrul Islam Ave,Navana Zohura Square, Dhaka 1000.",8801709995415,,,,Self Delivery,,0,B2B,,
Done,JulJ25,7-Jul,Xiaomi Wireless Keyboard and Mouse Combo,1,1990,1990,Robishop,"FlingEx Warehouse. 159/C Tejgaon Industrial Area, Dhaka, Bangladesh.",8801833623322,,,,Self Delivery,,0,E-Com,,
Done,JulJ25,7-Jul,Xiaomi TV A Pro 43 Inch,5,36990,184950,New Japan Electronics ,"Stadium Market,Cumilla ",8801711392790,,,,Sundarban,,,0024 - Taimur Hossain,,
Done,JulJ25,7-Jul,Xiaomi TV A Pro 43 Inch,5,36990,184950,FM Electronics ,Ctg,8801824946334,,,,Sundarban,,,0025 - Imran Hossain - CTG,,
Done,JulJ25,7-Jul,"Xiaomi TV A Pro 75"" QLED 2025",1,136990,136990,KRY International,"Kry tech lounge, Level 5, Block C, Shop 58A/69A.",8801970207226,,,,Self Delivery,,0,B2B,,
Done,JulJ25,7-Jul,"Xiaomi TV A Pro 65"" QLED 2025",3,86590,259770,KRY International,"Kry tech lounge, Level 5, Block C, Shop 58A/69A.",8801970207226,,,,Self Delivery,,0,B2B,,
Done,JulJ25,7-Jul,"Xiaomi TV A Pro 55"" QLED 2025",1,61000,61000,Silver Water Technologies Bangladesh Limited,"Plot: 9, ka/kha Ground Floor, Dhaka 1215, Tejgaon",8801708127036,,,,Self Delivery,,0,E-Com,,
Done,JulJ25,7-Jul,"Xiaomi TV A Pro 65"" QLED 2025",1,85590,85590,Sumash Tech,"Bashundhara City, level 5, Shop no : 105-108",8801677477085,,,,Self Pick,,0,0033 - Imran Hossain - DHK,,
Done,JulJ25,7-Jul,A2 24K VIOMI AC Split (Non-Inverter) 2 Ton,3,60000,180000,Md. Sobuj Hossain,"Pabna Sadar, Pabna",8801774301001,,,,Self Delivery,,0,B2B,,
Done,JulJ25,7-Jul,A2 18K VIOMI AC Split (Non-Inverter) 1.5 Ton,1,50000,50000,Md. Sobuj Hossain,"Pabna Sadar, Pabna",8801774301001‬,,,,Self Delivery,,0,B2B,,
Done,JulJ25,7-Jul,Xiaomi TV A 2025 65 Inch,1,79000,79000,Julfiker Hyeder,"House 293 , road 9 ,block J Basundhara",8801711505960,,,,Self Delivery,,0,B2C,,
Done,JulJ25,8-Jul,Xiaomi Rechargeable Mini Fan,1,2699,2699,Daraz,"Asfia Tower - 76, Road-11, Block-E,  Banani ",8801847420050,,,,Self Pick,,,E-Com,,
Done,JulJ25,8-Jul,"Xiaomi TV A Pro 43"" QLED 2025",5,37400,187000,Chowdhury Electronics ,Alpona Plaza,8801917810576,,,,Self Delivery,,,0033 - Imran Hossain - DHK,,
Done,JulJ25,8-Jul,"Xiaomi TV A Pro 55"" QLED 2025",10,61200,612000,Chowdhury Electronics ,Alpona Plaza,8801917810576,,,,Self Delivery,,,0033 - Imran Hossain - DHK,,
Done,JulJ25,8-Jul,"Xiaomi TV A Pro 75"" QLED 2025",2,126000,252000,Chowdhury Electronics ,Alpona Plaza,8801917810576,,,,Self Delivery,,,0033 - Imran Hossain - DHK,,
Done,JulJ25,8-Jul,"Xiaomi TV A Pro 75"" QLED 2025",2,135990,271980,Brand Bazaar,Happy Arcadia Shopping Malls ,8801711903044,,,,Self Delivery,,,0033 - Imran Hossain - DHK,,
Done,JulJ25,8-Jul,Xiaomi TV A 2025 55 Inch,5,55990,279950,Brand Bazaar,Happy Arcadia Shopping Malls ,8801711903044,,,,Self Delivery,,,0033 - Imran Hossain - DHK,,
Done,JulJ25,8-Jul,"Xiaomi TV A Pro 55"" QLED 2025",10,64990,649900,Brand Bazaar,Happy Arcadia Shopping Malls ,8801711903044,,,,Self Delivery,,,0033 - Imran Hossain - DHK,,
Done,JulJ25,8-Jul,"Xiaomi TV A Pro 55"" QLED 2025",1,64990,64990,Sohan Electronics ,"2nd floor,  Electronics market, Dakbanglo,  Khulna ",8801726728024,No,0,0,No Preference,,0,0126 - Ashik Sardar,,
Done,JulJ25,8-Jul,"Xiaomi TV A Pro 65"" QLED 2025",1,85590,85590,Union Enterprise ,"Taltola,AkurTakur Para,Tangail Sadar.",8801727012342,Mr.Tanveer Rahman,"House -19A, Road-10, Gulshan -1",01841044436,Self Delivery,Bhai please ensure home delivery. ,,0112 - Ahasanul Kabir,,
Done,JulJ25,10-Jul,Xiaomi TV A Pro 43 Inch,3,36990,110970,National Traders,"Alipur,sadar,Faridpur ",8801720976868,,,,Sundarban,,,0026 - Ohidul Islam,,
Done,JulJ25,10-Jul,Xiaomi TV A 2025 55 Inch,1,55990,55990,National Traders ," Alipur,sadar,Faridpur ",8801720976868,,,,Sundarban,,,0026 - Ohidul Islam,,
Done,JulJ25,10-Jul,Xiaomi TV A Pro 55 Inch,1,54590,54590,FM Electronics ,Ctg,8801824946334,Mr Kanak,,+8801777798887,Sundarban,,,0025 - Imran Hossain - CTG,,
Done,JulJ25,12-Jul,Redmi Note 14 Pro 5G 8/256GB,3,39000,117000,Electra Mobile,"Shop No : 53, Basement 1, Bashundhara City ",8801734737889,,,,Self Delivery,Colour : Black 02 Pcs & Purple 01 Pc,,0033 - Imran Hossain - DHK,,
Done,JulJ25,12-Jul,Xiaomi TV A 2025 55 Inch,1,54590,54590,Rayhan Ahmed,"  Address : 56/1 ,taqwa jon tower, muktar bari road , awuch para, tongi , college gate er porer road ,  phone  01711792888",8801711792888,Rayhan Ahmed,"  Address : 56/1 ,taqwa jon tower, muktar bari road , awuch para, tongi , college gate er porer road ,  phone  01711792888",01711792888,No Preference,,0,0126 - Ashik Sardar,,
Done,JulJ25,13-Jul,"Xiaomi TV A Pro 55"" QLED 2025",1,64990,64990,Tarek Telecom,"3 No Somit Bhaban, 1 No Super Market, Mirpur 1 Circle, Dhaka",8801817501714,,,,Self Delivery,,,0035 - Md.Rejaul Islam Sujon,,
Done,JulJ25,13-Jul,Xiaomi TV X85 (Chinese),1,199990,199990,Tech Land,"Multiplane, Level 13",8801324294331,,,,Self Delivery,,,0033 - Imran Hossain - DHK,,
Done,JulJ25,13-Jul,Xiaomi TV A Pro 55 Inch,1,54590,54590,Sohan Electronics ,"Hard mateal Gallery,  Dakbanglo,  Khulna ",8801726728024,0,0,0,No Preference,,0,0126 - Ashik Sardar,,
Done,JulJ25,14-Jul,"Xiaomi TV A Pro 55"" QLED 2025",1,61000,61000,Silver Water Technologies Bangladesh Limited,"Plot: 9, ka/kha Ground Floor, Dhaka 1215, Tejgaon",8801708127036,,,,Self Delivery,,0,B2B,,
Done,JulJ25,15-Jul,"Xiaomi TV A Pro 65"" QLED 2025",1,85590,85590,Super electronics ,"202,208, 2nd floor, Latif Center, Zindabazar, Sylhet ",8801612124747,,,,Sundarban,,,0125 - Easir Arafat,,
Done,JulJ25,15-Jul,"Xiaomi TV A Pro 75"" QLED 2025",1,135990,135990,Super electronics ,"202,208, 2nd floor, Latif Center, Zindabazar, Sylhet ",8801612124747,,,,Sundarban,,,0125 - Easir Arafat,,
Done,JulJ25,15-Jul,Redmi Note 14 Pro 5G 8/256GB,1,39000,39000,SEBL Distribution,"House # 7, Road # 54/A, Gulshan-2, Dhaka-1212",8801708813783,,,,Self Delivery,,0,B2B,,
Done,JulJ25,16-Jul,Xiaomi TV A Pro 32 Inch,2,20990,41980,Super electronics ,"202-208, 2nd floor, Lotif Center, Zindabazar, Sylhet ",8801612124747,,,,Sundarban,"32"" A2 pro SL:- 
(50500/106100088014)
(50500/106100088037)",,0125 - Easir Arafat,,
Done,JulJ25,17-Jul,"Xiaomi TV A Pro 65"" QLED 2025",5,80700,403500,Brand Bazaar,Happy Arcadia Shopping Malls ,8801711903044,,,,Self Delivery,,,0033 - Imran Hossain - DHK,,
Done,JulJ25,17-Jul,Xiaomi TV A 2025 65 Inch,2,74000,148000,Brand Bazaar,Happy Arcadia Shopping Malls ,8801711903044,,,,Self Delivery,,,0033 - Imran Hossain - DHK,,
Done,JulJ25,19-Jul,"Xiaomi TV A Pro 65"" QLED 2025",1,85590,85590,Mr. Sarwar Alam ,"House #120, Road # 4, Block #C, Bashundahra",8801716457472,,,,Self Delivery,,0,B2B,,
Done,JulJ25,19-Jul,"Xiaomi TV A Pro 55"" QLED 2025",10,63000,630000,Star Tech & Engineering Limited,"6th floor, 28 Kazi Nazrul Islam Ave,Navana Zohura Square, Dhaka 1000.",8801709995415,,"Star tech Ltd Central warehouse 127 Hazaribagh Road, Dhaka 1209 (Near tannery More Jame Mosjid) Former Apex Tannery",,Self Delivery,,0,B2B,,
Done,JulJ25,19-Jul,Xiaomi TV A 2025 65 Inch,2,77000,154000,Star Tech & Engineering Limited,"6th floor, 28 Kazi Nazrul Islam Ave,Navana Zohura Square, Dhaka 1000.",8801709995415,,"Star tech Ltd Central warehouse 127 Hazaribagh Road, Dhaka 1209 (Near tannery More Jame Mosjid) Former Apex Tannery",,Self Delivery,,0,B2B,,
Done,JulJ25,20-Jul,"Xiaomi TV A Pro 55"" QLED 2025",1,64990,64990,UB Electronics ,Uttara,8801765591144,,,,Self Delivery,,,0035 - Md.Rejaul Islam Sujon,,
Done,JulJ25,21-Jul,"Xiaomi TV A Pro 55"" QLED 2025",2,64490,128980,New Friends Electronics ,"Stadium 1 No Gate, Shop no 29",8801817097172,,,,Self Delivery,,,0033 - Imran Hossain - DHK,,
Done,JulJ25,21-Jul,"Xiaomi TV A Pro 65"" QLED 2025",2,84990,169980,New Friends Electronics ,"Stadium 1 no gate, Shop no 29",8801817097172,,,,Self Delivery,,,0033 - Imran Hossain - DHK,,
Done,JulJ25,21-Jul,"Xiaomi TV A Pro 75"" QLED 2025",1,135190,135190,New Friends Electronics ,"Stadium 1 no gate, shop no 29",8801817097172,,,,Self Delivery,,,0033 - Imran Hossain - DHK,,
Done,JulJ25,21-Jul,Xiaomi TV A 2025 65 Inch,2,77390,154780,New Friends Electronics ,"Stadium 1 no gate, Shop no 29",8801817097172,,,,Self Delivery,,,0033 - Imran Hossain - DHK,,
Done,JulJ25,21-Jul,"Xiaomi TV A Pro 55"" QLED 2025",1,64990,64990,N.B Electronics ,"Sholoshohor, Nasirabad, Chittagong.",8801720189210,,,,No Preference,,00,0070 - Tamal Roy,,
Done,JulJ25,21-Jul,"Xiaomi TV A Pro 55"" QLED 2025",1,64990,64990,N.B Electronics ,"Sholoshohor, Nasirabad, Chittagong ",8801720189210,,,,No Preference,,00,0070 - Tamal Roy,,
Done,JulJ25,21-Jul,Xiaomi TV A 2025 65 Inch,1,77990,77990,Super electronics ,"202-208,Lotif Center, Zindabazar, Sylhet ",8801612124747,,,,Sundarban,,,0125 - Easir Arafat,,
Done,JulJ25,21-Jul,"Xiaomi TV A Pro 75"" QLED 2025",1,135990,135990,Super electronics ,"202-208, Lotif Center, Zindabazar, Sylhet ",8801612124747,,,,Sundarban,,,0125 - Easir Arafat,,
Done,JulJ25,21-Jul,"Xiaomi TV A Pro 65"" QLED 2025",1,85590,85590,Mahmudul Haque,"Edison Othello, Flat - A2, Plot - 1222G, Road 29, Block - K, Bashundhara RA",8801817145939,,,,Self Delivery,,0,B2B,,
Done,JulJ25,21-Jul,"Xiaomi TV A Pro 75"" QLED 2025",1,135990,135990,Farhadul Islam,"Edison Othello, Flat - A2, Plot - 1222G, Road 29, Block - K, Bashundhara RA",8801817145939,,,,Self Delivery,,0,B2B,,
Done,JulJ25,21-Jul,A2 18K VIOMI AC Split (Non-Inverter) 1.5 Ton,1,42000,42000,Rayer Bazar High School ,"Sher-e-Bangla Road, Rayer Bazar, Dhanmondi, Dhaka 1209",8801684253032,,,,Self Delivery,,0,B2B,,
Done,JulJ25,21-Jul,A2 18K VIOMI AC Split (Non-Inverter) 1.5 Ton,1,41000,41000,Silver Water Technologies Bangladesh Limited,"Plot: 9, ka/kha Ground Floor, Dhaka 1215, Tejgaon",8801708127036,,,,Self Delivery,,0,E-Com,,
Done,JulJ25,21-Jul,"Xiaomi TV A Pro 75"" QLED 2025",3,126000,378000,Brand Bazaar,Happy Arcadia Shopping Malls ,8801711903044,,,,Self Delivery,,,0033 - Imran Hossain - DHK,,
Done,JulJ25,22-Jul,Xiaomi Monitor A22i,2,8500,17000,Mr.Jamal,"Cool touch, Mirpur",8801923133912,,,,Self Delivery,,0,B2B,,
Done,JulJ25,23-Jul,"Xiaomi TV A Pro 43"" QLED 2025",1,37900,37900,Arafat (DX Tel),"Manikdi (Near ECB Chattar), Cantonment Cantonment, Dhaka",8801717370707,,,,Self Delivery,,0,B2C,,
Done,JulJ25,24-Jul,"Xiaomi TV A Pro 55"" QLED 2025",1,61000,61000,Silver Water Technologies Bangladesh Limited,"Plot: 9, ka/kha Ground Floor, Dhaka 1215, Tejgaon				",8801708127036,,,,Self Delivery,,,E-Com,,
Done,JulJ25,24-Jul,A2 18K VIOMI AC Split (Non-Inverter) 1.5 Ton,1,43000,43000,Md.Mahbub Alom,"163 RM Dash Road, Sutrapur Bazar Masjid, sutrapur, Dhaka.",8801711561712,,,,Self Delivery,,0,B2C,,
Done,JulJ25,24-Jul,A2 24K VIOMI AC Split (Non-Inverter) 2 Ton,1,58000,58000,Safin Electronics ,"Madanpur, Bondor,Narayanganj ",8801902604413,,,,Sundarban,Bhai sundarban courier a OD diyen.,,0112 - Ahasanul Kabir,,
Done,JulJ25,26-Jul,"Xiaomi TV A Pro 55"" QLED 2025",1,66000,66000,Redmi Tech,"House-356, Adarshanagar, Badda, Gulshan, Dhaka",8801819347347,Md Belayet Hossain ,"GULNAHAR GARDEN, FLAT NO. 8D, 62/1, KAFILUDDIN SARKAR ROAD, DATTAPARA, TONGI",01819-347347,Self Delivery,,,B2C,,
Done,JulJ25,26-Jul,A2 18K VIOMI AC Split (Non-Inverter) 1.5 Ton,1,43000,43000,Md. Sabid Hossain Bappi,"96/4 Isakha Road, Middle Paikpara, Chapakhanar Mor, Mirpur-1, Dhaka",8801858253287,,,,Self Delivery,,,B2C,,
Done,JulJ25,26-Jul,A2 24K VIOMI AC Split (Non-Inverter) 2 Ton,1,55000,55000,Z&J Electronics,"Alpana Plaza, Dhaka",8801723863710,,,,Self Delivery,,,B2C,,
Done,JulJ25,27-Jul,"Xiaomi TV A Pro 55"" QLED 2025",10,61200,612000,Brand Bazaar,Happy Arcadia Shopping Malls ,8801711903044,,,,Self Delivery,,,0033 - Imran Hossain - DHK,,
Done,JulJ25,27-Jul,Redmi Note 14 Pro 5G 8/256GB,2,39000,78000,Electra Mobile,"Shop No : 53, Basement 1, Bashundhara City ",8801734737889,,,,Self Delivery,Colour : Black 01 Pc &  Purple 01 Pc,,0033 - Imran Hossain - DHK,,
Done,JulJ25,27-Jul,"Xiaomi TV A Pro 65"" QLED 2025",1,85590,85590,Electronics Mart,"Palbari,  Jashore",8801711026335,World Tech,"Chitrar Mor,  Jashore Sadore,  Jashore",01912989757,No Preference,,0,0126 - Ashik Sardar,,
Done,JulJ25,28-Jul,"Xiaomi TV A Pro 43"" QLED 2025",1,41000,41000,Abdullah Al Masum,"Shahjalal Islami Bank PLC,Savar Branch, Savar, Dhaka",8801711513443,,,,Self Delivery,,0,B2B,,
Done,JulJ25,28-Jul,A2 12K VIOMI AC Split (Non-Inverter) 1 Ton,1,35000,35000,Sumash Tech ,"Bashundhara City, level 5, Shop no : 105-108",8801677477085,,,,Self Delivery,,,B2B,,
Done,JulJ25,28-Jul,A2 18K VIOMI AC Split (Non-Inverter) 1.5 Ton,1,45000,45000,Sumash Tech ,"Bashundhara City, level 5, Shop no : 105-108",8801677477085,,,,Self Delivery,,,B2B,,
Done,JulJ25,28-Jul,A2 24K VIOMI AC Split (Non-Inverter) 2 Ton,1,57000,57000,Sumash Tech ,"Bashundhara City, level 5, Shop no : 105-108",8801677477085,,,,Self Delivery,,,B2B,,
Done,JulJ25,30-Jul,"Xiaomi TV A Pro 65"" QLED 2025",1,85590,85590,Moon Electronics ,"Arambaria Ishwardi Bazar, Pabna. ",8801744394909,"Bill Name: Zubair Footwear Ltd.  Md Ziaur Rahman khan.  Mobile : 01740641861. House: 30, Uttara sector 13, 7th Floor, Garib E Newaz Avenue, Dhaka.","Uttara, Sector 3, Road 4, House: 44, Dhaka.","Monir: 01967-401069,Farhad : 01771-795363 ",Self Delivery,Installation must be completed by 2 pm.,,0019 - Hafizur Rahman,,
Done,JulJ25,30-Jul,"Xiaomi TV A Pro 65"" QLED 2025",1,85590,85590,Hasan Mohammad Reza (Bapun),"76, Saha Abdul Karim Road, Khorki (Dakkin Para), Jessore Sadar, Jashore",8801915800700,,,,Self Delivery,,0,B2C,,
Done,JulJ25,30-Jul,"Xiaomi TV A Pro 65"" QLED 2025",5,83000,415000,Star Tech & Engineering Limited,"6th floor, 28 Kazi Nazrul Islam Ave,Navana Zohura Square, Dhaka 1000.",8801709995415,,,,Self Delivery,,0,B2B,,
Done,JulJ25,30-Jul,"Xiaomi TV A Pro 55"" QLED 2025",1,64990,64990,Moon Electronics ,"Arambaria Bazar, Ishwardi Bazar, Pabna",8801744394909,Robiul Islam,Ishwardi Bazar ,01747106471,Sundarban,,,0019 - Hafizur Rahman,,
Done,JulJ25,31-Jul,A2 18K VIOMI AC Split (Non-Inverter) 1.5 Ton,1,42000,42000,Khondkar Zoha,Amaya HQ,8801779496151,,,,Self Delivery,,0,B2C,,
Done,JulJ25,31-Jul,Xiaomi Rechargeable Mini Fan,2,2699,5398,Daraz,"Asfia Tower - 76, Road-11, Block-E,  Banani ",8801847420050,,,,Self Pick,,,E-Com,,
Done,JulJ25,31-Jul,Mi Dual Mode Wireless Mouse Silent Edition,1,1189,1189,Daraz,"Asfia Tower - 76, Road-11, Block-E,  Banani ",8801847420050,,,,Self Pick,,,E-Com,,
Done,JulJ25,31-Jul,"Xiaomi TV A Pro 55"" QLED 2025",1,65000,65000,Saiful Shaheen,"Senior Journalist, House - 506/3, Ground Floor, Road - 10, Shaheenbag, Tejgaon, Dhaka",8801798406740,,,,Self Delivery,Zoha Boss Order,0,B2B,,
Done,Augu25,2-Aug,Xiaomi Rechargeable Mini Fan,1,2699,2699,Daraz,"Asfia Tower - 76, Road-11, Block-E,  Banani ",8801847420050,,,,Self Pick,,,E-Com,,
Done,Augu25,2-Aug,Xiaomi TV A 2025 65 Inch,1,77990,77990,Pretty Group,"House # 5/A, Road # 94, Gulshan- 2, Dhaka-1212, Bangladesh",8801992055664,,,,Self Delivery,,0,B2B,,
Done,Augu25,2-Aug,Redmi Note 14 Pro 5G 8/256GB,10,37050,370500,Mi Store (Mobile Bazar),"Shop: 40, Level: 2, Shah Ali Plaza, Mirpur 10",8801788484830,,,,Self Delivery,10 pcs Black,,0035 - Md.Rejaul Islam Sujon,,
Done,Augu25,2-Aug,"Xiaomi TV A Pro 55"" QLED 2025",1,64000,64000,Ahmed Sayeed,"Apartment 2A, Plot 117, 119 Road 13, Sector 10, Uttara",8801756226810,,,,Self Delivery,,,B2C,,
Done,Augu25,3-Aug,Xiaomi TV A Pro 55 Inch,1,54590,54590,Wholesale Electronic Narayanganj ,"Apurbo Tower,Cashara, Narayanganj ",8801888018887,,,,No Preference,,,0112 - Ahasanul Kabir,,
Done,Augu25,3-Aug,"Xiaomi TV A 43"" FHD 2025",1,29990,29990,Wholesale Electronic Narayanganj ,"Apurbo Tower,Cashara, Narayanganj ",8801888018887,,,,No Preference,,,0112 - Ahasanul Kabir,,
Done,Augu25,3-Aug,Xiaomi TV A Pro 43 Inch,1,36990,36990,Wholesale Electronic Narayanganj ,"Apurbo Tower, Cashara, Narayanganj. ",8801888018887,,,,No Preference,,,0112 - Ahasanul Kabir,,
Done,Augu25,4-Aug,"Xiaomi TV A Pro 43"" QLED 2025",1,40990,40990,Wholesale Electronic Narayanganj ,"Apurbo tower, Cashara, Narayanganj ",8801888018887,,,,No Preference,,,0112 - Ahasanul Kabir,,
Done,Augu25,4-Aug,Xiaomi TV A Pro 43 Inch,1,36990,36990,Wholesale Electronic Narayanganj ,"Apurbo tower, Cashara,Narayanganj ",8801888018887,,,,No Preference,,,0112 - Ahasanul Kabir,,
Done,Augu25,4-Aug,"Xiaomi TV A Pro 55"" QLED 2025",3,64990,194970,Shamim Electronics ,"Mirpur 10, Jolladkhana, North Side Of Desco. ",8801999949933,,,,Self Delivery,,,0035 - Md.Rejaul Islam Sujon,,
Done,Augu25,4-Aug,"Xiaomi TV A Pro 65"" QLED 2025",2,85590,171180,Shamim Electronics ,Mirpur 10,8801999949933,,,,Self Delivery,,,0035 - Md.Rejaul Islam Sujon,,
Done,Augu25,6-Aug,"Xiaomi TV A Pro 43"" QLED 2025",1,40990,40990,Sultan,"Hafiza huda tower, lift-5, Right side. House-20, Main road, Block-G,  Aftabnagar, Bottola. Badda-1212",8801739839191,,,,Self Delivery,,0,B2C,,
Done,Augu25,6-Aug,Redmi Note 14 Pro 5G 8/256GB,10,38000,380000,DX Tel,"Road - 54A, House - 7, Gulshan - 2, Dhaka - 1212",8801708813798,,,,Self Delivery,,0,B2B,,
Done,Augu25,6-Aug,"Xiaomi TV A Pro 55"" QLED 2025",2,64990,129980,Long Tech,"Y -7, Noor Jahan Road, Mohammadpur ",8801919234023,,,,Self Delivery,,,0033 - Imran Hossain - DHK,,
Done,Augu25,6-Aug,"Xiaomi TV A Pro 55"" QLED 2025",1,64990,64990,New Japan Electronics ,"Stadium Market, Cumilla Sadar ",8801711392790,Mr.Sohag,"Section 12 Block E Road 33 House 29 Mirpur, Pallabi, Dhaka-1216",01783610000,No Preference,Wall e fitting kore dite hobe,,0024 - Taimur Hossain,,
Done,Augu25,6-Aug,"Xiaomi TV A Pro 43"" QLED 2025",2,40990,81980,UB Electronics ,Uttara,8801765591144,,,,Self Delivery,,,0035 - Md.Rejaul Islam Sujon,,
Done,Augu25,6-Aug,"Xiaomi TV A Pro 55"" QLED 2025",1,64990,64990,UB Electronics ,Uttara,8801765591144,,,,Self Delivery,,,0035 - Md.Rejaul Islam Sujon,,
Done,Augu25,6-Aug,"Xiaomi TV A Pro 65"" QLED 2025",10,80700,807000,Brand Bazaar,Happy Arcadia Shopping Malls,8801711903044,,,,Self Delivery,,,0033 - Imran Hossain - DHK,,
Done,Augu25,6-Aug,"Xiaomi TV A Pro 55"" QLED 2025",5,61200,306000,Brand Bazaar ,Happy Arcadia Shopping Malls,8801711903044,,,,Self Delivery,,,0033 - Imran Hossain - DHK,,
Done,Augu25,6-Aug,Mi Smart Air Fryer 3.5L,2,8490,16980,Silver Water Technologies Bangladesh Limited,"Plot: 9, ka/kha Ground Floor, Dhaka 1215, Tejgaon",8801708127036,,,,Self Delivery,,0,E-Com,,
Done,Augu25,9-Aug,"Xiaomi TV A Pro 65"" QLED 2025",1,84000,84000,Sumash Tech,"Bashundhara City, level 5, Shop no : 105-108",8801677477085,,,,Self Delivery,,0,B2B,,
Done,Augu25,9-Aug,Redmi Note 14 Pro 5G 8/256GB,1,39000,39000,Janaprio Electronics,"Bazir Mor, Narsingdi Sadar ",8801720693372,,,,Sundarban,1 pcs 14 pro 5G (lavender purple) ,,0112 - Ahasanul Kabir,,
Done,Augu25,10-Aug,"Xiaomi TV A Pro 55"" QLED 2025",1,64000,64000,Euro Vigil (Pvt.) Ltd. ,"House # 04 Road # 02, Block # J BARIDHARA, DHAKA - 1212. ",8801754640980,,,,Self Delivery,,0,B2B,,
Done,Augu25,10-Aug,Xiaomi TV A Pro 32 Inch,2,20990,41980,Smart home appliance ,"Alipur, sadar,Faridpur ",8801318300516,,,,Sundarban,,,0026 - Ohidul Islam,,
Done,Augu25,10-Aug,"Xiaomi TV A Pro 65"" QLED 2025",1,81000,81000,Silver Water Technologies Bangladesh Limited,"Plot: 9, ka/kha Ground Floor, Dhaka 1215, Tejgaon",8801708127036,,,,Self Delivery,,0,E-Com,,
Done,Augu25,10-Aug,Xiaomi TV A Pro 32 Inch,1,20990,20990,Mollick electronics ,"Jibonnagar, Chuadanga ",8801922487846,,,,Sundarban,,,0026 - Ohidul Islam,,
Done,Augu25,11-Aug,"Xiaomi TV A Pro 75"" QLED 2025",1,135990,135990,Super electronics ,"20-208, 2nd floor, Lotif Center, Zindabazar, Sylhet ",8801612124747,,,,Sundarban,,,0125 - Easir Arafat,,
Done,Augu25,11-Aug,"Xiaomi TV A Pro 65"" QLED 2025",1,85590,85590,Super electronics ,"20-208, 2nd floor, Lotif Center, Zindabazar, Sylhet ",8801612124747,,,,Sundarban,,,0125 - Easir Arafat,,
Done,Augu25,11-Aug,"Xiaomi TV A Pro 65"" QLED 2025",1,81000,81000,Silver Water Technologies Bangladesh Limited,"Plot: 9, ka/kha Ground Floor, Dhaka 1215, Tejgaon",8801708127036,,,,Self Delivery,,0,E-Com,,
Done,Augu25,12-Aug,"Xiaomi TV A Pro 55"" QLED 2025",1,64990,64990,Shohan Electronics,Hard Metal Gallery Dakbangla Khulna,8801726728024,F Farook Trade Int,Khulna Biman Sundarban Office,8801776263084,Sundarban,,0,0126 - Ashik Sardar,,
Done,Augu25,12-Aug,A2 24K VIOMI AC Split (Non-Inverter) 2 Ton,1,54000,54000,Shine Fusion Enterprise ,"Airport road, Khashdobir Madani masjid market, Khasdobir, Sylhet ",8801719951824,,,,Sundarban,Urgent ,,0125 - Easir Arafat,,
Done,Augu25,13-Aug,"Xiaomi TV A Pro 55"" QLED 2025",1,64000,64000,Md. Zahran ,"Sector- 04, Road- 2b, Uttara, Dhaka",8801716622091,,,,Self Delivery,Delivery after 6.00 PM,,0035 - Md.Rejaul Islam Sujon,,
Done,Augu25,13-Aug,"Xiaomi TV A Pro 43"" QLED 2025",1,40990,40990,Super electronics ,"202-208, 2nd floor, Lotif Center, Zindabazar, Sylhet ",8801612124747,,,,Self Pick,Product transfer to Super electronics from Shine Future enterprise. ,,0125 - Easir Arafat,,
Done,Augu25,13-Aug,"Xiaomi TV A Pro 65"" QLED 2025",2,81000,162000,Silver Water Technologies Bangladesh Limited,"Plot: 9, ka/kha Ground Floor, Dhaka 1215, Tejgaon",8801708127036,,,,Self Delivery,,0,E-Com,,
Done,Augu25,13-Aug,A2 18K VIOMI AC Split (Non-Inverter) 1.5 Ton,1,44000,44000,GunGun ,"Khalibari, B,baria",8801911097959,,"Olipur, Sundarban Branch,Habiganj",01716-841388,Sundarban,,,0094 - Shaharia Khan,,
Done,Augu25,14-Aug,A2 12K VIOMI AC Split (Non-Inverter) 1 Ton,1,35000,35000,Sajeda begum,"House 437/C, Senpara parbata, Mirpur 10",8801750929163,,,,Self Delivery,,0,B2B,,
Done,Augu25,14-Aug,Redmi Note 14 Pro 5G 8/256GB,30,37050,1111500,MI RD Arafat Traders ,"New market opposite side, sultanabad, Bualia, Rajshahi. ",8801747104626,,,,Sundarban,"Color=Black -20,Purple -10",,0019 - Hafizur Rahman,,
Done,Augu25,14-Aug,"Xiaomi TV A Pro 43"" QLED 2025",2,37400,74800,Chowdhury Electronics ,Alpona Plaza,8801785246248,,,,Self Delivery,,,0033 - Imran Hossain - DHK,,
Done,Augu25,16-Aug,"Xiaomi TV A Pro 65"" QLED 2025",1,84500,84500,Towhid Sarfaraz,"House- Primus Karim Villa, Flat-8A, 31 East Hazipara, Dhaka.",8801760495412,,,,Self Delivery,,0,B2C,,
Done,Augu25,17-Aug,"Xiaomi TV A Pro 55"" QLED 2025",1,64990,64990,Shohan Electronics,Hard Metal Gallery Dakbangla Khulna,8801726728024,,,,Self Delivery,,0,0126 - Ashik Sardar,,
Done,Augu25,17-Aug,"Xiaomi TV A Pro 43"" QLED 2025",1,40580,40580,Shamim Electronics ,Mirpur 10,8801999949933,,,,Self Delivery,Advance in ledger 85000,,0035 - Md.Rejaul Islam Sujon,,
Done,Augu25,17-Aug,Xiaomi TV A Pro 32 Inch,1,20780,20780,Shamim Electronics ,Mirpur 10,8801999949933,,,,Self Delivery,,,0035 - Md.Rejaul Islam Sujon,,
Done,Augu25,18-Aug,Xiaomi TV A Pro 55 Inch,1,55990,55990,Khairul Kabir Liton,"হোল্ডিং নং-০৭২৭, গ্রাম- মশুরিয়াপাড়া( জাহিদ বিড়ি ফ্যাক্টরির সামনে) ,থানা- ঈশ্বরদী ",8801711318951,,,,Sundarban,,,0035 - Md.Rejaul Islam Sujon,,
Done,Augu25,18-Aug,"Xiaomi TV A Pro 55"" QLED 2025",1,65000,65000,Mr. Sohel,"Flat B1, House 14, Road 137, Gulshan 1",8801919131288,,,,Self Delivery,,,B2C,,
Done,Augu25,18-Aug,Xiaomi TV A Pro 32 Inch,10,20990,209900,New Japan Electronics ,"Stadium Market, Cumilla ",8801711392790,,,,Sundarban,,,0024 - Taimur Hossain,,
Done,Augu25,18-Aug,Xiaomi TV A Pro 32 Inch,20,20990,419800,FM Electronics,Ctg,8801824946334,,,,No Preference,,,0025 - Imran Hossain - CTG,,
Done,Augu25,18-Aug,Xiaomi TV A Pro 32 Inch,5,20990,104950,Bj Electronics ,Ctg,8801734640607,,,,No Preference,,,0025 - Imran Hossain - CTG,,
Done,Augu25,18-Aug,Redmi Note 14 Pro 5G 8/256GB,10,38610,386100,Amin Telecom ,"Salimar super market, station road,sadar Gaibandha. ",8801762-246565,,,,Sundarban,Color - mix,,0019 - Hafizur Rahman,,
Done,Augu25,18-Aug,"Xiaomi TV A Pro 55"" QLED 2025",5,61200,306000,Chowdhury Electronics ,Alpona Plaza,8801785246248,,,,Self Delivery,,,0033 - Imran Hossain - DHK,,
Done,Augu25,18-Aug,"Xiaomi TV A Pro 65"" QLED 2025",5,80700,403500,Chowdhury Electronics ,Alpona Plaza,8801785246248,,,,Self Delivery,,,0033 - Imran Hossain - DHK,,
Done,Augu25,18-Aug,Mi Smart Air Fryer 3.5L,1,8490,8490,Silver Water Technologies Bangladesh Limited,"Plot: 9, ka/kha Ground Floor, Dhaka 1215, Tejgaon",8801708127036,,,,Self Delivery,,0,E-Com,,
Done,Augu25,18-Aug,Xiaomi TV A Pro 32 Inch,5,20990,104950,New Japan Electronics ,New Japan Electronics ,8801711392790,,,,Sundarban,,,0024 - Taimur Hossain,,
Done,Augu25,18-Aug,Xiaomi TV A Pro 32 Inch,5,20990,104950,A.K Electronics ,"College road, Basurhat, Companyganj.",8801818294390,,,,Sundarban,emergency home delivery.. ,,0124 - Fakhrul Islam Rahi,,
Done,Augu25,19-Aug,"Xiaomi TV A Pro 43"" QLED 2025",3,40990,122970,Bj Electronics,Ctg,8801734640607,,,,No Preference,,,0025 - Imran Hossain - CTG,,
Done,Augu25,19-Aug,"Xiaomi TV A Pro 43"" QLED 2025",5,40990,204950,FM Electronics,Ctg,8801824946334,,,,No Preference,,,0025 - Imran Hossain - CTG,,
Done,Augu25,19-Aug,A2 18K VIOMI AC Split (Non-Inverter) 1.5 Ton,1,43000,43000,Mr. Tanvir,"48/1 circular road, central road er 1st goli",8801616751040,,,,Self Delivery,,0,B2C,,
Done,Augu25,19-Aug,"Xiaomi TV A Pro 65"" QLED 2025",1,85590,85590,Bj Electronics ,Chattogram,8801734640607,MM Electronics,"Abeda plaza,High school road,Bandarban sadar.",01881074945,Sundarban,,,0025 - Imran Hossain - CTG,,
Done,Augu25,19-Aug,Xiaomi TV A Pro 32 Inch,3,20990,62970,Bj Electronics,Chattogram,8801734640607,MM Electronics,"Abeda plaza,High school road,Bandarban",01881074945,Sundarban,,,0025 - Imran Hossain - CTG,,
Done,Augu25,19-Aug,"Xiaomi TV A Pro 75"" QLED 2025",1,80000,80000,Ziauddin Chowdhury,Xiaomi BD HQ,8801713998238,,,,Self Delivery,,0,B2B,,
Done,Augu25,19-Aug,"Xiaomi TV A Pro 43"" QLED 2025",1,40990,40990,Talukder traders,"Sundarban curiar service 
Jumma ghor,baroipara",8801682916502,,,,Sundarban,"Condition - 43,000/-",,0035 - Md.Rejaul Islam Sujon,,
Done,Augu25,20-Aug,Xiaomi TV A Pro 32 Inch,10,20990,209900,Mi smart home ,"Feni Sadar , Somobay Super market-3, ground floor. ","8801711765235, 8801819046155",,,,Sundarban,,,0124 - Fakhrul Islam Rahi,,
Done,Augu25,20-Aug,A2 12K VIOMI AC Split (Non-Inverter) 1 Ton,1,32000,32000,Bj Electronics,"Nasirabad,Chattogram  (OD Nasirabad)",8801734640607,,,,Sundarban,(OD Nasirabad),,0025 - Imran Hossain - CTG,,
Cancelation,Augu25,20-Aug,A2 24K VIOMI AC Split (Non-Inverter) 2 Ton,,,0,Mr. Tanvir,"Honda showroom, khalpar, diabari, dhaka",8801711436003,,,,Self Delivery,,0,B2B,,
Done,Augu25,20-Aug,Xiaomi TV A Pro 32 Inch,11,20990,230890,Smart home appliance ,"Alipur, sadar,Faridpur ",8801318300516,,,,Sundarban,,,0026 - Ohidul Islam,,
Done,Augu25,20-Aug,Xiaomi TV A Pro 32 Inch,1,20990,20990,Robiul telecom ,"Sadar,Gopalgonj ",8801795552227,,,,Sundarban,,,0026 - Ohidul Islam,,
Done,Augu25,20-Aug,Xiaomi TV A Pro 32 Inch,10,20990,209900,Wholesale Electronic Narayanganj ,"Rajdhani Auporbo Tower,Cashara, Narayanganj ",8801888018887,,,,Self Delivery,,,0112 - Ahasanul Kabir,,
Done,Augu25,20-Aug,Xiaomi TV A Pro 32 Inch,6,20990,125940,Sofiq electronics ,"Modhukhali thana,Faridpur ",880170503353,,,,Sundarban,,,0026 - Ohidul Islam,,
Done,Augu25,20-Aug,Xiaomi TV A Pro 32 Inch,10,19990,199900,Chowdhury Electronics ,Alpona Plaza,8801785246248,,,,Self Delivery,,,0033 - Imran Hossain - DHK,,
Done,Augu25,20-Aug,Xiaomi TV A Pro 32 Inch,5,19990,99950,Brand Bazaar ,Happy Arcadia Shopping Malls,8801711903044,,,,Self Delivery,,,0033 - Imran Hossain - DHK,,
Done,Augu25,20-Aug,Xiaomi TV A Pro 32 Inch,6,20990,125940,Mollick electronics ,"Jibonnagar, Chudanga ",8801922487846,,,,Sundarban,,,0026 - Ohidul Islam,,
Done,Augu25,20-Aug,"Xiaomi TV A Pro 55"" QLED 2025",5,61200,306000,Brand Bazaar ,Happy Arcadia Shopping Malls,8801711903044,,,,Self Delivery,,,0033 - Imran Hossain - DHK,,
Done,Augu25,21-Aug,Xiaomi TV A Pro 32 Inch,5,20990,104950,Long Tech,"Y-7, Noor Jahan Road, Mohammadpur ",8801919234023,,,,Self Delivery,,104950,0033 - Imran Hossain - DHK,,
Done,Augu25,21-Aug,"Xiaomi TV A Pro 55"" QLED 2025",1,64990,64990,Long Tech,"Y-7, Noor Jahan road, Mohammadpur ",8801919234023,,,,Self Delivery,,64990,0033 - Imran Hossain - DHK,,
Cancelation,Augu25,21-Aug,Xiaomi Rechargeable Mini Fan,1,2698,2698,Daraz,"Asfia Tower - 76, Road-11, Block-E,  Banani ",8801847420050,,,,Self Pick,,,E-Com,,
Done,Augu25,21-Aug,"Xiaomi TV A Pro 55"" QLED 2025",1,64340,64340,Shamim Electronics ,Mirpur 10,8801929672128,Arif Electronics ,"🏠বাড়ি নং-৩, রোড নং-৯, ব্লক-বি, সেকশন-১৩, মিরপ���র-১৩, ঢাকা-১২১৬   একজাস্ট লোকেশন ।✓ মিরপুর ১৩ নাম্বার বিআরটি অফিসের উল্টা পাশে বিদ্যুৎ অফিস রোড । চাওমিন ফ্যাশন দোকানের পাশে",+880 1824-900610,Self Delivery,Provide invoice and challan.,,0035 - Md.Rejaul Islam Sujon,,
Done,Augu25,21-Aug,Xiaomi TV A Pro 32 Inch,5,20780,103900,Shamim Electronics ,Mirpur 10,8801999949933,Arif Electronics ,"🏠বাড়ি নং-৩, রোড নং-৯, ব্লক-বি, সেকশন-১৩, মিরপুর-১৩, ঢাকা-১২১৬   একজাস্ট লোকেশন ।✓ মিরপুর ১৩ নাম্বার বিআরটি অফিসের উল্টা পাশে বিদ্যুৎ অফিস রোড । চাওমিন ফ্যাশন দোকানের পাশে",+880 1824-900610,Self Delivery,,,0035 - Md.Rejaul Islam Sujon,,
Done,Augu25,21-Aug,"Xiaomi TV A Pro 43"" QLED 2025",1,40990,40990,Super electronics ,"202-208, 2nd floor, Lotif Center, Zindabazar, Sylhet ",8801612124747,,,,Self Delivery,"Product collect Bondhu electro mart, Moulvibazar to Super electronics, Sylhet. ",,0125 - Easir Arafat,,
Done,Augu25,21-Aug,Xiaomi TV A Pro 32 Inch,6,20990,125940,Aristo computer ,"Lavli tower, sadar,Kushtia ",8801711450101,,,,Sundarban,,,0026 - Ohidul Islam,,
Done,Augu25,21-Aug,Xiaomi TV A Pro 32 Inch,4,20990,83960,Super electronics ,"2nd floor, Lotif Center, Zindabad, Sylhet ",8801612124747,,,,Sundarban,,,0125 - Easir Arafat,,
Done,Augu25,23-Aug,"Xiaomi TV A 43"" FHD 2025",5,29990,149950,Bismillah Electronics,"Anowara,Chattogram ",8801875737375,,,,No Preference,,,0025 - Imran Hossain - CTG,,
Done,Augu25,23-Aug,Xiaomi TV A 2025 55 Inch,1,55990,55990,Bismillah Electronics ,"Anowara,Chattogram ",8801875737375,,,,No Preference,,,0025 - Imran Hossain - CTG,,
Done,Augu25,23-Aug,"Xiaomi TV A 43"" FHD 2025",15,29990,449850,FM Electronics ,Chattogram ,8801824946334,,,,No Preference,,,0025 - Imran Hossain - CTG,,
Done,Augu25,23-Aug,"Xiaomi TV A Pro 65"" QLED 2025",2,85590,171180,FM Electronics ,Ctg,8801824946334,,,,No Preference,,,0025 - Imran Hossain - CTG,,
Done,Augu25,23-Aug,"Xiaomi TV A Pro 55"" QLED 2025",2,64990,129980,FM Electronics ,Ctg,8801824946334,,,,No Preference,,,0025 - Imran Hossain - CTG,,
Done,Augu25,23-Aug,Xiaomi TV A 2025 65 Inch,2,77990,155980,FM Electronics ,Ctg,8801824946334,,,,No Preference,,,0025 - Imran Hossain - CTG,,
Done,Augu25,23-Aug,"Xiaomi TV A 43"" FHD 2025",10,29990,299900,Bj Electronics,Ctg,8801734640607,,,,No Preference,,,0025 - Imran Hossain - CTG,,
Done,Augu25,23-Aug,Xiaomi TV A 2025 65 Inch,1,77990,77990,Bj Electronics,Ctg,8801734640607,,,,No Preference,,,0025 - Imran Hossain - CTG,,
Done,Augu25,23-Aug,"Xiaomi TV A Pro 55"" QLED 2025",1,64990,64990,Bj Electronics ,Ctg,8801734640607,,,,No Preference,,,0025 - Imran Hossain - CTG,,
Done,Augu25,23-Aug,Xiaomi TV A Pro 32 Inch,5,20990,104950,Bj Electronics ,Ctg,8801734640607,,,,No Preference,,,0025 - Imran Hossain - CTG,,
Done,Augu25,23-Aug,"Xiaomi TV A 43"" FHD 2025",8,29690,237520,Shamim Electronics ,Mirpur 10,8801929672128,Arif Electronics ,"🏠বাড়ি নং-৩, রোড নং-৯, ব্লক-বি, সেকশন-১৩, মিরপুর-১৩, ঢাকা-১২১৬   একজাস্ট লোকেশন ।✓ মিরপুর ১৩ নাম্বার বিআরটি অফিসের উল্টা পাশে বিদ্যুৎ অফিস রোড । চাওমিন ফ্যাশন দোকানের পাশে",+880 1824-900610,Self Delivery,Provide invoice and challan ,,0035 - Md.Rejaul Islam Sujon,,
Done,Augu25,23-Aug,"Xiaomi TV A 43"" FHD 2025",15,29990,449850,New Japan Electronics ,"Stadium Market, Cumilla ",8801711392790,,,,Sundarban,,,0024 - Taimur Hossain,,
Done,Augu25,23-Aug,Xiaomi TV A 2025 65 Inch,1,78000,78000,Enroute International Ltd.,"House: 33, 3rd Floor, Road: 13, Rupnagar R/A, Mirpur-1216, Dhaka.",8801716871076,,,,Self Delivery,,,0035 - Md.Rejaul Islam Sujon,,
Done,Augu25,23-Aug,Xiaomi TV A Pro 32 Inch,5,20990,104950,Sumash Tech ,"Level 5, Shop No : 108-111, Bashundhara City",8801677477085,,,,Self Delivery,"Ref : MD Sir
Please deliver the product within 1 hour
",,0033 - Imran Hossain - DHK,,
Done,Augu25,23-Aug,Xiaomi TV A 2025 65 Inch,1,75000,75000,D&S pretty Fashion ltd,"House:5/A, road:94, Gulshan 2",8801910808923,,,,Self Delivery,,,B2C,,
Done,Augu25,23-Aug,"Xiaomi TV A 43"" FHD 2025",1,29990,29990,N.B Electronics ,"Sholoshohor, Nasirabad, Chittagong.",8801720189210,Saad Telecom ,"Renu Miya Master Shopping Complex, Mirsarai, Chittagong.",8801608680490,No Preference,"Please deliver our self transport, if that is not possible, then definitely make sure that the booking is made through the Feni branch of Sundarban Courier. ",00,0070 - Tamal Roy,,
Done,Augu25,23-Aug,Xiaomi TV A Pro 32 Inch,1,20990,20990,Shine Fusion Enterprise ,"Airport road, Khashdobir Madani masjid market, Khashdobir, Sylhet ",8801719951824,,,,Sundarban,,,0125 - Easir Arafat,,
Done,Augu25,23-Aug,"Xiaomi TV A 43"" FHD 2025",1,29990,29990,Shine Fusion Enterprise ,"Khashdobir Madani masjid market, Khashdobir, Sylhet. ",8801719951824,,,,Sundarban,,,0125 - Easir Arafat,,
Done,Augu25,23-Aug,"Xiaomi TV A 43"" FHD 2025",3,29990,89970,Super electronics ,"2nd & 3rd floor, Lotif Center, Zindabazar, Sylhet ",8801612124747,,,,Sundarban,,,0125 - Easir Arafat,,
Done,Augu25,24-Aug,"Xiaomi TV A Pro 55"" QLED 2025",2,64340,128680,Shamim Electronics ,"Mirpur 10, Jolladkhana, North Side Of Desco ",8801929672128,,,,Self Delivery,,,0035 - Md.Rejaul Islam Sujon,,
Done,Augu25,24-Aug,"Xiaomi TV A Pro 65"" QLED 2025",2,85590,171180,Jitu,Alpona Plaza,8801723863710,,,,Self Delivery,,,B2C,,
Done,Augu25,24-Aug,"Xiaomi TV A Pro 55"" QLED 2025",2,64990,129980,Jitu,Alpona Plaza,8801723863710,,,,Self Delivery,,,B2C,,
Done,Augu25,24-Aug,"Xiaomi TV A 43"" FHD 2025",7,29690,207830,Shamim Electronics ,Mirpur ,8801929672128,,,,Self Delivery,,,0035 - Md.Rejaul Islam Sujon,,
Done,Augu25,24-Aug,"Xiaomi TV A 43"" FHD 2025",10,29990,299900,Jitu,Alpona Plaza,8801723863710,,,,Self Delivery,,,B2C,,
Done,Augu25,24-Aug,Xiaomi TV A Pro 32 Inch,10,20990,209900,Jitu,Alpona Plaza,8801723863710,,,,Self Delivery,,,B2C,,
Done,Augu25,24-Aug,"Xiaomi TV A Pro 55"" QLED 2025",2,64990,129980,Super electronics ,"2nd & 3rd floor, Lotif Center, Zindabazar, Sylhet ",8801612124747,,,,Sundarban,,,0125 - Easir Arafat,,
Done,Augu25,24-Aug,Xiaomi TV A Pro 55 Inch,2,54590,109180,Super electronics ,"2nd & 3rd floor, Lotif Center, Zindabazar, Sylhet ",8801612124747,,,,Sundarban,,,0125 - Easir Arafat,,
Done,Augu25,24-Aug,Xiaomi TV A Pro 32 Inch,4,20990,83960,N.B Electronics ,"Sholosohor, Nasirabad, Chittagong ",8801720189210,,,,No Preference,,00,0070 - Tamal Roy,,
Done,Augu25,24-Aug,"Xiaomi TV A 43"" FHD 2025",4,29990,119960,N.B Electronics ,"Sholosohor, Nasirabad, Chittagong.",8801720189210,,,,No Preference,,00,0070 - Tamal Roy,,
Cancelation,Augu25,24-Aug,"Xiaomi TV A Pro 43"" QLED 2025",,,0,N.B Electronics ,"Sholosohor, Nasirabad, Chittagong.",8801720189210,,,,No Preference,,00,0070 - Tamal Roy,,
Done,Augu25,24-Aug,"Xiaomi TV A 43"" FHD 2025",5,29990,149950,Wholesale Electronic Narayanganj ,"Rajdhani Apurba Tower,Cashara,Narayanganj ",8801888018887,,,,Self Delivery,,150000,0112 - Ahasanul Kabir,,
Cancelation,Augu25,24-Aug,"Xiaomi TV A Pro 43"" QLED 2025",,,0,FM Electronics ,Ctg,8801824946334,,,,No Preference,,,0025 - Imran Hossain - CTG,,
Done,Augu25,24-Aug,Xiaomi TV A Pro 32 Inch,7,20990,146930,Kenabecha electronics ,"Baneshwar Bazar, Puthia, Rajshahi ",8801731913708,,,,Sundarban,,226440,0019 - Hafizur Rahman,,
Done,Augu25,24-Aug,"Xiaomi TV A 43"" FHD 2025",3,29990,89970,Kenabecha electronics ,"Baneshwar Bazar, Puthia,Rajshahi ",8801731913708,,,,Sundarban,,226440,0019 - Hafizur Rahman,,
Done,Augu25,24-Aug,Xiaomi TV A Pro 32 Inch,1,20990,20990,Mi store rudro Telecom ,Sadar Pabna,8801719304848,,,,Sundarban,,,0019 - Hafizur Rahman,,
Done,Augu25,24-Aug,A2 24K VIOMI AC Split (Non-Inverter) 2 Ton,2,57000,114000,Md. Sobuj Hossain,"Pabna Sadar, Pabna",8801774301001,,,,Self Delivery,,0,B2C,,
Done,Augu25,24-Aug,Xiaomi TV A Pro 32 Inch,5,20990,104950,Esha Electronics ,"Shah Amanat City Corporation Super Market (1st Floor), Jubilee Road, Chittagong.",8801716548281,,,,No Preference,,00,0070 - Tamal Roy,,
Done,Augu25,25-Aug,Xiaomi TV A Pro 32 Inch,5,20990,104950,Shohan Electronics,Hard Metal Gallery Dakbangla Khulna,8801726728024,,,,Self Delivery,,0,B2B,,
Done,Augu25,25-Aug,Xiaomi TV A Pro 32 Inch,5,20790,103950,New Friends Electronics ,"Stadium 1 no gate, shop no 29",8801817097172,,,,Self Delivery,,,0033 - Imran Hossain - DHK,,
Done,Augu25,25-Aug,"Xiaomi TV A 43"" FHD 2025",3,29740,89220,New Friends Electronics ,"Stadium 1 no gate, shop no 29",8801817097172,,,,Self Delivery,,,0033 - Imran Hossain - DHK,,
Done,Augu25,26-Aug,"Xiaomi TV A Pro 55"" QLED 2025",2,64490,128980,New Friends Electronics ,"Stadium 1 no gate, shop no - 29",8801817097172,,,,Self Delivery,,,0033 - Imran Hossain - DHK,,
Done,Augu25,27-Aug,Xiaomi TV A 2025 65 Inch,1,77990,77990,UB Electronics ,"House- 04, Road- 17, Sector- 13, Uttara, Dhaka- 1230",8801866222090,,,,Self Delivery,,,0035 - Md.Rejaul Islam Sujon,,
Done,Augu25,27-Aug,"Xiaomi TV A Pro 55"" QLED 2025",2,64990,129980,UB Electronics ,Uttara,8801866222090,,,,Self Delivery,,,0035 - Md.Rejaul Islam Sujon,,
Done,Augu25,27-Aug,"Xiaomi TV A 43"" FHD 2025",2,29990,59980,UB Electronics ,Uttara,8801866222090,,,,Self Delivery,,,0035 - Md.Rejaul Islam Sujon,,
Done,Augu25,27-Aug,Xiaomi TV A Pro 32 Inch,2,20990,41980,UB Electronics ,Uttara,8801866222090,,,,Self Delivery,,,0035 - Md.Rejaul Islam Sujon,,
Done,Augu25,27-Aug,"Xiaomi TV A Pro 55"" QLED 2025",1,61000,61000,Silver Water Technologies Bangladesh Limited,"Plot: 9, ka/kha Ground Floor, Dhaka 1215, Tejgaon",8801708127036,,,,Self Delivery,,0,E-Com,,
Done,Augu25,27-Aug,"Xiaomi TV A Pro 65"" QLED 2025",1,81000,81000,Silver Water Technologies Bangladesh Limited,"Plot: 9, ka/kha Ground Floor, Dhaka 1215, Tejgaon",8801708127036,,,,Self Delivery,,0,E-Com,,
Done,Augu25,27-Aug,A2 12K VIOMI AC Split (Non-Inverter) 1 Ton,1,33000,33000,Asif Mahmud,"5/1 dristi proti bondhi singsha er samne Orfanege road,Lalbagh",8801710414656,,,,Self Delivery,,0,B2C,,
Done,Augu25,30-Aug,A2 24K VIOMI AC Split (Non-Inverter) 2 Ton,1,58000,58000,Success computer & engineers ,"Aloka Nodi Bangla complex, Rambabu road, Mymensingh ",8801711682184,Security Solution Bangladesh ,"House 32,Road 04,Sector 10,Uttara, Dhaka",0 1319-077090,Self Delivery,Bhai ensure home delivery. ,,0112 - Ahasanul Kabir,,
Done,Augu25,30-Aug,"Xiaomi TV A 43"" FHD 2025",3,29990,89970,Global Electronics,"Bhairab Bus stand, Bhairab sadar",8801643506080,,,,Self Delivery,,330000,0094 - Shaharia Khan,,
Done,Augu25,30-Aug,Xiaomi TV A Pro 32 Inch,5,20990,104950,Global Electronics,"Bhairab bus stand, Bhairab sadar",8801643506080,,,,Self Delivery,,330000,0094 - Shaharia Khan,,
Done,Augu25,30-Aug,Xiaomi TV A Pro 55 Inch,2,54590,109180,Global Electronics,"Bhairab bus stand, Bhairab sadar ",8801643506080,,,,Self Delivery,,330000,0094 - Shaharia Khan,,
Done,Augu25,31-Aug,Xiaomi TV A Pro 32 Inch,4,20990,83960,Electronics Mart ,"Sadar,Rajbari ",8801775205555,,,,Sundarban,,,0026 - Ohidul Islam,,
Done,Augu25,31-Aug,"Xiaomi TV A 43"" FHD 2025",2,29990,59980,Electronics Mart ,"Sadar,Rajbari ",8801775205555,,,,Sundarban,,,0026 - Ohidul Islam,,
Done,Augu25,31-Aug,A2 12K VIOMI AC Split (Non-Inverter) 1 Ton,1,35000,35000,SS distribution BD,"Habigung M.N Plaza, 2nd Floor. Kalbari Road, Habiganj",8801715891830,,,,Sundarban,,,0094 - Shaharia Khan,,
Done,Augu25,31-Aug,"Xiaomi TV A Pro 65"" QLED 2025",2,81000,162000,Silver Water Technologies Bangladesh Limited,"Plot: 9, ka/kha Ground Floor, Dhaka 1215, Tejgaon",8801708127036,,,,Self Delivery,,0,E-Com,,
Done,Augu25,31-Aug,A2 12K VIOMI AC Split (Non-Inverter) 1 Ton,1,32500,32500,N.B Electronics ,"Sholoshohor, Nasirabad, Chittagong.",8801720189210,,,,Sundarban,Make sure courier will Nasirabad Branch.,00,0070 - Tamal Roy,,
Done,Sept25,1-Sep,"Xiaomi TV A Pro 43"" QLED 2025",1,44989,44989,Daraz,"Asfia Tower - 76, Road-11, Block-E,  Banani ",8801847420050,,,,Self Delivery,,,E-Com,,
Done,Sept25,1-Sep,Mi Dual Mode Wireless Mouse Silent Edition,1,988,988,Daraz,"Asfia Tower - 76, Road-11, Block-E,  Banani ",8801847420050,,,,Self Pick,,,E-Com,,
Done,Sept25,1-Sep,"Xiaomi TV A Pro 65"" QLED 2025",1,85000,85000,MD Atikur Rahman ,"House 56, Road 01, Block J, Basundhara R/A.",8801612040444,,,,Self Delivery,,0,B2C,,
Done,Sept25,1-Sep,"Xiaomi TV A Pro 55"" QLED 2025",1,64990,64990,SS Traders ,"Padma Abasik-3,Vodra Rajshahi. ",8801711397879,MD GOLAM SAROWAR,"229/1 Bonolota abasik, Sopura, Rajshahi",8801744393310,Sundarban,,0,B2B,,
Done,Sept25,2-Sep,A2 18K VIOMI AC Split (Non-Inverter) 1.5 Ton,1,45000,45000,Sorifuzzaman Chowdhury,"11/3 Hare street ,Navana vartex.( 6-D )wari. Dhaka",8801711394903,,,,Self Delivery,,0,B2C,,
Managed,Sept25,2-Sep,Redmi Pad 2 6/128GB,10,20868,208680,Mi Store (Dristy Enterprise) ,"Shop: 74, Level: 2, Shah Ali Plaza, Mirpur 10",8801687148580,,,,Self Delivery,"Grey - 5, Green - 3, Purple - 2",,0035 - Md.Rejaul Islam Sujon,,
Managed,Sept25,2-Sep,Redmi Pad 2 6/128GB,6,20868,125208,Mi Store (Mobile Bazar),"Shop: 40, Level: 2, Shah Ali Plaza, Mirpur 10, Dhaka",8801788484830,,,,Self Delivery,"Grey - 3, Green - 2, Purple - 1",,0035 - Md.Rejaul Islam Sujon,,
Managed,Sept25,2-Sep,Redmi Pad 2 6/128GB,4,20868,83472,Mi Store (Khan International 2),"Shop: 2, Level: 3, Rajlaxmi Shopping Complex, Uttara Dhaka",8801881445560,,,,Self Delivery,"Grey - 2, Green - 1, Purple - 1",,0035 - Md.Rejaul Islam Sujon,,
Managed,Sept25,2-Sep,Redmi Pad 2 6/128GB,5,20868,104340,Ujala Point,"Racecourse, Cumilla Sadar ",8801715828456,,,,Sundarban,"Grey - 2, Green - 2, Purple - 1",,0024 - Taimur Hossain,,
Managed,Sept25,2-Sep,Redmi Pad 2 6/128GB,8,20868,166944,Harun Store ,"Tower 263, Tin Poler Matha, Jubilee Road, Chittagong. ",8801817247438,,,,Sundarban,"Grey - 4, Green - 3, Purple - 1",00,0070 - Tamal Roy,,
Managed,Sept25,2-Sep,Redmi Pad 2 6/128GB,15,20868,313020,Mobile Park BD,"37/A2, Block: C, Level: 4, Jamuna Future Park",8801916858692,,,,Self Delivery,"Grey - 7, Green - 5, Purple - 3",,0035 - Md.Rejaul Islam Sujon,,
Managed,Sept25,2-Sep,Redmi Pad 2 6/128GB,3,20868,62604,3G Dot Com,"145,BB Road,Zakir Super Market, Cashara,Narayanganj. ",8801913002220,,,,Sundarban,"Grey - 1, Green - 1, Purple - 1",,0112 - Ahasanul Kabir,,
Managed,Sept25,2-Sep,Redmi Pad 2 6/128GB,5,20868,104340,Wirelesses mi store,"Manru shopping center,Chowhatta, Sylhet sadar",8801688116699,,,,Sundarban,"Grey - 2, Green - 1, Purple - 1",,0094 - Shaharia Khan,,
Managed,Sept25,2-Sep,Redmi Pad 2 6/128GB,6,20868,125208,AR Telecom ,Laxmipur ,8801840837518,,,,Sundarban,"Grey - 4, Purple - 2",,0124 - Fakhrul Islam Rahi,,
Managed,Sept25,2-Sep,Redmi Pad 2 6/128GB,2,20868,41736,Mobile Carnival-2,"Bangobondhu Road,Narayanganj ","01737-873723,01972-687538",,,,Sundarban,"Grey - 1, Green - 1",,0112 - Ahasanul Kabir,,
Managed,Sept25,2-Sep,Redmi Pad 2 6/128GB,20,20868,417360,Mi Store (Rafsan Telecom),"Shop: 37, Level: 2, Shah Ali Plaza, ",8801553252615,,,,Self Delivery,"Grey - 10, Green - 7, Purple - 3",,0035 - Md.Rejaul Islam Sujon,,
Managed,Sept25,2-Sep,Redmi Pad 2 6/128GB,6,20868,125208,RT Communication ,"Central girls school market, Thana road,Sadar Pabna.",8801611507130,,,,Sundarban,"Grey - 3, Green - 2, Purple - 1",,0019 - Hafizur Rahman,,
Managed,Sept25,2-Sep,Redmi Pad 2 6/128GB,2,20868,41736,Mi Store (Pro International 2),"Shop: 33, Level: 3, Amir Complex, Uttara",8801685529180,,,,Self Delivery,"Grey - 1, Green - 1",,0035 - Md.Rejaul Islam Sujon,,
Done,Sept25,2-Sep,"Xiaomi TV A 43"" FHD 2025",2,29990,59980,Electronics gallery ,"Altafunnesa school field road, Sherpur road, Satanibari,Sadar Bogura. ",8801715605378,,,,Sundarban,,154950,0019 - Hafizur Rahman,,
Done,Sept25,2-Sep,Xiaomi TV A Pro 43 Inch,2,36990,73980,Electronics gallery ,"Altafunnesa school field road, Sherpur road, Satanibari, Sadar Bogura ",8801715605378,,,,Sundarban,,154950,0019 - Hafizur Rahman,,
Done,Sept25,2-Sep,"Xiaomi TV A2 32""",1,19990,19990,Electronics gallery ,"Altafunnesa school field road, Sherpur road, Satanibari, Sadar Bogura ",8801715605378,,,,Sundarban,,154950,0019 - Hafizur Rahman,,
Managed,Sept25,3-Sep,Redmi Pad 2 Graphite Gray 6G RAM 128G ROM,1,20868,20868,New Khan Mobile Point ,"Victoria Road, Tangail Sadar ",8801711909853,,,,Sundarban,,,0112 - Ahasanul Kabir,,
Managed,Sept25,3-Sep,Redmi Pad 2 Mint Green 6G RAM 128G ROM,1,20868,20868,New Khan Mobile Point ,"Victoria Road, Tangail Sadar ",8801711909853,,,,Sundarban,,,0112 - Ahasanul Kabir,,
Managed,Sept25,3-Sep,Redmi Pad 2 Graphite Gray 6G RAM 128G ROM,5,20868,104340,Mi Store (Right Telecom),"27/28 Khalil Bhaban, Mirpur 1, Dhaka.",8801714446699,,,,Self Delivery,,,0035 - Md.Rejaul Islam Sujon,,
Managed,Sept25,3-Sep,Redmi Pad 2 Lavender Purple 6G RAM 128G ROM,2,20868,41736,Mi Store (Right Telecom) ,"27/28 Khalil Bhaban, Mirpur 1, Dhaka.",8801714446699,,,,Self Delivery,,,0035 - Md.Rejaul Islam Sujon,,
Managed,Sept25,3-Sep,Redmi Pad 2 Mint Green 6G RAM 128G ROM,1,20868,20868,Mi Store (Right Telecom),"27/28 Khalil Bhaban, Mirpur 1, Dhaka.",8801714446699,,,,Self Delivery,,,0035 - Md.Rejaul Islam Sujon,,
Done,Sept25,3-Sep,"Xiaomi TV A Pro 65"" QLED 2025",1,84000,84000,Rubina Akhter,"5/13, Block - F, Lalmatia, Dhaka",8801685527727,,,,Self Delivery,,0,B2B,,
Done,Sept25,3-Sep,Redmi Note 14 Pro 5G 8/256GB,1,39000,39000,SEBL Distribution,"House # 7, Road # 54/A, Gulshan-2, Dhaka-1212",8801708813783,,,,Self Delivery,,0,B2B,,
Managed,Sept25,3-Sep,Redmi Pad 2 Graphite Gray 6G RAM 128G ROM,10,20868,208680,Mi Store (Mobile Bazar),"Shop: 40, Level: 2, Shah Ali Plaza, Mirpur 10, Dhaka",8801788484830,,,,Self Delivery,,,0035 - Md.Rejaul Islam Sujon,,
Managed,Sept25,3-Sep,Redmi Pad 2 Mint Green 6G RAM 128G ROM,2,20868,41736,Union Enterprise ,"House # 10,Block A,Taltola,Akur Takur Para,Tangail.",8801727012342,,,,Sundarban,,,0094 - Shaharia Khan,,
Managed,Sept25,3-Sep,Redmi Pad 2 Graphite Gray 6G RAM 128G ROM,2,20868,41736,Union Enterprise ,"House # 10,Block A,Taltola,Akur Takur Para,Tangail.",8801727012342,,,,Sundarban,,,0094 - Shaharia Khan,,
Managed,Sept25,3-Sep,Redmi Pad 2 Lavender Purple 6G RAM 128G ROM,1,20868,20868,Union Enterprise ,"House # 10,Block A,Taltola,Akur Takur Para,Tangail.",8801727012342,,,,Sundarban,,,0094 - Shaharia Khan,,
Managed,Sept25,3-Sep,Redmi Pad 2 Graphite Gray 6G RAM 128G ROM,2,20868,41736,Apolo Telecom,"karimulla Market, Bandar Bazar Sylhet Sadar",8801711320650,,,,Sundarban,,,0094 - Shaharia Khan,,
Managed,Sept25,3-Sep,Redmi Pad 2 Lavender Purple 6G RAM 128G ROM,2,20868,41736,Apolo Telecom,"Karimulla Market, Bandar Bazar,Sylhet sadar",8801711320650,,,,Sundarban,,,0094 - Shaharia Khan,,
Managed,Sept25,3-Sep,Redmi Pad 2 Mint Green 6G RAM 128G ROM,2,20868,41736,Apolo Telecom,"karimulla Market, Bandar Bazar,Sylhet Sadar",8801711320650,,,,Sundarban,,,0094 - Shaharia Khan,,
Done,Sept25,3-Sep,"Xiaomi TV A Pro 55"" QLED 2025",3,64990,194970,Jitu,Alpona Plaza,8801723863710,,,,Self Delivery,,0,B2B,,
Managed,Sept25,3-Sep,Redmi Pad 2 Graphite Gray 6G RAM 128G ROM,10,20868,208680,SH Telecom,"Shop No : 104, Basement 1, Bashundhara City ",8801766317965,,,,Self Delivery,,,0033 - Imran Hossain - DHK,,
Managed,Sept25,3-Sep,Redmi Pad 2 Lavender Purple 6G RAM 128G ROM,5,20868,104340,SH Telecom ,"Shop No : 104, Basement 1, Bashundhara City ",8801766317965,,,,Self Delivery,,,0033 - Imran Hossain - DHK,,
Managed,Sept25,3-Sep,Redmi Pad 2 Mint Green 6G RAM 128G ROM,5,20868,104340,SH Telecom ,"Shop No : 104, Basement 1, Bashundhara City ",8801766317965,,,,Self Delivery,,,0033 - Imran Hossain - DHK,,
Managed,Sept25,3-Sep,Redmi Pad 2 Graphite Gray 6G RAM 128G ROM,2,20868,41736,Electra Mobile,"Shop No : 53, Basement 1, Bashundhara City ",8801734737889,,,,Self Delivery,,,0033 - Imran Hossain - DHK,,
Managed,Sept25,3-Sep,Redmi Pad 2 Lavender Purple 6G RAM 128G ROM,1,20868,20868,Electra Mobile,"Shop No: 53, Basement 1, Bashundhara City ",8801734737889,,,,Self Delivery,,,0033 - Imran Hossain - DHK,,
Managed,Sept25,3-Sep,Redmi Pad 2 Graphite Gray 6G RAM 128G ROM,4,20868,83472,Aristo computer ,"Lavli tower, sadar,Kushtia ",8801711450101,,,,Sundarban,,,0026 - Ohidul Islam,,
Managed,Sept25,3-Sep,Redmi Pad 2 Mint Green 6G RAM 128G ROM,1,20868,20868,Aristo computer ,"Lavli tower, sadar,Kushtia ",8801711450101,,,,Sundarban,,,0026 - Ohidul Islam,,
Managed,Sept25,3-Sep,Redmi Pad 2 Lavender Purple 6G RAM 128G ROM,4,20868,83472,MI RD Arafat traders ,"Sultanabad, bualia,Rajshahi ",8801747104626,,,,Sundarban,,,0019 - Hafizur Rahman,,
Managed,Sept25,3-Sep,Redmi Pad 2 Graphite Gray 6G RAM 128G ROM,3,20868,62604,MI RD Arafat traders ,"Sultanabad, Bualia,Rajshahi. ",8801747104626,,,,Sundarban,,,0019 - Hafizur Rahman,,
Managed,Sept25,3-Sep,Redmi Pad 2 Mint Green 6G RAM 128G ROM,3,20868,62604,Mi RD Arafat traders ,"Sultanabad, Bualia, Rajshahi ",8801747104626,,,,Sundarban,,,0019 - Hafizur Rahman,,
Managed,Sept25,3-Sep,Redmi Pad 2 Graphite Gray 6G RAM 128G ROM,2,20868,41736,Cell nest 1,"karimulla Market, level 2, Bandor Bazar, Sylhet",8801929612780,,,,Sundarban,,,0094 - Shaharia Khan,,
Managed,Sept25,3-Sep,Redmi Pad 2 Lavender Purple 6G RAM 128G ROM,1,20868,20868,Cell nest 1 ,"karimulla Market, level 2,Bandor Bazar Sylhet ",8801929612780,,,,Sundarban,,,0094 - Shaharia Khan,,
Managed,Sept25,3-Sep,Redmi Pad 2 Mint Green 6G RAM 128G ROM,1,20868,20868,Cell nest 1,"Karimulla Market, level 2, Bandor Bazar, Sylhet ",8801929612780,,,,Sundarban,,,0094 - Shaharia Khan,,
Managed,Sept25,3-Sep,Redmi Pad 2 Graphite Gray 6G RAM 128G ROM,120,20868,2504160,DX Distribution Ltd,"Road - 54A, House - 07, Gulshan - 2, Dhaka - 1212",8801708464101,,,,Self Delivery,,0,B2B,,
Managed,Sept25,3-Sep,Redmi Pad 2 Lavender Purple 6G RAM 128G ROM,20,20868,417360,DX Distribution Ltd,"Road - 54A, House - 07, Gulshan - 2, Dhaka - 1212",8801708464101,,,,Self Delivery,,0,B2B,,
Managed,Sept25,3-Sep,Redmi Pad 2 Mint Green 6G RAM 128G ROM,60,20868,1252080,DX Distribution Ltd,"Road - 54A, House - 07, Gulshan - 2, Dhaka - 1212",8801708464101,,,,Self Delivery,,0,B2B,,
Managed,Sept25,3-Sep,Redmi Pad 2 Lavender Purple 6G RAM 128G ROM,1,20868,20868,Mi store Jannat Telecom ,"Chakbazar mor,Sherpur Town,Sherpur",8801962148168,,,,Sundarban,,,0112 - Ahasanul Kabir,,
Managed,Sept25,3-Sep,Redmi Pad 2 Graphite Gray 6G RAM 128G ROM,2,20868,41736,"Mi Store, Gadget Shop","4th floor, Bali Arched, Chawkbazar, Chittagong.",8801868931100,,,,Sundarban,,00,0070 - Tamal Roy,,
Managed,Sept25,3-Sep,Redmi Pad 2 Lavender Purple 6G RAM 128G ROM,2,20868,41736,"Mi Store, Gadget Shop ","4th floor, Bali Arched, Chawkbazar, Chittagong.",8801868931100,,,,Sundarban,,00,0070 - Tamal Roy,,
Managed,Sept25,3-Sep,Redmi Pad 2 Mint Green 6G RAM 128G ROM,1,20868,20868,"Mi Store, Gadget Shop ","4th floor, Bali Arched, Chawkbazar, Chittagong. ",8801868931100,,,,Sundarban,,00,0070 - Tamal Roy,,
Managed,Sept25,4-Sep,Redmi Pad 2 Graphite Gray 6G RAM 128G ROM,1,16100,16100,Mi Store (Dristy Enterprise) ,"Shop: 74, Level: 2, Shah Ali Plaza, Mirpur 10.",8801687148580,,,,Self Delivery,Live Demo,,0035 - Md.Rejaul Islam Sujon,,
Managed,Sept25,4-Sep,Redmi Pad 2 Graphite Gray 6G RAM 128G ROM,1,16100,16100,Mi Store (Mobile Bazar),"Shop: 40, Level: 2, Shah Ali Plaza, Mirpur 10",8801788484830,,,,Self Delivery,Live Demo,,0035 - Md.Rejaul Islam Sujon,,
Managed,Sept25,4-Sep,Redmi Pad 2 Graphite Gray 6G RAM 128G ROM,1,16100,16100,Mi Store (Right Telecom),"27/28, Khalil Bhaban, Mirpur 1.",8801711306581,,,,Self Delivery,Live Demo,,0035 - Md.Rejaul Islam Sujon,,
Managed,Sept25,4-Sep,Redmi Pad 2 Graphite Gray 6G RAM 128G ROM,1,16100,16100,Mi Store (Rafsan Telecom),"Shop: 43, Level: 2, shah Ali Plaza, Mirpur 10",8801553252615,,,,Self Delivery,Live Demo ,,0035 - Md.Rejaul Islam Sujon,,
Managed,Sept25,4-Sep,Redmi Pad 2 Graphite Gray 6G RAM 128G ROM,3,20868,62604,Get Connected ,"Shop No - 9,10, kendriyo college market,  Tazmahal Road, Mohammadpur ",8801550000684,,,,Self Delivery,,,0033 - Imran Hossain - DHK,,
Managed,Sept25,4-Sep,Redmi Pad 2 Mint Green 6G RAM 128G ROM,2,20868,41736,Get Connected ,"Shop No : 9&10, Kendriyo College Market, Tazmahal Road,  Mohammadpur ",8801550000684,,,,Self Delivery,,,0033 - Imran Hossain - DHK,,
Managed,Sept25,4-Sep,Redmi Pad 2 Lavender Purple 6G RAM 128G ROM,1,20868,20868,Get Connected ,"Shop No : 9&10, Kendriyo College Market, Tazmahal Road, Mohammadpur ",8801550000684,,,,Self Delivery,,,0033 - Imran Hossain - DHK,,
Done,Sept25,4-Sep,Xiaomi TV A 2025 65 Inch,1,77990,77990,FM Electronics,Chattogram,8801824946334,Asian Electronics,"Emdadiya market,Besides walton plaza,Lohagara, Chattogram",+880 1864-022660,Sundarban,,,0025 - Imran Hossain - CTG,,
Managed,Sept25,4-Sep,Redmi Pad 2 Lavender Purple 6G RAM 128G ROM,1,16100,16100,"Mi Store, Gadget Shop ","4th floor, Bali Arched, Chawkbazar, Chittagong.",8801868931100,,,,Sundarban,Live Demo ,00,0070 - Tamal Roy,,
Managed,Sept25,4-Sep,Redmi Pad 2 Graphite Gray 6G RAM 128G ROM,1,20868,20868,Hello Xiaomi ,"Zilla Parishad super market, Sadar Rangpur ",8801737717525,,,,Sundarban,,,0019 - Hafizur Rahman,,
Managed,Sept25,4-Sep,Redmi Pad 2 Lavender Purple 6G RAM 128G ROM,1,16100,16100,Hello Xiaomi ,"Zilla Parishad super market, Sadar Rangpur ",8801737717525,,,,Sundarban,Demo,,0019 - Hafizur Rahman,,
Done,Sept25,4-Sep,"Xiaomi TV A Pro 65"" QLED 2025",2,81000,162000,Silver Water Technologies Bangladesh Limited,"Plot: 9, ka/kha Ground Floor, Dhaka 1215, Tejgaon",8801708127036,,,,Self Delivery,,0,B2B,,
Managed,Sept25,4-Sep,Redmi Pad 2 Graphite Gray 6G RAM 128G ROM,15,19827,297405,G&G,"Unit-C Tower 2, level 14 , Police  plaza Concord. Gulshan",8801684856480,,,,Self Delivery,,0,B2B,,
Managed,Sept25,4-Sep,Redmi Pad 2 Mint Green 6G RAM 128G ROM,5,19827,99135,G&G,"Unit-C Tower 2, level 14 , Police  plaza Concord. Gulshan",8801684856480,,,,Self Delivery,,,B2B,,
Managed,Sept25,4-Sep,Redmi Pad 2 Graphite Gray 6G RAM 128G ROM,2,20868,41736,Mi Store Cell Touch ,"4th floor, Sanmar Ocean City, Nasirabad, Chittagong.",8801850049061,,,,Sundarban,,00,0070 - Tamal Roy,,
Managed,Sept25,4-Sep,Redmi Pad 2 Lavender Purple 6G RAM 128G ROM,2,20868,41736,Mi Store Cell Touch ,"4th floor, Sanmar Ocean City, Nasirabad, Chittagong.",8801850049061,,,,Sundarban,,00,0070 - Tamal Roy,,
Managed,Sept25,4-Sep,Redmi Pad 2 Mint Green 6G RAM 128G ROM,1,20868,20868,Mi Store Cell Touch ,"4th floor, Sanmar Ocean City, Nasirabad, Chittagong.",8801850049061,,,,Sundarban,,00,0070 - Tamal Roy,,
Managed,Sept25,4-Sep,Redmi Pad 2 Lavender Purple 6G RAM 128G ROM,1,16100,16100,Mi Store Cell Touch ,"4th floor, Sanmar Ocean City, Nasirabad, Chittagong.",8801850049061,,,,Sundarban,Live Demo ,00,0070 - Tamal Roy,,
Managed,Sept25,4-Sep,Redmi Pad 2 Graphite Gray 6G RAM 128G ROM,1,20868,20868,"Mi Store - 02, New Market ","4th floor, Biponi Bitan, New Market, Chittagong.",8801842103995,,,,Sundarban,,00,0070 - Tamal Roy,,
Managed,Sept25,4-Sep,Redmi Pad 2 Mint Green 6G RAM 128G ROM,1,20868,20868,"Mi Store - 02, New Market ","4th floor, Biponi Bitan, New Market, Chittagong.",8801842103995,,,,Sundarban,,00,0070 - Tamal Roy,,
Managed,Sept25,6-Sep,Redmi Pad 2 Graphite Gray 6G RAM 128G ROM,5,20868,104340,Decent ,"4th floor,Finlay square,Nasirabad,Chattogram ",8801853465961,,,,Sundarban,Mixed Color Plz,,0025 - Imran Hossain - CTG,,
Managed,Sept25,6-Sep,Redmi Pad 2 Graphite Gray 6G RAM 128G ROM,1,20868,20868,Mi Store Azam Telecom ,Sadar Nilphamari ,8801740650155,,,,Sundarban,,,0019 - Hafizur Rahman,,
Managed,Sept25,6-Sep,Redmi Pad 2 Lavender Purple 6G RAM 128G ROM,1,20868,20868,Mi Store Azam Telecom ,Sadar Nilphamari ,8801740650155,,,,Sundarban,,,0019 - Hafizur Rahman,,
Done,Sept25,7-Sep,"Xiaomi TV A Pro 55"" QLED 2025",1,65000,65000,Mr. Sohel,BCT Basement 1,8801919131288,,,,Self Delivery,,0,B2C,,
Managed,Sept25,7-Sep,Redmi Pad 2 Graphite Gray 6G RAM 128G ROM,1,20868,20868,Electra Mobile,"Shop No - 53, Basement 1, Bashundhara City ",8801734737889,,,,Self Delivery,,,0033 - Imran Hossain - DHK,,
Managed,Sept25,7-Sep,Redmi Pad 2 Mint Green 6G RAM 128G ROM,1,20868,20868,Electra Mobile ,"Shop No : 53, Basement 1, Bashundhara City",8801734737889,,,,Self Delivery,,,0033 - Imran Hossain - DHK,,
Done,Sept25,7-Sep,"Xiaomi TV A Pro 55"" QLED 2025",1,63000,63000,Star Tech & Engineering Limited,"6th floor, 28 Kazi Nazrul Islam Ave,Navana Zohura Square, Dhaka 1000.",8801709995415,Star Tech Ltd.,Multiplan City Center Level 9 Shop No 934, 01322-811341,Self Delivery,,0,B2B,,
Done,Sept25,7-Sep,"Xiaomi TV A Pro 55"" QLED 2025",4,63000,252000,Star Tech & Engineering Limited,"6th floor, 28 Kazi Nazrul Islam Ave,Navana Zohura Square, Dhaka 1000.",8801709995415,Star Tech Ltd.,"Central warehouse  127 Hazaribagh Road, Dhaka 1209 (Near tannery More Jame Mosjid) Former Apex  Tannery ",01713-651665,Self Delivery,,0,B2B,,
Done,Sept25,7-Sep,Xiaomi TV A 2025 65 Inch,2,77000,154000,Star Tech & Engineering Limited,"6th floor, 28 Kazi Nazrul Islam Ave,Navana Zohura Square, Dhaka 1000.",8801709995415,Star Tech Ltd.,"Central warehouse  127 Hazaribagh Road, Dhaka 1209 (Near tannery More Jame Mosjid) Former Apex  Tannery",01713-651665 ,Self Delivery,,0,B2B,,
Managed,Sept25,7-Sep,Redmi Pad 2 Graphite Gray 6G RAM 128G ROM,2,20868,41736,M/s Skytel,"Sky Garden ,Sadar Dinajpur ",8801737763180,,,,Sundarban,,,0019 - Hafizur Rahman,,
Managed,Sept25,7-Sep,Redmi Pad 2 Lavender Purple 6G RAM 128G ROM,2,20868,41736,M/s Skytel,"Sky Garden,Sadar Dinajpur ",8801737763180,,,,Sundarban,,,0019 - Hafizur Rahman,,
Managed,Sept25,7-Sep,Redmi Pad 2 Mint Green 6G RAM 128G ROM,2,20868,41736,M/s Skytel,"Sky Garden, Sadar Dinajpur ",8801737763180,,,,Sundarban,,,0019 - Hafizur Rahman,,
Cancelation,Sept25,7-Sep,"Xiaomi TV A Pro 75"" QLED 2025",,,0,Sohan Electronics ,"Dakbanglo,  khulna ",+8801726728024,No,Na,0,No Preference,No,0,0126 - Ashik Sardar,,
Done,Sept25,7-Sep,"Xiaomi TV A Pro 75"" QLED 2025",1,134000,134000,Sohan Electronics ,"Dakbanglo mor,  Khulna",8801726728024,No,No,0,No Preference,No,0,0126 - Ashik Sardar,,
Done,Sept25,7-Sep,"Xiaomi TV A Pro 65"" QLED 2025",2,81000,162000,Silver Water Technologies Bangladesh Limited,"Plot: 9, ka/kha Ground Floor, Dhaka 1215, Tejgaon",8801708127036,,,,Self Delivery,,,E-Com,,
Done,Sept25,7-Sep,"Xiaomi TV A Pro 65"" QLED 2025",2,85590,171180,Jitu,Alpona Plaza,8801723863710,,,,Self Delivery,,0,B2B,,
Done,Sept25,7-Sep,Xiaomi TV A 2025 65 Inch,2,77990,155980,Jitu,Alpona Plaza,8801723863710,,,,Self Delivery,,0,B2C,,
Done,Sept25,7-Sep,"Xiaomi TV A Pro 55"" QLED 2025",1,64990,64990,Asraf Electronics ,"Alupotti More, Bualia, Sadar Rajshahi ",8801716347470,,,,Sundarban,,,0019 - Hafizur Rahman,,
Done,Sept25,7-Sep,Xiaomi TV A 2025 65 Inch,1,77990,77990,Asraf Electronics ,"Alupotti More, Bualia, Rajshahi ",8801716347470,,,,Sundarban,,,0019 - Hafizur Rahman,,
Managed,Sept25,7-Sep,Redmi Pad 2 Graphite Gray 6G RAM 128G ROM,1,20868,20868,Mobile Plus,"Shop# 25 Capital Market, Mirpur -1 Dhaka-1216",8801830424246,,,,Self Delivery,,,0035 - Md.Rejaul Islam Sujon,,
Managed,Sept25,7-Sep,Redmi Pad 2 Lavender Purple 6G RAM 128G ROM,1,20868,20868,Mobile Plus,"Shop# 25 Capital Market, Mirpur -1 Dhaka-1216",8801830424246,,,,Self Delivery,,,0035 - Md.Rejaul Islam Sujon,,
Managed,Sept25,7-Sep,Redmi Pad 2 Mint Green 6G RAM 128G ROM,1,20868,20868,Mobile Plus,"Shop# 25 Capital Market, Mirpur -1 Dhaka-1216",8801830424246,,,,Self Delivery,,,0035 - Md.Rejaul Islam Sujon,,
Done,Sept25,8-Sep,"Xiaomi TV A Pro 55"" QLED 2025",5,65000,325000,Jitu,Alpona Plaza,8801723863710,,,,Self Delivery,,0,B2B,,
Done,Sept25,8-Sep,"Xiaomi TV A Pro 55"" QLED 2025",2,61000,122000,Silver Water Technologies Bangladesh Limited,"Plot: 9, ka/kha Ground Floor, Dhaka 1215, Tejgaon",8801708127036,,,,Self Delivery,,0,B2B,,
Done,Sept25,8-Sep,A2 18K VIOMI AC Split (Non-Inverter) 1.5 Ton,1,41000,41000,Silver Water Technologies Bangladesh Limited,"Plot: 9, ka/kha Ground Floor, Dhaka 1215, Tejgaon",8801708127036,,,,Self Delivery,,0,E-Com,,
Cancelation,Sept25,8-Sep,Mi Smart Air Fryer 3.5L,,,0,Wholesale Electronics ,"Rajdhani Apurbo Tower, Cashara,Narayanganj ",8801888018887,,,,AJR,Bhai AJR Courier a diyen.,,0112 - Ahasanul Kabir,,
Done,Sept25,8-Sep,A2 12K VIOMI AC Split (Non-Inverter) 1 Ton,1,35000,35000,SS Traders ,"Padma Abasik-3,Vodra Rajshahi. ",8801711397879,Sakib,"Care & Cure medical services  Sadar hospital road,  Chuadanga. ",8801313721975,Sundarban,,0,B2B,,
Managed,Sept25,8-Sep,Redmi Pad 2 Graphite Gray 6G RAM 128G ROM,1,20868,20868,Mi store Mymensingh ,"Mi store Mymensingh 
7No,C,K GHOSH ROAD MYMENSINGH 
01748939910",8801748939910,,,,Sundarban,,,0094 - Shaharia Khan,,
Managed,Sept25,8-Sep,Redmi Pad 2 Lavender Purple 6G RAM 128G ROM,1,20868,20868,Mi store Mymensingh ,"Mi store Mymensingh 
7No,C,K GHOSH ROAD MYMENSINGH 
01748939910",8801748939910,,,,Sundarban,,,0094 - Shaharia Khan,,
Managed,Sept25,8-Sep,Redmi Pad 2 Mint Green 6G RAM 128G ROM,1,20868,20868,Mi store Mymensingh ,"Mi store Mymensingh 
7No,C,K GHOSH ROAD MYMENSINGH 
01748939910",8801748939910,,,,Sundarban,,,0094 - Shaharia Khan,,
Done,Sept25,8-Sep,A2 12K VIOMI AC Split (Non-Inverter) 1 Ton,3,32000,96000,A.K Electronics ,"Basurhat, College road, Companyganj.
",8801818294390,,,,Sundarban,"Very important, please ensure fast delivery...",,0124 - Fakhrul Islam Rahi,,
Managed,Sept25,8-Sep,Redmi Pad 2 Graphite Gray 6G RAM 128G ROM,1,20868,20868,Mi Store (Tarek Telecom),"3 No Somit Bhavan, 1 No Super Marke,Mirpur 1, Dhaka ",8801911033358,,,,Self Delivery,,,0035 - Md.Rejaul Islam Sujon,,
Managed,Sept25,8-Sep,Redmi Pad 2 Lavender Purple 6G RAM 128G ROM,1,20868,20868,Mi Store (Tarek Telecom),"3 No Somit Bhavan, 1 No Super Marke,Mirpur 1, Dhaka ",8801911033358,,,,Self Delivery,,,0035 - Md.Rejaul Islam Sujon,,
Managed,Sept25,8-Sep,Redmi Pad 2 Mint Green 6G RAM 128G ROM,1,20868,20868,Mi Store (Tarek Telecom),"3 No Somit Bhavan, 1 No Super Marke,Mirpur 1, Dhaka ",8801911033358,,,,Self Delivery,,,0035 - Md.Rejaul Islam Sujon,,
Cancelation,Sept25,9-Sep,A2 24K VIOMI AC Split (Non-Inverter) 2 Ton,1,57000,57000,Mr. Tanvir,"48/1 circular road, central road er 1st goli",8801616751040,,,,Self Delivery,,0,B2C,,
Done,Sept25,9-Sep,Redmi Note 14 Pro 5G 8/256GB,24,38000,912000,DX Distribution Ltd,"Road - 54A, House - 07, Gulshan - 2, Dhaka - 1212",8801708464101,,,,Self Delivery,,0,B2B,,
Done,Sept25,10-Sep,Xiaomi TV A Pro 32 Inch,1,20990,20990,NBR Towhid,"Flat 104, House 29, Road 28(old), Dhanmondi R/A, Beside kabi Nazrul bhaban",8801914909396,,,,Self Delivery,,0,B2C,,
Done,Sept25,10-Sep,Xiaomi TV A Pro 32 Inch,1,20990,20990,NBR Towhid,"163 Road -4, Block-B, Beside of Prottoy School, Bashundhara R/A ",8801726995520,,,,Self Delivery,,0,B2C,,
Managed,Sept25,10-Sep,Redmi Pad 2 Graphite Gray 6G RAM 128G ROM,1,20868,20868,Anondo enterprise Mi store ,"Chowhatta more, Sylhet sadar",8801776832783,,,,Sundarban,,,0094 - Shaharia Khan,,
Managed,Sept25,10-Sep,Redmi Pad 2 Lavender Purple 6G RAM 128G ROM,1,20868,20868,Anondo enterprise Mi store ,"Chawhatta more,  Sylhet Sadar",8801776832783,,,,Sundarban,,,0094 - Shaharia Khan,,
Managed,Sept25,10-Sep,Redmi Pad 2 Graphite Gray 6G RAM 128G ROM,1,20868,20868,Mi Store Give & Take,"Muktar para,Sadar Sirajganj ",8801712297555,,,,Sundarban,,,0019 - Hafizur Rahman,,
Managed,Sept25,10-Sep,Redmi Pad 2 Lavender Purple 6G RAM 128G ROM,1,20868,20868,Mi Store Give & Take,"Muktar para,Sadar Sirajganj ",8801712297555,,,,Sundarban,,,0019 - Hafizur Rahman,,
Managed,Sept25,10-Sep,Redmi Pad 2 Graphite Gray 6G RAM 128G ROM,2,20868,41736,Mi Store S Electronics ,Sadar Sirajganj ,8801743945377,,,,Sundarban,,,0019 - Hafizur Rahman,,
Managed,Sept25,10-Sep,Redmi Pad 2 Graphite Gray 6G RAM 128G ROM,1,20868,20868,Mi Store Rafian-Rupta Traders ,"Arzu market, Station road, Ishwardi, Pabna.",8801711339333,,,,Sundarban,,,0019 - Hafizur Rahman,,
Managed,Sept25,10-Sep,Redmi Pad 2 Mint Green 6G RAM 128G ROM,1,20868,20868,Mi Store Rafian-Rupta Traders ,"Arzu market, Station road, Ishwardi, Pabna.",8801711339333,,,,Sundarban,,,0019 - Hafizur Rahman,,
Managed,Sept25,10-Sep,Redmi Pad 2 Lavender Purple 6G RAM 128G ROM,1,20868,20868,Digicell mobile ,"Somobay Super market-3, Feni sadar, ground floor. ",8801819741159,,,,Sundarban,emergency place ,,0124 - Fakhrul Islam Rahi,,
Done,Sept25,11-Sep,A2 24K VIOMI AC Split (Non-Inverter) 2 Ton,6,55500,333000,SS Traders,"Padma Abasik-3,Vodra Rajshahi. ",8801711397879,Sakib,"Care & Cure medical services  Sadar hospital road,  Chuadanga. ",01313721975,No Preference,,0,B2B,,
Done,Sept25,11-Sep,A2 18K VIOMI AC Split (Non-Inverter) 1.5 Ton,1,45000,45000,Success computer & engineers ,"Aloka Nodi Bangla complex, Mymensingh Sadar ",8801711682184,Lt Col Humayun,"House 26,Road 5,Janata Housing, Taltola,Agargaon,Dhaka",01769021501,Self Delivery,Bhai ensure home delivery. ,,0112 - Ahasanul Kabir,,
Managed,Sept25,11-Sep,Redmi Pad 2 Graphite Gray 6G RAM 128G ROM,2,20868,41736,Mi RD Haque Telehome,"Aziz mansion,Boro indra more,Chapai Nawabganj. ",8801740118877,,,,Sundarban,,,0019 - Hafizur Rahman,,
Managed,Sept25,11-Sep,Redmi Pad 2 Lavender Purple 6G RAM 128G ROM,2,20868,41736,Mi RD Haque Telehome,"Aziz mansion, Boro Indra more,Chapai Nawabganj. ",8801740118877,,,,Sundarban,,,0019 - Hafizur Rahman,,
Managed,Sept25,11-Sep,Redmi Pad 2 Graphite Gray 6G RAM 128G ROM,1,20868,20868,New Madina Telecom ,Shop 27 level-3 korimullah market Sylhet,8801711381718,,,,Sundarban,,,0094 - Shaharia Khan,,
Managed,Sept25,11-Sep,Redmi Pad 2 Mint Green 6G RAM 128G ROM,2,20868,41736,Mi RD Haque Telehome,"Aziz mansion, Boro Indra More,Chaoai Nawabganj. ",8801740118877,,,,Sundarban,,,0019 - Hafizur Rahman,,
Managed,Sept25,11-Sep,Redmi Pad 2 Lavender Purple 6G RAM 128G ROM,1,20868,20868,New Madina Telecom ,Shop 27 level-3 korimullah market Sylhet,8801711381718,,,,Sundarban,,,0094 - Shaharia Khan,,
Done,Sept25,11-Sep,Xiaomi TV A Pro 55 Inch,1,54590,54590,Jitu,Alpona Plaza,01723863710,,,,Self Delivery,,,B2C,,
Managed,Sept25,11-Sep,Redmi Pad 2 Graphite Gray 6G RAM 128G ROM,68,20868,1419024,DX Distribution Ltd,"Road - 54A, House - 07, Gulshan - 2, Dhaka - 1212",8801708464101,,,,Self Delivery,,0,B2B,,
Managed,Sept25,11-Sep,Redmi Pad 2 Mint Green 6G RAM 128G ROM,21,20868,438228,DX Distribution Ltd,"Road - 54A, House - 07, Gulshan - 2, Dhaka - 1212",8801708464101,,,,Self Delivery,,0,B2B,,
Managed,Sept25,11-Sep,Redmi Pad 2 Lavender Purple 6G RAM 128G ROM,11,20868,229548,DX Distribution Ltd,"Road - 54A, House - 07, Gulshan - 2, Dhaka - 1212",8801708464101,,,,Self Delivery,,0,B2B,,
Managed,Sept25,11-Sep,Redmi Pad 2 Lavender Purple 8G RAM 256G ROM,37,23590,872830,DX Distribution Ltd,"Road - 54A, House - 07, Gulshan - 2, Dhaka - 1212",8801708464101,,,,Self Delivery,,0,B2B,,
Managed,Sept25,11-Sep,Redmi Pad 2 Graphite Gray 6G RAM 128G ROM,73,20868,1523364,DX Distribution Ltd,"Road - 54A, House - 07, Gulshan - 2, Dhaka - 1212",8801708464101,,,,Self Delivery,,0,B2B,,
Managed,Sept25,11-Sep,Redmi Pad 2 Mint Green 6G RAM 128G ROM,4,20868,83472,DX Distribution Ltd,"Road - 54A, House - 07, Gulshan - 2, Dhaka - 1212",8801708464101,,,,Self Delivery,,0,B2B,,
Managed,Sept25,11-Sep,Redmi Pad 2 Lavender Purple 6G RAM 128G ROM,3,10868,32604,DX Distribution Ltd,"Road - 54A, House - 07, Gulshan - 2, Dhaka - 1212",8801708464101,,,,Self Delivery,,0,B2B,,
Managed,Sept25,11-Sep,Redmi Pad 2 Graphite Gray 6G RAM 128G ROM,8,16100,128800,DX Distribution Ltd,"Road - 54A, House - 07, Gulshan - 2, Dhaka - 1212",8801708464101,,,,Self Delivery,Live Demo,0,B2B,,
Managed,Sept25,11-Sep,Redmi Pad 2 Graphite Gray 6G RAM 128G ROM,6,20868,125208,SH Telecom,"Shop 104, Basement 1, Bashundhara city ",8801766317965,,,,Self Delivery,,,0033 - Imran Hossain - DHK,,
Managed,Sept25,11-Sep,Redmi Pad 2 Lavender Purple 6G RAM 128G ROM,2,20868,41736,SH Telecom ,"Shop 104, Basement 1, Bashundhara city ",8801766317965,,,,Self Delivery,,,0033 - Imran Hossain - DHK,,
Managed,Sept25,11-Sep,Redmi Pad 2 Mint Green 6G RAM 128G ROM,2,20868,41736,SH Telecom ,"Shop 104, Basement 1, Bashundhara city",8801766317965,,,,Self Delivery,,,0033 - Imran Hossain - DHK,,
Done,Sept25,14-Sep,"Xiaomi TV A Pro 75"" QLED 2025",1,135990,135990,Super electronics ,"2nd & 3rd floor, Latif Center, Zindabazar, Sylhet ",8801612124747,,,,Sundarban,,,0125 - Easir Arafat,,
Done,Sept25,14-Sep,Redmi Note 14 Pro 5G 8/256GB,1,39000,39000,"Mi store, Bismillah enterprise ","Lavli tower, sadar,Kushtia ",8801787670552,,,,Sundarban,Black -1pc.,,0026 - Ohidul Islam,,
Managed,Sept25,14-Sep,Redmi Pad 2 Graphite Gray 6G RAM 128G ROM,1,20868,20868,"Mi store Sherpur,Jannat Telecom ","Chokbazar mor,Sherpur Town, Sherpur",8801962148168,,,,Sundarban,,,0112 - Ahasanul Kabir,,
Managed,Sept25,15-Sep,Redmi Pad 2 Graphite Gray 6G RAM 128G ROM,1,20868,20868,Ehan Telecom mi store ,"Gallaria shopping complex, Zindabazar Sylhet ",8801634551326,,,,Sundarban,,,0094 - Shaharia Khan,,
Managed,Sept25,15-Sep,Redmi Pad 2 Graphite Gray 6G RAM 128G ROM,2,20868,41736,Mi smart home ,"S,S,K raod, Somobay Super market-3, Feni. ",8801711765235,,,,Sundarban,,,0124 - Fakhrul Islam Rahi,,
Managed,Sept25,15-Sep,Redmi Pad 2 Graphite Gray 6G RAM 128G ROM,2,20868,41736,Cell nest 1,"Karimulla market, Bandar Bazar, Sylhet ",8801929612780,,,,Sundarban,,,0094 - Shaharia Khan,,
Managed,Sept25,15-Sep,Redmi Pad 2 Mint Green 6G RAM 128G ROM,1,20868,20868,Cell nest 1,"Karimulla market, Bandar Bazar, Sylhet ",8801929612780,,,,Sundarban,,,0094 - Shaharia Khan,,
Managed,Sept25,15-Sep,Redmi Pad 2 Graphite Gray 6G RAM 128G ROM,1,20868,20868,Cell nest ,"Karimulla market, Bandar Bazar, Sylhet  sadar",8801929612780,,,,Sundarban,,,0094 - Shaharia Khan,,
Managed,Sept25,15-Sep,Redmi Pad 2 Lavender Purple 6G RAM 128G ROM,1,20868,20868,Cell nest ,"Karimulla market, Bandar Bazar, Sylhet sadar",8801929612780,,,,Sundarban,,,0094 - Shaharia Khan,,
Done,Sept25,16-Sep,"Xiaomi TV A Pro 43"" QLED 2025",1,40990,40990,Tanjim,"Flat: 1101,Building: Kolaboti 5D, RAJUK Uttara Apartment Project, Sector: 18, Uttara",8801939905005,,,,Self Delivery,,0,B2B,,
Done,Sept25,17-Sep,Mi Dual Mode Wireless Mouse Silent Edition,1,1090,1090,Silver Water Technologies Bangladesh Limited,"Plot: 9, ka/kha Ground Floor, Dhaka 1215, Tejgaon",8801708127036,,,,Self Pick,,0,B2B,,
Done,Sept25,17-Sep,Xiaomi Rechargeable Mini Fan,1,2390,2390,Silver Water Technologies Bangladesh Limited,"Plot: 9, ka/kha Ground Floor, Dhaka 1215, Tejgaon",8801708127036,,,,Self Delivery,,0,B2B,,
Managed,Sept25,17-Sep,Redmi Pad 2 Graphite Gray 6G RAM 128G ROM,4,20868,83472,Idea Gadget ,"Shop-31, 5th floor, Runner plaza,Sadar Bogura.",8801792475959,,,,Sundarban,,,0019 - Hafizur Rahman,,
Done,Sept25,17-Sep,"Xiaomi TV A Pro 43"" QLED 2025",5,37400,187000,Chowdhury Electronics ,Alpona Plaza ,8801917810576,,,,Self Delivery,,,0033 - Imran Hossain - DHK,,
Managed,Sept25,17-Sep,Redmi Pad 2 Mint Green 6G RAM 128G ROM,1,20868,20868,Idea gadget ,"Shop-31, 5th floor, Runner plaza,Sadar Bogura.",8801792475959,,,,Sundarban,,,0019 - Hafizur Rahman,,
Done,Sept25,18-Sep,"Xiaomi TV A Pro 43"" QLED 2025",1,40000,40000,Ornob (Amaya Employee),"809 West Kazipara, Krishibid Goli, Mirpur, Dhaka 1216",8801301804695,Nabiha Jakir ,"Dhanmondi jigatola notun road kacha bazar, house 42/6 (5th Floor)",880 1776-959365,Self Delivery,,0,B2C,,
Done,Sept25,18-Sep,A2 12K VIOMI AC Split (Non-Inverter) 1 Ton,2,33000,66000,UB Electronics ,"House- 04, Road- 17, Sector- 13, Uttara, Dhaka- 1230",8801866222090,,,,Self Delivery,,,0035 - Md.Rejaul Islam Sujon,,
Done,Sept25,18-Sep,A2 18K VIOMI AC Split (Non-Inverter) 1.5 Ton,1,41500,41500,UB Electronics ,Uttara,8801866222090,,,,Self Delivery,,,0035 - Md.Rejaul Islam Sujon,,
Done,Sept25,18-Sep,Xiaomi TV A Pro 55 Inch,10,40000,400000,Jitu,"Elephant road, Dhaka",8801723863710,,,,Self Delivery,,0,B2B,,
Done,Sept25,18-Sep,Xiaomi TV A 2025 65 Inch,1,70000,70000,Tv Bazar,Multiplane,8801881584115,Padma Paper Mills Ltd,"Padma Center  32/1,Dilu Road, New Eskaton Dhaka -1000",8801756866724,Self Delivery,,,0033 - Imran Hossain - DHK,,
Done,Sept25,18-Sep,Xiaomi TV A 2025 65 Inch,1,70000,70000,Raton electronics ,"Milk vita road, Takerhat, Madaripur ",8801711398333,,,,Sundarban,,,0026 - Ohidul Islam,,
Managed,Sept25,18-Sep,Redmi Pad 2 Lavender Purple 6G RAM 128G ROM,1,20868,20868,Smart Tech,"Khulna Sador,  Khulna",8801988969502,Na,Na,0,No Preference,,0,0126 - Ashik Sardar,,
Managed,Sept25,20-Sep,Redmi Pad 2 Graphite Gray 6G RAM 128G ROM,1,20868,20868,Mi Store Gunjon plus 2,"Zilla Parishad super market,Sadar Rangpur ",8801789590016,,,,Sundarban,,,0019 - Hafizur Rahman,,
Done,Sept25,20-Sep,Xiaomi TV A Pro 55 Inch,10,40000,400000,Jitu,"Elephant road, Dhaka",8801723863710,,,,Self Delivery,,0,B2C,,
Done,Sept25,21-Sep,"Xiaomi TV A Pro 65"" QLED 2025",5,80700,403500,Chowdhury Electronics ,Alpona Plaza ,8801785246248,,,,Self Delivery,,,0033 - Imran Hossain - DHK,,
Done,Sept25,21-Sep,"Xiaomi TV A Pro 55"" QLED 2025",5,61200,306000,Chowdhury Electronics ,Alpona Plaza,8801785246248,,,,Self Delivery,,,0033 - Imran Hossain - DHK,,
Done,Sept25,21-Sep,Xiaomi TV A 2025 65 Inch,8,70000,560000,FM Electronics,Chattogram,8801824946334,,,,No Preference,,,0025 - Imran Hossain - CTG,,
Done,Sept25,21-Sep,"Xiaomi TV A Pro 43"" QLED 2025",2,40990,81980,FM Electronics,Ctg,0,,,,No Preference,,,0025 - Imran Hossain - CTG,,
Done,Sept25,21-Sep,A2 18K VIOMI AC Split (Non-Inverter) 1.5 Ton,1,44000,44000,Mr. Shohan,"Newmarket, Jashore",8801819694904,,,,Self Delivery,,0,B2B,,
Done,Sept25,21-Sep,Xiaomi TV A 2025 65 Inch,8,70000,560000,Bj Electronics,Chattogram,8801734640607,,,,No Preference,,,0025 - Imran Hossain - CTG,,
Done,Sept25,21-Sep,"Xiaomi TV A Pro 43"" QLED 2025",2,40990,81980,Bj Electronics,0,0,,,,No Preference,,,0025 - Imran Hossain - CTG,,
Managed,Sept25,21-Sep,Redmi Pad 2 Lavender Purple 6G RAM 128G ROM,1,20868,20868,Skyphone mi store ,"Yaqub Shopping center, Chowmohona, Sreemangal",8801716273700,,,,Sundarban,,,0094 - Shaharia Khan,,
Managed,Sept25,21-Sep,Redmi Pad 2 Graphite Gray 6G RAM 128G ROM,5,20868,104340,SEBL Distribution Ltd,"House # 7, Road # 54/A Gulshan-2, Dhaka-1212, Bangladesh",8801322877215,,,,Self Delivery,,0,B2B,,
Managed,Sept25,21-Sep,Redmi Pad 2 Graphite Gray 6G RAM 128G ROM,1,20868,20868,Mi Store Gunjon plus 2,"Zilla Parishad super market, Sadar Rangpur ",8801789590016,,,,Sundarban,,,0019 - Hafizur Rahman,,
Managed,Sept25,21-Sep,Redmi Pad 2 Mint Green 6G RAM 128G ROM,1,20868,20868,Mi Store Gunjon plus 2,"Zilla Parishad super market, Sadar Rangpur ",8801789590016,,,,Sundarban,,,0019 - Hafizur Rahman,,
Managed,Sept25,22-Sep,Redmi Pad 2 Graphite Gray 6G RAM 128G ROM,5,20868,104340,Mi RD Arafat Traders ,"New Market opposite side, Sultanabad, Bualia, Rajshahi ",8801747104626,,,,Sundarban,,,0019 - Hafizur Rahman,,
Managed,Sept25,22-Sep,Redmi Pad 2 Mint Green 6G RAM 128G ROM,5,20868,104340,Mi RD Arafat Traders ,"New market opposite side, Sultanabad, Bualia, Rajshahi ",8801747104626,,,,Sundarban,,,0019 - Hafizur Rahman,,
Managed,Sept25,22-Sep,Redmi Pad 2 Graphite Gray 6G RAM 128G ROM,1,20868,20868,Mi Store MM Brand Shop,"Alokar more,Bualia, Rajshahi ",8801719792738,,,,Sundarban,,,0019 - Hafizur Rahman,,
Done,Sept25,22-Sep,"Xiaomi TV A Pro 55"" QLED 2025",1,64990,64990,Bj Electronics,Chattogram,8801734640607,Md. Yasir Arafat,"Chief Judicial Magistrate,Cumilla. Flat 3B,Mazumder plaza ,248 kaptan bazar, Cumilla. ","191,165,211,701,818,000,000",No Preference,,,0025 - Imran Hossain - CTG,,
Managed,Sept25,22-Sep,Redmi Pad 2 Mint Green 6G RAM 128G ROM,1,20868,20868,Mi Store MM Brand Shop,"Alokar more,Bualia, Rajshahi ",8801719792738,,,,Sundarban,,,0019 - Hafizur Rahman,,
Done,Sept25,22-Sep,Xiaomi TV Max 85 Inch QLED 2025,1,239900,239900,Bj Electronics,Chattogram,8801734640607,Md. Yasir Arafat,"Chief Judicial Magistrate court,Cumilla","  +880 1815-419436,01818234173",No Preference,,,0025 - Imran Hossain - CTG,,
Managed,Sept25,22-Sep,Redmi Pad 2 Graphite Gray 6G RAM 128G ROM,1,20868,20868,Ishat Enterprise ,"18, KDA KDA Avenue tetutola more.islam trade center,Khulna",8801711338176,Na,Na,0,No Preference,No,0,0126 - Ashik Sardar,,
Done,Sept25,22-Sep,A2 18K VIOMI AC Split (Non-Inverter) 1.5 Ton,10,40500,405000,FM Electronics,Chattogram,8801824946334,"Inani royel resort,Cox’sbazar ",Cox'sbazar,01815612788,No Preference,,,0025 - Imran Hossain - CTG,,
Done,Sept25,22-Sep,A2 18K VIOMI AC Split (Non-Inverter) 1.5 Ton,1,40500,40500,FM Electronics,Ctg,0,FM Electronics,"House 163 & 164 road 8, Block G, Bashundhara RA,Dhaka",01630791072,No Preference,,,0025 - Imran Hossain - CTG,,
Done,Sept25,22-Sep,A2 18K VIOMI AC Split (Non-Inverter) 1.5 Ton,1,40500,40500,FM Electronics,Ctg,0,,,,No Preference,,,0025 - Imran Hossain - CTG,,
Managed,Sept25,22-Sep,Redmi Pad 2 Graphite Gray 6G RAM 128G ROM,2,20868,41736,Fantasy Telecom,"4th floor,Akhtarujjaman Center, Agrabad, Chattogram",8801979292100,,,,Sundarban,,,0025 - Imran Hossain - CTG,,
Managed,Sept25,22-Sep,Redmi Pad 2 Graphite Gray 6G RAM 128G ROM,5,20868,104340,Famous Telecom,"4th floor,Sanmar Ocean City,",8801812791896,,,,Sundarban,Mixed,,0025 - Imran Hossain - CTG,,
Managed,Sept25,22-Sep,Redmi Pad 2 Graphite Gray 6G RAM 128G ROM,1,20868,20868,Mi Store Shahi Telecom ,"BB Road, Chowrasta, Sadar Thakurgaon ",8801773377771,,,,Sundarban,,,0019 - Hafizur Rahman,,
Managed,Sept25,22-Sep,Redmi Pad 2 Mint Green 6G RAM 128G ROM,1,20868,20868,Mi Store Shahi Telecom ,"BB Road, Chowrasta, Sadar Thakurgaon ",8801773377771,,,,Sundarban,,,0019 - Hafizur Rahman,,
Managed,Sept25,22-Sep,Redmi Pad 2 Graphite Gray 6G RAM 128G ROM,1,20868,20868,Mi RD Mollah Enterprise ,"Bagha, Rajshahi ",8801711138877,,,,Sundarban,,,0019 - Hafizur Rahman,,
Managed,Sept25,22-Sep,Redmi Pad 2 Mint Green 6G RAM 128G ROM,1,20868,20868,Mi RD Mollah Enterprise ,"Bagha, Rajshahi ",8801711138877,,,,Sundarban,,,0019 - Hafizur Rahman,,
Done,Sept25,22-Sep,"Xiaomi TV A Pro 43"" QLED 2025",1,40990,40990,AR Enterprise ,"Stylo premises, New market opposite side, Sultanabad, Bualia,Rajshahi ",8801708555655,,,,Sundarban,,,0019 - Hafizur Rahman,,
Done,Sept25,23-Sep,"Xiaomi TV A Pro 43"" QLED 2025",1,40990,40990,SL Electronics ,Uttara Ajompur ,8801971611169,Atik Electronics ,"Aklima Plaza, Masjid Road, Joydebpur, Gazipur. ",01911731618,Self Delivery,Side Delivery to Gazipur ,,0035 - Md.Rejaul Islam Sujon,,
Done,Sept25,24-Sep,Xiaomi TV A 2025 65 Inch,1,70000,70000,New Japan Electronics ,"Stadium Market, Cumilla ",8801711392790,Mr.Ropam,"Noakhali Motors, Maijdee,Noakhali.",01716-147910,Sundarban,,,0024 - Taimur Hossain,,
Done,Sept25,24-Sep,Xiaomi TV S Mini QD LED 55 Inch 2025,3,85700,257100,Chowdhury Electronics ,Alpona Plaza ,8801785246248,,,,Self Delivery,,,0033 - Imran Hossain - DHK,,
Done,Sept25,24-Sep,"Xiaomi TV A Pro 55"" QLED 2025",5,64340,321700,Shamim Electronics ,"North Side of desco,  Mirpur 10.",8801999949933,,,,Self Delivery,,,0035 - Md.Rejaul Islam Sujon,,
Done,Sept25,24-Sep,Xiaomi TV A 2025 65 Inch,1,70000,70000,Aman Enterprise ,Amin Bazar ,8801725705705,Aman Enterprise 3,"2/A/A, 1st collony, Mazar Road,  Mirpur",8801317565834,Self Delivery,,,0033 - Imran Hossain - DHK,,
Done,Sept25,24-Sep,Xiaomi TV A 2025 65 Inch,1,70000,70000,Aman Enterprise ,Amin Bazar ,8801317565834,Aman Enterprise 4,"Amin Bazar,  Mosjid Market, 2nd Floor",01743774959,Self Delivery,,,0033 - Imran Hossain - DHK,,
Managed,Sept25,25-Sep,Redmi Pad 2 Graphite Gray 6G RAM 128G ROM,6,20868,125208,Skycell,"4th floor,Finlay south city, Bahaddarhat, Chandgaon, Chattogram",8801862759511,,,,AJR,,,0025 - Imran Hossain - CTG,,
Done,Sept25,25-Sep,"Xiaomi TV A Pro 55"" QLED 2025",1,64990,64990,Sohan Electronics ,"2nd floor, Hard metal Gallery,  Dakbanglo,  khulna ",8801726728024,Na,No,0,No Preference,,0,0126 - Ashik Sardar,,
Done,Sept25,25-Sep,"Xiaomi TV A Pro 65"" QLED 2025",2,83000,166000,Star Tech & Engineering Limited,"6th floor, 28 Kazi Nazrul Islam Ave,Navana Zohura Square, Dhaka 1000.",8801709995415,,,,Self Delivery,,0,B2B,,
Done,Sept25,25-Sep,Xiaomi TV S Mini QD LED 55 Inch 2025,2,88000,176000,Star Tech & Engineering Limited,"6th floor, 28 Kazi Nazrul Islam Ave,Navana Zohura Square, Dhaka 1000.",8801709995415,,"Central warehouse  127 Hazaribagh Road, Dhaka 1209 (Near tannery More Jame Mosjid) Former Apex  Tannery ",,Self Delivery,,0,B2B,,
Done,Sept25,25-Sep,Xiaomi TV Max 85 Inch QLED 2025,1,238000,238000,Star Tech & Engineering Limited,"6th floor, 28 Kazi Nazrul Islam Ave,Navana Zohura Square, Dhaka 1000.",8801709995415,,,,Self Delivery,,0,B2B,,
Managed,Sept25,25-Sep,Redmi Pad 2 Graphite Gray 6G RAM 128G ROM,5,19827,99135,G&G,"Unit-C Tower 2, level 14 , Police  plaza Concord. Gulshan",8801684856480,,,,Self Delivery,,,B2B,,
Managed,Sept25,25-Sep,Redmi Pad 2 Mint Green 6G RAM 128G ROM,5,19827,99135,G&G,"Unit-C Tower 2, level 14 , Police  plaza Concord. Gulshan",8801684856480,,,,Self Delivery,,0,B2B,,
Done,Sept25,25-Sep,Xiaomi TV S Mini QD LED 55 Inch 2025,4,85700,342800,Chowdhury Electronics ,Alpona Plaza ,8801785246248,,,,Self Delivery,,,0033 - Imran Hossain - DHK,,
Done,Sept25,27-Sep,Xiaomi TV S Mini QD LED 55 Inch 2025,1,90000,90000,UB Electronics ,Uttara,8801745308008,M. Fayaad Islam ,"House 393, Road 06, DOHS Baridhara Dhaka ",01717064026,Self Delivery,,,0035 - Md.Rejaul Islam Sujon,,
Managed,Sept25,27-Sep,Redmi Pad 2 Graphite Gray 6G RAM 128G ROM,71,20868,1481628,DX Distribution Ltd,"Road - 54A, House - 07, Gulshan - 2, Dhaka - 1212",8801708464101,,,,Self Delivery,,0,B2B,,
Managed,Sept25,27-Sep,Redmi Pad 2 Mint Green 6G RAM 128G ROM,29,20868,605172,DX Distribution Ltd,"Road - 54A, House - 07, Gulshan - 2, Dhaka - 1212",8801708464101,,,,Self Delivery,,0,B2B,,
Done,Sept25,27-Sep,Xiaomi TV A 2025 65 Inch,1,75000,75000,Pulp Dental Hospital,"Subastu Chindroshil Tower, 4B, Panthopath, Dhaka",8801711153755,,,,Self Delivery,,,B2B,,
Done,Sept25,27-Sep,Xiaomi TV S Mini QD LED 65 Inch 2025,1,121900,121900,UB Electronics ,Uttara,8801745308008,Mr. Nahien,"37,nagar salsabil, vawalbag, west nakhalpara, Tejgaon, Dhaka 1215",+880 1911-146990,Self Delivery,,,0035 - Md.Rejaul Islam Sujon,,
Done,Sept25,28-Sep,Xiaomi TV S Mini QD LED 75 Inch 2025,1,171990,171990,UB Electronics ,Uttara,8801745308008,Md. Roman," House 28, Block F, Road S3 Eastern Housing Mirpur 12 Dhaka 1216 ",01758862231,Self Delivery,,,0035 - Md.Rejaul Islam Sujon,,
Managed,Sept25,28-Sep,Redmi Pad 2 Graphite Gray 6G RAM 128G ROM,1,20868,20868,Ryan Telecom,Cox'sbazar,8801516177759,,,,Sundarban,,,0025 - Imran Hossain - CTG,,
Done,Sept25,29-Sep,Xiaomi TV S Mini QD LED 65 Inch 2025,2,121900,243800,Wholesale Electronic Narayanganj ,"Rajdhani Apurbo Tower, Puraton ABC School, Cashara, Narayanganj. ",8801888018887,,,,Self Delivery,,,0112 - Ahasanul Kabir,,
Done,Sept25,29-Sep,Xiaomi A Pro 43 Inch QLED TV 2026,5,40990,204950,Wholesale Electronic Narayanganj ,"Rajdhani Apurbo Tower, Puraton ABC school, Cashara,Narayanganj ",8801888018887,,,,Self Delivery,,,0112 - Ahasanul Kabir,,
Done,Sept25,29-Sep,Xiaomi A Pro 43 Inch QLED TV 2026,5,39000,195000,Star Tech & Engineering Limited,"6th floor, 28 Kazi Nazrul Islam Ave,Navana Zohura Square, Dhaka 1000.",8801709995415,,,,Self Delivery,,0,B2B,,
Done,Sept25,29-Sep,Xiaomi TV A 2025 65 Inch,3,70000,210000,Star Tech & Engineering Limited,"6th floor, 28 Kazi Nazrul Islam Ave,Navana Zohura Square, Dhaka 1000.",8801709995415,,,,Self Delivery,,0,B2B,,
Done,Sept25,29-Sep,Xiaomi TV S Mini QD LED 65 Inch 2025,2,119000,238000,Star Tech & Engineering Limited,"6th floor, 28 Kazi Nazrul Islam Ave,Navana Zohura Square, Dhaka 1000.",8801709995415,,,,Self Delivery,,0,B2B,,
Done,Sept25,29-Sep,Xiaomi TV S Mini QD LED 75 Inch 2025,1,168000,168000,Star Tech & Engineering Limited,"6th floor, 28 Kazi Nazrul Islam Ave,Navana Zohura Square, Dhaka 1000.",8801709995415,,,,Self Delivery,,0,B2B,,
Done,Sept25,29-Sep,Xiaomi TV S Mini QD LED 55 Inch 2025,2,90000,180000,Shamim Electronics ,"North side of desco, Mirpur 10",8801911004589,,,,Self Delivery,,,0035 - Md.Rejaul Islam Sujon,,
Done,Sept25,29-Sep,Xiaomi TV S Mini QD LED 65 Inch 2025,2,121900,243800,Shamim Electronics ,Mirpur 10,8801911004589,,,,Self Delivery,,,0035 - Md.Rejaul Islam Sujon,,
Done,Sept25,29-Sep,Xiaomi TV S Mini QD LED 75 Inch 2025,1,171990,171990,Shamim Electronics ,Mirpur 10,8801911004589,,,,Self Delivery,,,0035 - Md.Rejaul Islam Sujon,,
Done,Sept25,29-Sep,Xiaomi TV S Mini QD LED 55 Inch 2025,1,90000,90000,UB Electronics ,"House- 04, Road- 17, Sector- 13, Uttara, Dhaka- 1230",8801765591144,,,,Self Delivery,,,0035 - Md.Rejaul Islam Sujon,,
Done,Sept25,29-Sep,Xiaomi A Pro 75 Inch QLED TV 2026,1,132000,132000,Star Tech & Engineering Limited,"6th floor, 28 Kazi Nazrul Islam Ave,Navana Zohura Square, Dhaka 1000.",8801709995415,,,,Self Delivery,,0,B2B,,
Done,Sept25,29-Sep,Xiaomi TV S Mini QD LED 65 Inch 2025,2,121900,243800,UB Electronics ,Uttara,8801765591144,,,,Self Delivery,,,0035 - Md.Rejaul Islam Sujon,,
Done,Sept25,29-Sep,Xiaomi TV S Mini QD LED 75 Inch 2025,1,171990,171990,UB Electronics ,Uttara,8801765591144,,,,Self Delivery,,,0035 - Md.Rejaul Islam Sujon,,
Done,Sept25,29-Sep,Xiaomi A Pro 43 Inch QLED TV 2026,10,37350,373500,Chowdhury Electronics ,Alpona Plaza ,8801785246248,,,,Self Delivery,,,0033 - Imran Hossain - DHK,,
Done,Sept25,29-Sep,Xiaomi TV S Mini QD LED 65 Inch 2025,2,112900,225800,Chowdhury Electronics ,Alpona Plaza ,8801785246248,,,,Self Delivery,,,0033 - Imran Hossain - DHK,,
Done,Sept25,29-Sep,Xiaomi TV S Mini QD LED 75 Inch 2025,1,158000,158000,Chowdhury Electronics ,Alpona Plaza ,8801785246248,,,,Self Delivery,,,0033 - Imran Hossain - DHK,,
Done,Sept25,29-Sep,Xiaomi TV S Mini QD LED 55 Inch 2025,1,90000,90000,Amin Electronics ,"Shop: 1, Level: 1, Omar Shahjahan Tower, Ajompur Railgate, Uttara",8801908668577,,,,Self Delivery,,,0035 - Md.Rejaul Islam Sujon,,
Done,Sept25,29-Sep,Xiaomi TV Max 85 Inch QLED 2025,1,224900,224900,Chowdhury Electronics ,Alpona Plaza ,8801785246248,,,,Self Delivery,,,0033 - Imran Hossain - DHK,,
Done,Sept25,29-Sep,Xiaomi TV S Mini QD LED 65 Inch 2025,2,121900,243800,Amin Electronics ,Uttara,8801908668577,,,,Self Delivery,,,0035 - Md.Rejaul Islam Sujon,,
Done,Sept25,29-Sep,Xiaomi TV Max 100 Inch QLED 2025,1,392000,392000,Chowdhury Electronics ,Alpona Plaza ,8801785246248,,,,Self Delivery,,,0033 - Imran Hossain - DHK,,
Done,Sept25,29-Sep,Xiaomi TV S Mini QD LED 75 Inch 2025,1,171990,171990,Amin Electronics ,Uttara,8801908668577,,,,Self Delivery,,,0035 - Md.Rejaul Islam Sujon,,
Done,Sept25,29-Sep,Xiaomi A Pro 43 Inch QLED TV 2026,2,40990,81980,New Japan Electronics ,"Stadium Market, Cumilla",8801711392790,Ether Electronics ,"Mawla Bhaban, T.A. Road, B-Baria sadar",01778-505050,Sundarban,Deposit sleep upload hocche na,,0024 - Taimur Hossain,,
Done,Sept25,29-Sep,Xiaomi A Pro 43 Inch QLED TV 2026,3,40990,122970,Amin Electronics ,Uttara,8801908668577,,,,Self Delivery,,,0035 - Md.Rejaul Islam Sujon,,
Done,Sept25,29-Sep,Xiaomi A Pro 43 Inch QLED TV 2026,5,37350,186750,Chowdhury Electronics ,Alpona Plaza ,8801785246248,New Friends Electronics ,"Stadium 1 no gate, shop no - 29",8801817097172,Self Delivery,,,0033 - Imran Hossain - DHK,,
Managed,Sept25,29-Sep,Redmi Pad 2 Graphite Gray 6G RAM 128G ROM,1,20868,20868,A. R. T Telecom,"Anupom supar market ( 2nd floor ) , Chandona Chowrasta, Gazipur. ",8801777121123,,,,Sundarban,Grey color.,,0035 - Md.Rejaul Islam Sujon,,
Done,Sept25,29-Sep,Xiaomi A Pro 43 Inch QLED TV 2026,1,42500,42500,Shorifuzzaman Chowdhury,"11/3 Hare street ,Navana vartex.( 6-D )wari. Dhaka",8801711394903,,,,Self Delivery,MD Sir Order,0,B2B,,
Done,Sept25,29-Sep,"Xiaomi TV A Pro 55"" QLED 2025",1,64990,64990,Shamim Electronics ,Mirpur ,8801911004589,Sharoar hosen   ,House: 1013 R - 9  Avenue 10 Mirpur Dohs,01791669394,Self Delivery,"COD 50,000/-",,0035 - Md.Rejaul Islam Sujon,,
Done,Sept25,29-Sep,Mi Dual Mode Wireless Mouse Silent Edition,1,1090,1090,Silver Water Technologies Bangladesh Limited,"Plot: 9, ka/kha Ground Floor, Dhaka 1215, Tejgaon",8801708127036,,,,Self Delivery,,0,E-Com,,
Done,Sept25,29-Sep,"Xiaomi TV A Pro 55"" QLED 2025",3,63000,189000,Star Tech & Engineering Limited,"6th floor, 28 Kazi Nazrul Islam Ave,Navana Zohura Square, Dhaka 1000.",8801709995415,,"Shop-1303/1304, Level-13, Multiplan Center, New Elephant Road, Dhaka-1205. Mamun: 01313717050",,Self Delivery,,0,B2B,,
Cancelation,,30-Sep,"Xiaomi TV A Pro 55"" QLED 2025",,,0,Mi Smart Home ,"S,S,K road Feni, Somobay Super market-3, ground floor. ",8801711765235,,,,Sundarban,,,0124 - Fakhrul Islam Rahi,,
Done,Sept25,30-Sep,Xiaomi A Pro 43 Inch QLED TV 2026,4,40990,163960,Shamim Electronics ,"Jolladkhana, Mirpur 10, North Side Of Desco. ",8801911004589,,,,Self Delivery,,,0035 - Md.Rejaul Islam Sujon,,
Done,Sept25,30-Sep,Xiaomi A Pro 75 Inch QLED TV 2026,2,127550,255100,Chowdhury Electronics ,Alpona Plaza ,8801785246248,,,,Self Delivery,,,0033 - Imran Hossain - DHK,,
Done,OCTB25,4-Oct,Xiaomi TV A 2025 65 Inch,4,70000,280000,New Japan Electronics ,"Stadium Market, Cumilla ",8801711392790,Hossain Electronics ,"Easin Market, Near Cumilla EPZ gate, Cumilla Sadar",0 1872-665151,Self Pick,Tomorrow before 01:00 pm should be delivery ,,0024 - Taimur Hossain,,
Done,OCTB25,4-Oct,Xiaomi A Pro 43 Inch QLED TV 2026,10,40990,409900,New Japan Electronics ,"Stadium Market, Cumilla ",8801711392790,,,,Self Pick,,,0024 - Taimur Hossain,,
Managed,OCTB25,4-Oct,Redmi Pad 2 Graphite Gray 6G RAM 128G ROM,2,20868,41736,HR Telecom ,"532/A motalib Plaza, 4th floor",8801919116661,,,,Self Delivery,,,0033 - Imran Hossain - DHK,,
Done,OCTB25,4-Oct,"Xiaomi TV A Pro 65"" QLED 2025",1,83000,83000,Star Tech & Engineering Limited,"6th floor, 28 Kazi Nazrul Islam Ave,Navana Zohura Square, Dhaka 1000.",8801709995415,,,,Self Delivery,,0,B2B,,
Done,OCTB25,4-Oct,Xiaomi TV S Mini QD LED 65 Inch 2025,1,121900,121900,Mujib (Xiaomi BD),"Concord Silvy, Plot # CWS(A, 11A Gulshan Ave, Dhaka 1212",8801707865261,,"ASSK MAYER ANCHOL Ka/48, Lift 7, Flat B7, Shahid Abdul Aziz Sorok, Jagannathpur, Vatara 1229.",,Self Delivery,,0,B2B,,
Done,OCTB25,4-Oct,"Xiaomi TV A Pro 75"" QLED 2025",1,126000,126000,Chowdhury Electronics ,Alpona Plaza,8801785246248,Tech Land,Multiplan,8801647538526,Self Pick,,,0033 - Imran Hossain - DHK,,
Done,OCTB25,4-Oct,Xiaomi TV Max 100 Inch QLED 2025,1,416990,416990,Bj Electronics,Chattogram,8801734640607,,,,No Preference,,,0025 - Imran Hossain - CTG,,
Done,OCTB25,4-Oct,Xiaomi TV Max 85 Inch QLED 2025,2,239900,479800,Bj Electronics,Chattogram,8801734640607,,,,No Preference,,,0025 - Imran Hossain - CTG,,
Done,OCTB25,4-Oct,Xiaomi TV S Mini QD LED 55 Inch 2025,1,90000,90000,Bj Electronics,Ctg,8801734640607,,,,No Preference,,,0025 - Imran Hossain - CTG,,
Done,OCTB25,4-Oct,"Xiaomi TV A Pro 55"" QLED 2025",2,64990,129980,Bj Electronics,Ctg,8801734640607,,,,No Preference,,,0025 - Imran Hossain - CTG,,
Cancelation,OCTB25,4-Oct,Xiaomi TV S Mini QD LED 65 Inch 2025,,,0,Bj Electronics,Ctg,0,,,,No Preference,,,0025 - Imran Hossain - CTG,,
Done,OCTB25,4-Oct,Xiaomi TV S Mini QD LED 75 Inch 2025,1,171900,171900,Bj Electronics,Ctg,0,,,,No Preference,,,0025 - Imran Hossain - CTG,,
Done,OCTB25,4-Oct,Xiaomi A Pro 75 Inch QLED TV 2026,1,135990,135990,Bj Electronics,Ctg,0,,,,No Preference,,,0025 - Imran Hossain - CTG,,
Done,OCTB25,4-Oct,A2 24K VIOMI AC Split (Non-Inverter) 2 Ton,1,53000,53000,Shamim Electronics ,Mirpur ,8801999949933,  Sharif Rafiqul,Road-140 House-02 Gulhan - 1,01760888220,Self Delivery,,,0035 - Md.Rejaul Islam Sujon,,
Done,OCTB25,4-Oct,"Xiaomi TV A Pro 55"" QLED 2025",2,64990,129980,FM Electronics,Chattogram,8801824946334,,,,No Preference,,,0025 - Imran Hossain - CTG,,
Done,OCTB25,5-Oct,"Xiaomi TV A Pro 65"" QLED 2025",1,85590,85590,Shamim Electronics ,Mirpur 10,8801911004589,,,,Self Delivery,,,0035 - Md.Rejaul Islam Sujon,,
Done,OCTB25,5-Oct,Xiaomi Rechargeable Mini Fan,3,2547,7641,Daraz,"Asfia Tower - 76, Road-11, Block-E,  Banani ",8801847420050,,,,Self Delivery,,,E-Com,,
Managed,OCTB25,5-Oct,Redmi Pad 2 Graphite Gray 6G RAM 128G ROM,20,20800,416000,Star Tech & Engineering Limited,"6th floor, 28 Kazi Nazrul Islam Ave,Navana Zohura Square, Dhaka 1000.",8801709995415,,,,Self Delivery,,0,B2B,,
Managed,OCTB25,5-Oct,Redmi Pad 2 Graphite Gray 6G RAM 128G ROM,1,20868,20868,GR communication ,"Kanaikhali, Sadar Natore. ",8801787531593,,,,Sundarban,,,0019 - Hafizur Rahman,,
Done,OCTB25,5-Oct,Xiaomi A Pro 43 Inch QLED TV 2026,3,41990,125970,Electronics Mart ,"Sadar,Rajbari ",8801774418383,,,,Sundarban,,,0026 - Ohidul Islam,,
Managed,OCTB25,5-Oct,Redmi Pad 2 Graphite Gray 6G RAM 128G ROM,2,20868,41736,"MI store, Mymensingh ","Mi store Mymensingh 
7No,C,K GHOSH ROAD MYMENSINGH 
01748939910",8801748939910,,,,Sundarban,,,0094 - Shaharia Khan,,
Managed,OCTB25,5-Oct,Redmi Pad 2 Mint Green 6G RAM 128G ROM,1,20868,20868,"MI store, Mymensingh ","Mi store Mymensingh 
7No,C,K GHOSH ROAD MYMENSINGH 
01748939910",8801748939910,,,,Sundarban,,,0094 - Shaharia Khan,,
Done,OCTB25,5-Oct,Xiaomi A Pro 43 Inch QLED TV 2026,2,40990,81980,Bj Electronics,Chattogram,8801734640607,,,,Sundarban,,,0025 - Imran Hossain - CTG,,
Done,OCTB25,5-Oct,Xiaomi TV S Mini QD LED 65 Inch 2025,1,121900,121900,Silver Water Technologies Bangladesh Limited,"Plot: 9, ka/kha Ground Floor, Dhaka 1215, Tejgaon",8801708127036,,,,Self Delivery,,0,E-Com,,
Done,OCTB25,5-Oct,Xiaomi A Pro 43 Inch QLED TV 2026,2,40990,81980,A.K electronics ,"College Road, Basurhat, Companiganj, Noakhali.",8801818294390,,,,Sundarban,,,0124 - Fakhrul Islam Rahi,,
Done,OCTB25,5-Oct,"Xiaomi TV A Pro 55"" QLED 2025",2,61200,122400,Chowdhury Electronics ,Alpona Plaza ,8801917810576,New Friends Electronics ,"Stadium 1 no gate, shop no - 29",8801817097172,Self Delivery,,,0033 - Imran Hossain - DHK,,
Done,OCTB25,6-Oct,"Xiaomi TV A Pro 65"" QLED 2025",1,85590,85590,Shamim Electronics ,"North Side Of Desco, Jolladkhana, Mirpur 10",8801999949933,,,,Self Delivery,,,0035 - Md.Rejaul Islam Sujon,,
Done,OCTB25,6-Oct,Xiaomi TV A 2025 55 Inch,2,55990,111980,Shamim Electronics ,Mirpur ,8801999949933,,,,Self Delivery,,,0035 - Md.Rejaul Islam Sujon,,
Done,OCTB25,6-Oct,Xiaomi TV A 2025 65 Inch,2,70000,140000,Shamim Electronics ,Mirpur ,8801999949933,,,,Self Delivery,,,0035 - Md.Rejaul Islam Sujon,,
Done,OCTB25,6-Oct,Xiaomi TV A 2025 55 Inch,2,54000,108000,New Friends Electronics ,"Stadium 1 No Gate, Shop No - 29",8801817097172,,,,Self Delivery,,,0033 - Imran Hossain - DHK,,
Done,OCTB25,6-Oct,Xiaomi TV A 2025 65 Inch,1,70000,70000,Amin Electronics ,"Shop: 2, Level: 2, Omar Shahjahan Tower, Ajompur Railgate, Uttara",8801908668577,,,,Self Delivery,,,0035 - Md.Rejaul Islam Sujon,,
Done,OCTB25,6-Oct,Xiaomi TV A 2025 65 Inch,1,70000,70000,UB Electronics ,"House- 04, Road- 17, Sector- 13, Uttara, Dhaka- 1230",8801866222090,,,,Self Delivery,,,0035 - Md.Rejaul Islam Sujon,,
Done,OCTB25,6-Oct,"Xiaomi TV A Pro 55"" QLED 2025",2,64990,129980,UB Electronics ,Uttara,8801866222090,,,,Self Delivery,,,0035 - Md.Rejaul Islam Sujon,,
Done,OCTB25,6-Oct,Xiaomi A Pro 43 Inch QLED TV 2026,3,40990,122970,UB Electronics ,Uttara,8801866222090,,,,Self Delivery,,,0035 - Md.Rejaul Islam Sujon,,
Managed,OCTB25,6-Oct,Redmi Pad 2 Mint Green 6G RAM 128G ROM,2,20868,41736,Grameen Communication ,"Grameen Communication, Mymensingh sadar
",8801713535565,,,,Sundarban,,,0094 - Shaharia Khan,,
Done,OCTB25,6-Oct,"Xiaomi TV A Pro 55"" QLED 2025",2,64990,129980,Mi smart home ,"S,S,K road Somobay Super market-3, Ground floor,Feni sadar.",8801711765235,,,,Sundarban,,,0124 - Fakhrul Islam Rahi,,
Done,OCTB25,6-Oct,Xiaomi A Pro 43 Inch QLED TV 2026,2,40990,81980,Badol electronics ," S,K Plaza, Maijdee Noakhali. ",8801712862731,,,,Sundarban,,,0124 - Fakhrul Islam Rahi,,
Done,OCTB25,7-Oct,Xiaomi A Pro 43 Inch QLED TV 2026,10,40990,409900,FM Electronics,Chattogram,8801824946334,,,,No Preference,,,0025 - Imran Hossain - CTG,,
Done,OCTB25,7-Oct,"Xiaomi TV A Pro 55"" QLED 2025",5,64990,324950,FM Electronics,Chattogram,8801824946334,,,,No Preference,,,0025 - Imran Hossain - CTG,,
Managed,OCTB25,7-Oct,Redmi Pad 2 Mint Green 6G RAM 128G ROM,5,20868,104340,Mobile Park BD,"Shop: 37/A2, Block: C, Level: 4, Jamuna Future Park",8801916858692,,,,Self Delivery,,,0035 - Md.Rejaul Islam Sujon,,
Done,OCTB25,7-Oct,Xiaomi A Pro 43 Inch QLED TV 2026,6,40990,245940,Bj Electronics,Ctg,8801734640607,,,,No Preference,,,0025 - Imran Hossain - CTG,,
Done,OCTB25,7-Oct,"Xiaomi TV A Pro 55"" QLED 2025",3,64990,194970,Bj Electronics,Ctg,8801734640607,,,,No Preference,,,0025 - Imran Hossain - CTG,,
Done,OCTB25,7-Oct,"Xiaomi TV A Pro 75"" QLED 2025",1,135990,135990,Super Electronics ,"2nd & 3rd floor,Lotif Center, Zindabazar, Sylhet ",8801612124747,,,,Sundarban,,,0125 - Easir Arafat,,
Done,OCTB25,7-Oct,A2 24K VIOMI AC Split (Non-Inverter) 2 Ton,1,57000,57000,Dr. Halim,Bogura Sadar ,8801711386274,,,,Self Delivery,,0,B2B,,
Managed,OCTB25,7-Oct,Redmi Pad 2 Mint Green 6G RAM 128G ROM,5,20868,104340,Mi Store (Mobile Bazar),"Shop: 40, Level: 2, Shah Ali Plaza, Mirpur 10",8801788484830,,,,Self Delivery,COD,,0035 - Md.Rejaul Islam Sujon,,
Done,OCTB25,7-Oct,"Xiaomi TV A Pro 55"" QLED 2025",2,61000,122000,Silver Water Technologies Bangladesh Limited,"Plot: 9, ka/kha Ground Floor, Dhaka 1215, Tejgaon",8801708127036,,,,Self Delivery,,0,B2B,,
Done,OCTB25,7-Oct,Xiaomi A Pro 43 Inch QLED TV 2026,1,40990,40990,Smart home appliance ,"Alipur, sadar,Faridpur ",8801318300516,Setu,"Bashabo,kodomtala more, momtaz mohol house, house no- 58/7A, Wasa Road,Dhaka.",01716552142,No Preference,,,0026 - Ohidul Islam,,
Done,OCTB25,8-Oct,Xiaomi A Pro 75 Inch QLED TV 2026,1,132000,132000,Star Tech & Engineering Limited,"6th floor, 28 Kazi Nazrul Islam Ave,Navana Zohura Square, Dhaka 1000.",8801709995415,Star Tech Ltd,"99/A, Parvaz Tower Sharda Ghosh Road (Opposite of Women's Degree College) Mymensingh",01332-522116,Self Delivery,,0,B2B,,
Done,OCTB25,8-Oct,"Xiaomi TV A Pro 55"" QLED 2025",1,63000,63000,Star Tech & Engineering Limited,"6th floor, 28 Kazi Nazrul Islam Ave,Navana Zohura Square, Dhaka 1000.",8801709995415,,"Shop-1303/1304, Level-13, Multiplan Center, New Elephant Road, Dhaka-1205. Mamun: 01313717050",,Self Delivery,,0,B2B,,
Done,OCTB25,8-Oct,Xiaomi A Pro 75 Inch QLED TV 2026,1,132000,132000,Star Tech & Engineering Limited,"6th floor, 28 Kazi Nazrul Islam Ave,Navana Zohura Square, Dhaka 1000.",8801709995415,,"Mymensingh Branch 99/A, Parvaz Tower Sharda Ghosh Road (Opposite of Women's Degree College) Mymensingh",,Self Delivery,,0,B2B,,
Done,OCTB25,9-Oct,Xiaomi A Pro 43 Inch QLED TV 2026,5,40990,204950,Jitu,Alpona Plaza,8801723863710,,,,Self Delivery,,0,B2B,,
Done,OCTB25,9-Oct,Xiaomi TV Max 100 Inch QLED 2025,1,457380,457380,Xiaomi Bangladesh,"Concord Silvy, Plot # CWS(A, 11A Gulshan Ave, Dhaka 1212",8801600344911,,"01708813798 Shop Number 5 & 6, Bashundhara City",,Self Delivery,,0,B2B,,
Done,OCTB25,9-Oct,Xiaomi A Pro 43 Inch QLED TV 2026,8,38500,308000,Star Tech & Engineering Limited,"6th floor, 28 Kazi Nazrul Islam Ave,Navana Zohura Square, Dhaka 1000.",8801709995415,,"Mr Jihad: 01709-995413 BTI Premier Plaza (Level # 2), CHA-90/A Pragati Sharani, North Badda, Dhaka",,Self Delivery,,0,B2B,,
Done,OCTB25,9-Oct,Xiaomi A Pro 43 Inch QLED TV 2026,1,40990,40990,Global Electronic,Bhairab Bus stand ,8801643506080,Apolo telecom ,"Karimulla market 2nd floor, Bandar Bazar Sylhet ",+880 1711-320650,Sundarban,Side delivery ensure plz,,0094 - Shaharia Khan,,
Done,OCTB25,11-Oct,Xiaomi A Pro 43 Inch QLED TV 2026,4,40990,163960,UB Electronics ,"House: 4, Road: 17, Sector: 13, Uttara",8801765591144,,,,Self Delivery,,,0035 - Md.Rejaul Islam Sujon,,
Done,OCTB25,11-Oct,Xiaomi TV S Mini QD LED 55 Inch 2025,1,88000,88000,Star Tech & Engineering Limited,"6th floor, 28 Kazi Nazrul Islam Ave,Navana Zohura Square, Dhaka 1000.",8801709995415,,"Mymensingh Branch 99/A, Parvaz Tower Sharda Ghosh Road (Opposite of Women's Degree College) Mymensingh",,Self Delivery,,0,B2B,,
Done,OCTB25,11-Oct,Xiaomi A Pro 43 Inch QLED TV 2026,8,40990,327920,New Friends Electronics ,"Stadium 1 no gate, Shop no - 29",8801817097172,,,,Self Delivery,,,0033 - Imran Hossain - DHK,,
Done,OCTB25,11-Oct,"Xiaomi TV A Pro 75"" QLED 2025",1,135990,135990,New Friends Electronics ,"Stadium 1 no gate, Shop No - 29",8801817097172,,,,Self Delivery,,,0033 - Imran Hossain - DHK,,
Done,OCTB25,12-Oct,"Xiaomi TV A Pro 55"" QLED 2025",2,61000,122000,Silver Water Technologies Bangladesh Limited,"Plot: 9, ka/kha Ground Floor, Dhaka 1215, Tejgaon",8801708127036,,,,Self Delivery,,0,E-Com,,
Done,OCTB25,12-Oct,Xiaomi TV A 2025 65 Inch,1,70000,70000,Silver Water Technologies Bangladesh Limited,"Plot: 9, ka/kha Ground Floor, Dhaka 1215, Tejgaon",8801708127036,,,,Self Delivery,,0,E-Com,,
Done,OCTB25,13-Oct,"Xiaomi TV A Pro 55"" QLED 2025",1,64990,64990,Sohan Electronics ,"Hard matel Gallery,  dakbanglo,  Khulna",8801726728024,Na,Na,0,No Preference,,0,0126 - Ashik Sardar,,
Done,OCTB25,13-Oct,"Xiaomi TV A Pro 55"" QLED 2025",3,61200,183600,Brand Bazaar ,Happy Arcadia Shopping Malls,8801711903044,,,,Self Delivery,,,0033 - Imran Hossain - DHK,,
Done,OCTB25,14-Oct,"Xiaomi TV A Pro 55"" QLED 2025",5,63000,315000,Star Tech & Engineering Limited,"6th floor, 28 Kazi Nazrul Islam Ave,Navana Zohura Square, Dhaka 1000.",8801709995415,,"127 Hazaribagh Road, Dhaka 1209 (Near tannery More Jame Mosjid) Former Apex  Tannery ",,Self Delivery,,0,B2B,,
Done,OCTB25,14-Oct,Xiaomi TV A 2025 65 Inch,2,70000,140000,Star Tech & Engineering Limited,"6th floor, 28 Kazi Nazrul Islam Ave,Navana Zohura Square, Dhaka 1000.",8801709995415,,"127 Hazaribagh Road, Dhaka 1209 (Near tannery More Jame Mosjid) Former Apex  Tannery ",,Self Delivery,,0,B2B,,
Done,OCTB25,14-Oct,Xiaomi A Pro 75 Inch QLED TV 2026,2,132000,264000,Star Tech & Engineering Limited,"6th floor, 28 Kazi Nazrul Islam Ave,Navana Zohura Square, Dhaka 1000.",8801709995415,,"127 Hazaribagh Road, Dhaka 1209 (Near tannery More Jame Mosjid) Former Apex  Tannery",,Self Delivery,,0,B2B,,
Done,OCTB25,15-Oct,Xiaomi TV S Mini QD LED 75 Inch 2025,1,171990,171990,New Friends Electronics ,"Stadium 1 no gate, shop no 29",8801817097172,Shah Kamal,"Uttara,  Sector - 10, Road - 3, House - 8",01715155232,Self Delivery,,,0033 - Imran Hossain - DHK,,
Done,OCTB25,15-Oct,Xiaomi TV S Mini QD LED 65 Inch 2025,1,121990,121990,New Friends Electronics ,"Stadium 1 no gate, shop no 29",8801817097172,Sumon Khan,"Uttara Sector 10, Road 3, House 8",01730037389,Self Delivery,,,0033 - Imran Hossain - DHK,,
Done,OCTB25,16-Oct,Xiaomi TV S Mini QD LED 55 Inch 2025,1,90000,90000,New Friends Electronics ,"Stadium 1 no gate, 29 no shop",8801817097172,,,,Self Delivery,,,0033 - Imran Hossain - DHK,,
Done,OCTB25,16-Oct,Xiaomi TV S Mini QD LED 65 Inch 2025,1,121900,121900,New Friends Electronics ,"Stadium 10 no gate, 29 no shop",8801817097172,,,,Self Delivery,,,0033 - Imran Hossain - DHK,,
Done,OCTB25,16-Oct,"Xiaomi TV A Pro 55"" QLED 2025",5,61200,306000,Chowdhury Electronics ,Alpona Plaza ,8801785246248,,,,Self Delivery,,,0033 - Imran Hossain - DHK,,
Done,OCTB25,16-Oct,"Xiaomi TV A Pro 43"" QLED 2025",1,40990,40990,Juned & Jabed electronics ,"79/A Ali complex, Pirojpur, Bonghobir road,South Surma,Sylhet ",8801715128517,,,,Sundarban,,,0125 - Easir Arafat,,
Done,OCTB25,18-Oct,"Xiaomi TV A Pro 55"" QLED 2025",1,64990,64990,Global Electronics,"Bhairab bus stand, Bhairab",8801643506080,,"Manzurul Islam 01684855883 House no. 170/1(5A), Road no. 4, Mohammadia Housing Ltd. Mohammadpur, Dhaka.  A pro qled",01684855883,Self Delivery,,,0094 - Shaharia Khan,,
Done,OCTB25,18-Oct,Xiaomi TV A 2025 65 Inch,2,71000,142000,Pretty Group,"House # 5/A, Road # 94, Gulshan- 2, Dhaka-1212, Bangladesh",8801992055664,,,,Self Delivery,,0,B2B,,
Done,OCTB25,19-Oct,"Xiaomi TV A 43"" FHD 2025",2,29990,59980,Juned & Jabed electronics ,"79/A Ali complex, Pirojpur, Bonghobir road, South Surma, Sylhet ",8801715128517,,,,Sundarban,,,0125 - Easir Arafat,,
Done,OCTB25,19-Oct,Xiaomi TV A Pro 32 Inch,2,20990,41980,Juned & Jabed electronics ,"79/A Ali complex, Pirojpur, Bonghobir road, South Surma, Sylhet ",8801715128517,,,,Sundarban,,,0125 - Easir Arafat,,
Done,OCTB25,21-Oct,"Xiaomi TV A Pro 55"" QLED 2025",3,64490,193470,New Friends Electronics ,"Stadium 1 no gate, shop no 29",8801817097172,,,,Self Delivery,,,0033 - Imran Hossain - DHK,,
Done,OCTB25,22-Oct,A2 12K VIOMI AC Split (Non-Inverter) 1 Ton,1,35000,35000,Md Nobin,Dhanmondi 32,8801716347742,,,,Self Delivery,,0,B2B,,
Done,OCTB25,22-Oct,"Xiaomi TV A Pro 55"" QLED 2025",1,64490,64490,New Friends Electronics ,"Stadium 1 no gate, Shop no 29",8801817097172,,,,Self Delivery,,,0033 - Imran Hossain - DHK,,
Done,OCTB25,22-Oct,"Xiaomi TV A Pro 55"" QLED 2025",1,61000,61000,Silver Water Technologies Bangladesh Limited,"Plot: 9, ka/kha Ground Floor, Dhaka 1215, Tejgaon",8801708127036,,,,Self Delivery,,0,B2B,,
Done,OCTB25,22-Oct,A2 12K VIOMI AC Split (Non-Inverter) 1 Ton,1,35000,35000,Md Nobin,Dhanmondi 32,8801716347742,,,,Self Delivery,,0,B2B,,
Done,OCTB25,23-Oct,"Xiaomi TV A Pro 55"" QLED 2025",5,61200,306000,Chowdhury Electronics ,Alpona Plaza ,8801785246248,,,,Self Delivery,,,0033 - Imran Hossain - DHK,,
Cancelation,OCTB25,23-Oct,Xiaomi TV A 2025 65 Inch,,,0,Techi E Store ,JFP,8801711431809, Mr. Atique Numner: ,"Address: Nova Tower, Jahurul Islam Avenue, 12/8, Duaripara, Pallabi, Dhaka",01301719968,Self Delivery,Side Delivery to Mirpur ,,0035 - Md.Rejaul Islam Sujon,,
Done,OCTB25,25-Oct,"Xiaomi TV A Pro 55"" QLED 2025",3,61200,183600,Brand Bazaar ,Happy Arcadia Shopping Malls,8801711903044,,,,Self Delivery,,,0033 - Imran Hossain - DHK,,
Managed,OCTB25,25-Oct,Redmi Pad 2 Graphite Gray 6G RAM 128G ROM,2,20908,41816,Jahan Electronics 2,"Address -jahan electronics-2,shop no:30,3rd floor,savar new market,savar,dhaka.",8801849311170,,,,No Preference,,,0033 - Imran Hossain - DHK,,
Managed,OCTB25,25-Oct,Redmi Pad 2 Graphite Gray 8G RAM 256G ROM,1,23635,23635,Jahan Electronics 2,"Address -jahan electronics-2,shop no:30,3rd floor,savar new market,savar,dhaka.",8801849311170,,,,No Preference,,,0033 - Imran Hossain - DHK,,
Managed,OCTB25,25-Oct,Redmi Pad 2 Graphite Gray 8G RAM 256G ROM,5,23635,118175,In time,"Newmarket, Khulna sador,  Khulna",8801713411211,Na,Na,0,No Preference,,0,0126 - Ashik Sardar,,
Managed,OCTB25,25-Oct,Redmi Pad 2 Mint Green 8G RAM 256G ROM,2,23635,47270,In time,"Newmarket, Khulna",8801713411211,0,0,0,No Preference,,0,0126 - Ashik Sardar,,
Managed,OCTB25,25-Oct,Redmi Pad 2 Graphite Gray 8G RAM 256G ROM,1,23635,23635,Smart tech,"Newmarket,  Khulna sador,  Khulna",8801716940556,0,0,0,No Preference,,0,0126 - Ashik Sardar,,
Managed,OCTB25,25-Oct,Redmi Pad 2 Lavender Purple 8G RAM 256G ROM,1,23635,23635,Smart tech,"Newmarket,  Khulna",8801716940556,0,0,0,No Preference,,0,0126 - Ashik Sardar,,
Managed,OCTB25,25-Oct,Redmi Pad 2 Mint Green 8G RAM 256G ROM,1,23635,23635,Smart tech,"Newmarket,  khulna",8801716940556,0,0,0,No Preference,,0,0126 - Ashik Sardar,,
Done,OCTB25,26-Oct,A2 24K VIOMI AC Split (Non-Inverter) 2 Ton,1,55000,55000,Jitu,Alpona Plaza,8801723863710,,,,Self Delivery,,0,B2B,,
Done,OCTB25,26-Oct,Xiaomi TV S Mini QD LED 65 Inch 2025,1,112900,112900,Chowdhury Electronics,Alpona Plaza,8801785246248,,,,Self Delivery,,0,0033 - Imran Hossain - DHK,,
Done,OCTB25,26-Oct,Xiaomi TV S Mini QD LED 65 Inch 2025,1,121900,121900,Wholesale Electronics,"West Matikata, Auto Stand (Samsung Wearhouse)",8801715601888,,,,Self Delivery,,0,0035 - Md.Rejaul Islam Sujon,,
Managed,OCTB25,26-Oct,Redmi Pad 2 Graphite Gray 6G RAM 128G ROM,1,20908,20908,Bismillah enterprise ,"Lavli tower, sadar,Kushtia ",8801787670552,,,,Sundarban,,,0026 - Ohidul Islam,,
Managed,OCTB25,26-Oct,Redmi Pad 2 Lavender Purple 6G RAM 128G ROM,1,20908,20908,Bismillah enterprise ,"Lavli tower, sadar,Kushtia ",8801787670552,,,,Sundarban,,,0026 - Ohidul Islam,,
Managed,OCTB25,26-Oct,Redmi Pad 2 Graphite Gray 8G RAM 256G ROM,1,23635,23635,Bismillah enterprise ,"Lavli tower, sadar,Kushtia ",8801787670552,,,,Sundarban,,,0026 - Ohidul Islam,,
Managed,OCTB25,26-Oct,Redmi Pad 2 Lavender Purple 8G RAM 256G ROM,1,23635,23635,Bismillah enterprise ,"Lavli tower, sadar,Kushtia ",8801887670552,,,,Sundarban,,,0026 - Ohidul Islam,,
Managed,OCTB25,26-Oct,Redmi Pad 2 Mint Green 8G RAM 256G ROM,1,23635,23635,Bismillah enterprise ,"Lavli tower, sadar,Kushtia ",8801787670552,,,,Sundarban,,,0026 - Ohidul Islam,,
Done,OCTB25,27-Oct,"Xiaomi TV A Pro 55"" QLED 2025",2,64990,129980,Long Tech,"Y-7, Noorjahan road, Mohammadpur ",8801919234023,,,,Self Delivery,,,0033 - Imran Hossain - DHK,,
Managed,OCTB25,27-Oct,Redmi Pad 2 Lavender Purple 6G RAM 128G ROM,1,20908,20908,ART Telecom,"Anupom supar market ( 2nd floor ) , Chandona Chowrasta.",8801777121123,,,,Self Delivery,,,0035 - Md.Rejaul Islam Sujon,,
Done,OCTB25,27-Oct,Xiaomi TV Max 100 Inch QLED 2025,1,417000,417000,New Friends Electronics ,"Stadium 1 no gate, ",8801817097172,South Breeze Housing Ltd,"Floor12 ,House 5, Road 11, Block - G, Banani, Dhaka",01673900590,Self Delivery,,,0033 - Imran Hossain - DHK,,
Managed,OCTB25,28-Oct,Redmi Note 14 Pro 5G 8/256GB,1,39000,39000,SEBL Distribution Ltd,"House # 7, Road # 54/A Gulshan-2, Dhaka-1212, Bangladesh",8801322877215,,,,Self Delivery,,0,B2B,,
Managed,OCTB25,28-Oct,Redmi Pad 2 Lavender Purple 8G RAM 256G ROM,1,23635,23635,Mi Store (Mahadiya Smart Gallery) ,Khilgoan ,8801315504285,,,,Self Pick,,,0035 - Md.Rejaul Islam Sujon,,
Done,OCTB25,28-Oct,Xiaomi TV A 2025 65 Inch,1,71000,71000,Abdus Salam,"Lane 9B, Aziz Sarak, Beside Bashundhara R/A",8801711246026,,,,Self Delivery,,0,B2C,,
Done,OCTB25,28-Oct,"Xiaomi TV A Pro 55"" QLED 2025",1,64990,64990,Bj Electronics,Chattogram,8801734640607,Nextgen,"Shop 4, The cox city super market,Laldighir par,Cox’sbazar.",+880 1820-055005,Sundarban,,,0025 - Imran Hossain - CTG,,
Managed,OCTB25,29-Oct,Redmi Pad 2 Graphite Gray 6G RAM 128G ROM,1,20908,20908,Easy Electronics ,"Level 4, D36, Sena Shopping complex, Savar Nabinagar",8801946352478,,,,No Preference,,,0033 - Imran Hossain - DHK,,
Managed,OCTB25,29-Oct,Redmi Pad 2 Mint Green 6G RAM 128G ROM,1,20908,20908,Easy Electronics ,"Level 4, D36, Sena Shopping complex, Savar Nabinagar",8801946352478,,,,No Preference,DMS Code : 467288,,0033 - Imran Hossain - DHK,,
Done,OCTB25,29-Oct,"Xiaomi TV A Pro 55"" QLED 2025",1,61000,61000,Silver Water Technologies Bangladesh Limited,"Plot: 9, ka/kha Ground Floor, Dhaka 1215, Tejgaon",8801708127036,,,,Self Delivery,,0,E-Com,,
Managed,OCTB25,30-Oct,Redmi Note 14 Pro 5G 8/256GB,5,38000,190000,Apolo telecom ,"Karimulla market, Bandar Bazar,Sylhet sadar",8801711320650,,,,Sundarban,Mixed colour ,,0094 - Shaharia Khan,,
Managed,OCTB25,30-Oct,Redmi Pad 2 Mint Green 8G RAM 256G ROM,5,23635,118175,Mi Store (Dristy Enterprise) ,"Shop: 77, Level: 2, Shah Ali Plaza, Mirpur 10",8801687148580,,,,Self Delivery,,,0035 - Md.Rejaul Islam Sujon,,
Done,OCTB25,30-Oct,A2 24K VIOMI AC Split (Non-Inverter) 2 Ton,3,50000,150000,FM Electronics,Chattogram,8801824946334,Aristocrat Hotel & Resort Ltd.,"Purbachal city bypasd road,Rathura,Ulukhola road, Kaliganj,Gazipur",01335086989,No Preference,,,0025 - Imran Hossain - CTG,,
Done,OCTB25,30-Oct,Xiaomi TV A 2025 65 Inch,2,70000,140000,Bj Electronics,Chattogram,8801734640607,,,,Sundarban,,,0025 - Imran Hossain - CTG,,
Done,NOVM25,1-Nov,A2 18K VIOMI AC Split (Non-Inverter) 1.5 Ton,1,45000,45000,"Jubayer Enterprise, Mr Himel, Manager",Kasa Baza Muktijoddha Route-Azampor-Uttara -Dhaka,8801923023755,,,,Self Delivery,MD Sir Order,0,B2B,,
Done,NOVM25,2-Nov,Xiaomi TV A 2025 65 Inch,1,70000,70000,PK Enterprise ,Uttara,8801876968442,Al Amin,"Desingtex Knitwear Ltd, Beraider Chala Sreepur, Gazipur 1740.",01721141542,Sundarban,,,0035 - Md.Rejaul Islam Sujon,,
Done,NOVM25,3-Nov,A2 12K VIOMI AC Split (Non-Inverter) 1 Ton,2,35000,70000,Ariful Islam (Xiaomi Employee),Narsingdi Sadar.,8801713241202,,,,Sundarban,,0,B2B,,
Managed,NOVM25,3-Nov,Redmi Pad 2 Graphite Gray 6G RAM 128G ROM,1,20908,20908,Mi Store (ART Telecom),"Anupom supar market ( 2nd floor ) , Chandona Chowrasta .",8801777121123,,,,Sundarban,,,0035 - Md.Rejaul Islam Sujon,,
Done,NOVM25,3-Nov,Xiaomi TV A 2025 65 Inch,3,70000,210000,Wholesale Electronics ,"Cashara,Narayanganj ",8801888018887,A.M.A Zahir,"Tejgaon,Link road,Near Arong",0 1733-122122,Self Delivery,Ensure Home Delivery. ,,0112 - Ahasanul Kabir,,
Done,NOVM25,4-Nov,Xiaomi TV Max 100 Inch QLED 2025,1,390000,390000,Wahid (TTP) - Youtuber,"Navana Tower, Building No - 4, Flat No - 11/C, Avenue - 5, Kalshi Road, Mirpur - 11, Dhaka",8801914141414,,,,Self Delivery,,0,B2B,,
Done,NOVM25,5-Nov,A2 12K VIOMI AC Split (Non-Inverter) 1 Ton,1,31000,31000,Silver Water Technologies Bangladesh Limited,"Plot: 9, ka/kha Ground Floor, Dhaka 1215, Tejgaon",8801708127036,,,,Self Delivery,,0,B2B,,
Done,NOVM25,5-Nov,Xiaomi TV A Pro 32 Inch,1,20990,20990,Mr. Prodip,"Kaptan Bazar, Dhaka",8801712125857,,,,Self Delivery,,0,B2B,,
Done,NOVM25,5-Nov,"Xiaomi TV A 43"" FHD 2025",1,29990,29990,Mr. Prodip,"Kaptan Bazar, Dhaka",8801712125857,,,,Self Delivery,,0,B2B,,
Done,NOVM25,6-Nov,Xiaomi TV A Pro 32 Inch,1,20990,20990,Union enterprise ,"Taltola,AkurTakur para,Tangail Sadar",8801834414546,,,,Sundarban,Ensure home delivery. ,,0112 - Ahasanul Kabir,,
Done,NOVM25,6-Nov,Xiaomi TV A Pro 32 Inch,3,20990,62970,Sofiq electronics ,"Modhukhali, Faridpur ",8801705033553,,,,Sundarban,,,0026 - Ohidul Islam,,
Done,NOVM25,6-Nov,Xiaomi TV A Pro 32 Inch,1,20990,20990,Bj Electronics,Chattogram,8801734640607,Mr Raihan,"Hapania,Gouronodi,Barishal",01303284953,Sundarban,,,0025 - Imran Hossain - CTG,,
Done,NOVM25,6-Nov,Xiaomi TV A Pro 32 Inch,3,20990,62970,Raton electronics ,"Milkvita road,Takerhat, Madaripur ",8801711398333,,,,Sundarban,,,0026 - Ohidul Islam,,
Done,NOVM25,6-Nov,Xiaomi TV A Pro 43 Inch,2,36990,73980,Sofiq electronics ,"Modhukhali, Faridpur ",8801705033553,,,,Sundarban,,,0026 - Ohidul Islam,,
Done,NOVM25,6-Nov,Xiaomi TV A Pro 43 Inch,3,36990,110970,Bj Electronics,Chattogram,8801734640607,,,,No Preference,,,0025 - Imran Hossain - CTG,,
Done,NOVM25,6-Nov,Xiaomi TV A Pro 32 Inch,1,20990,20990,Bj Electronics,Chattogram,8801734640607,,,,No Preference,,,0025 - Imran Hossain - CTG,,
Cancelation,NOVM25,6-Nov,Xiaomi TV A Pro 32 Inch,,,0,Bj Electronics,Ctg,01734640607,,,,No Preference,,,0025 - Imran Hossain - CTG,,
Done,NOVM25,6-Nov,Xiaomi TV A 2025 65 Inch,2,70000,140000,Bj Electronics,Ctg,8801734640607,,,,No Preference,,,0025 - Imran Hossain - CTG,,
Done,NOVM25,6-Nov,Xiaomi TV A Pro 43 Inch,2,36990,73980,FM Electronics,Chattogram,8801824946334,,,,No Preference,,,0025 - Imran Hossain - CTG,,
Done,NOVM25,6-Nov,Xiaomi TV A Pro 32 Inch,3,20990,62970,FM Electronics,Chattogram,8801824946334,,,,No Preference,,,0025 - Imran Hossain - CTG,,
Done,NOVM25,6-Nov,Xiaomi TV A Pro 32 Inch,2,20990,41980,NB Electronics,Chattogram,8801720189210,,,,No Preference,,,0025 - Imran Hossain - CTG,,
Done,NOVM25,6-Nov,Xiaomi TV A Pro 43 Inch,2,36990,73980,NB Electronics,Chattogram,8801720189210,,,,No Preference,,,0025 - Imran Hossain - CTG,,
Done,NOVM25,6-Nov,Xiaomi TV A Pro 32 Inch,2,20990,41980,Haidar electronics ,Maijdee Noakhali. ,"+880 1711-103033,+8801830011596",,,,Sundarban,,,0124 - Fakhrul Islam Rahi,,
Cancelation,NOVM25,6-Nov,Xiaomi TV A Pro 32 Inch,,,0,Badol electronics ,Maijdee Noakhali. ,8801712862731,,,,Sundarban,,,0124 - Fakhrul Islam Rahi,,
Done,NOVM25,6-Nov,Xiaomi TV A Pro 32 Inch,2,20990,41980,Mollick electronics ,"Jibonnagar, Chudanga ",8801922487846,,,,Sundarban,,,0026 - Ohidul Islam,,
Done,NOVM25,8-Nov,Xiaomi TV A Pro 43 Inch,1,36990,36990,Mollick electronics ,"Jibonnagar, Chudanga ",8801922487846,,,,Sundarban,,,0026 - Ohidul Islam,,
Managed,NOVM25,8-Nov,Redmi Pad 2 Graphite Gray 6G RAM 128G ROM,2,20908,41816,Jahan Electronics 2,"Savar New Market,  shop no 30, 3rd floor",8801849311170,,,,No Preference,02 Pcs - Grey colour ,,0033 - Imran Hossain - DHK,,
Done,NOVM25,8-Nov,Xiaomi TV A 2025 65 Inch,2,70000,140000,NB Electronics,Chattogram,8801720189210,,,,No Preference,,,0025 - Imran Hossain - CTG,,
Managed,NOVM25,9-Nov,Redmi Pad 2 Graphite Gray 6G RAM 128G ROM,10,20900,209000,Star Tech & Engineering Limited,"6th floor, 28 Kazi Nazrul Islam Ave,Navana Zohura Square, Dhaka 1000.",8801709995415,,,,Self Delivery,,0,B2B,,
Done,NOVM25,9-Nov,Xiaomi TV S Mini QD LED 65 Inch 2025,1,121990,121990,Bj Electronics,Ctg,8801734640607,,,,No Preference,,,0025 - Imran Hossain - CTG,,
Done,NOVM25,9-Nov,Xiaomi TV S Mini QD LED 75 Inch 2025,1,171900,171900,Silver Water Technologies Bangladesh Limited,"Plot: 9, ka/kha Ground Floor, Dhaka 1215, Tejgaon",8801708127036,,,,Self Delivery,,0,E-Com,,
Done,NOVM25,10-Nov,Xiaomi TV Max 100 Inch QLED 2025,1,392000,392000,Chowdhury Electronics ,Alpona Plaza ,8801785246248,,,,No Preference,,,0033 - Imran Hossain - DHK,,
Done,NOVM25,12-Nov,Mi Dual Mode Wireless Mouse Silent Edition,1,1090,1090,Silver Water Technologies Bangladesh Limited,"Plot: 9, ka/kha Ground Floor, Dhaka 1215, Tejgaon",8801708127036,,,,Self Delivery,,0,E-Com,,
Done,NOVM25,15-Nov,Xiaomi A Pro 75 Inch QLED TV 2026,1,135990,135990,SS Traders ,"Padma Abasik-3,Vodra Rajshahi. ",8801711397879,Mr.Sahin,"House 563, Road 5, Block H, Bashundhara R/A",+880 1711-503331,Self Delivery,,0,B2B,,
Done,NOVM25,16-Nov,Xiaomi A Pro 43 Inch QLED TV 2026,2,40990,81980,Wholesale Electronics,"West Matikata, Auto Stand (Samsung Wearhouse)",8801715601888,,,,Self Delivery,,0,0035 - Md.Rejaul Islam Sujon,,
Done,NOVM25,16-Nov,"Xiaomi TV A Pro 65"" QLED 2025",1,85590,85590,Wholesale Electronics,"West Matikata, Auto Stand (Samsung Wearhouse)",8801715601888,,,,Self Delivery,,0,0035 - Md.Rejaul Islam Sujon,,
Done,NOVM25,16-Nov,Xiaomi A Pro 75 Inch QLED TV 2026,1,135990,135990,Wholesale Electronics,"West Matikata, Auto Stand (Samsung Wearhouse)",8801715601888,,,,Self Delivery,,0,0035 - Md.Rejaul Islam Sujon,,
Done,NOVM25,17-Nov,Xiaomi TV S Mini QD LED 75 Inch 2025,1,171990,171990,Silver Water Technologies Bangladesh Limited,"Plot: 9, ka/kha Ground Floor, Dhaka 1215, Tejgaon",8801708127036,,,,Self Delivery,,0,E-Com,,
Done,NOVM25,17-Nov,Xiaomi A Pro 75 Inch QLED TV 2026,1,132990,132990,Silver Water Technologies Bangladesh Limited,"Plot: 9, ka/kha Ground Floor, Dhaka 1215, Tejgaon",8801708127036,,,,Self Delivery,,0,E-Com,,
Cancelation,NOVM25,17-Nov,Xiaomi A Pro 75 Inch QLED TV 2026,,,0,Chowdhury Electronics ,Alpona Plaza ,8801785246248,Sumash Tech ,Bashundhara City ,8801677477085,Self Pick,,,0033 - Imran Hossain - DHK,,
Done,NOVM25,18-Nov,Xiaomi A Pro 75 Inch QLED TV 2026,1,132000,132000,Col Montasir Rahman Chowdhury,"DGFI Building, Dhaka",8801816652431,,,,Self Delivery,,0,B2C,,
Done,NOVM25,19-Nov,A2 18K VIOMI AC Split (Non-Inverter) 1.5 Ton,3,45000,135000,Md. Mizanur Rahman," Lake Drive Road, Sector 07, House 32, Uattra",8801717334706,,,,No Preference,MD Sir order,,B2C,,
Done,NOVM25,19-Nov,A2 12K VIOMI AC Split (Non-Inverter) 1 Ton,1,32000,32000,Bj electronics,Ctg,8801734640607,,,,Sundarban,,,0025 - Imran Hossain - CTG,,
Done,NOVM25,22-Nov,Xiaomi TV A 2025 65 Inch,2,70000,140000,Star Tech & Engineering Limited,"6th floor, 28 Kazi Nazrul Islam Ave,Navana Zohura Square, Dhaka 1000.",8801709995415,,"127 Hazaribagh Road, Dhaka 1209 (Near tannery More Jame Mosjid) Former Apex  Tannery ",,Self Delivery,,0,B2B,,
Done,NOVM25,22-Nov,Xiaomi A Pro 75 Inch QLED TV 2026,2,132000,264000,Star Tech & Engineering Limited,"6th floor, 28 Kazi Nazrul Islam Ave,Navana Zohura Square, Dhaka 1000.",8801709995415,,"127 Hazaribagh Road, Dhaka 1209 (Near tannery More Jame Mosjid) Former Apex  Tannery ",,Self Delivery,,0,B2B,,
Done,NOVM25,22-Nov,Xiaomi A Pro 75 Inch QLED TV 2026,2,127550,255100,Chowdhury Electronics ,Alpona Plaza ,8801785246248,,,,Self Delivery,,,0033 - Imran Hossain - DHK,,
Done,NOVM25,23-Nov,Xiaomi TV A 2025 65 Inch,5,70000,350000,Shamim Electronics ,"North Side Of Desco, Mirpur 10.",8801911004589,,,,Self Delivery,,,0035 - Md.Rejaul Islam Sujon,,
Done,NOVM25,23-Nov,Xiaomi A Pro 75 Inch QLED TV 2026,1,135990,135990,Shamim Electronics ,Mirpur ,8801911004589,,,,Self Delivery,,,0035 - Md.Rejaul Islam Sujon,,
Done,NOVM25,23-Nov,"Xiaomi TV A Pro 65"" QLED 2025",1,85590,85590,Shamim Electronics ,Mirpur 10,8801675751113,,,,Self Delivery,,,0035 - Md.Rejaul Islam Sujon,,
Done,NOVM25,27-Nov,Xiaomi TV S Mini QD LED 75 Inch 2025,1,171990,171990,Shamim Electronics ,Mirpur 10,8801911004589,,,,Self Delivery,,,0035 - Md.Rejaul Islam Sujon,,
Done,NOVM25,27-Nov,Xiaomi TV A 2025 65 Inch,1,70000,70000,Silver Water Technologies Bangladesh Limited,"Plot: 9, ka/kha Ground Floor, Dhaka 1215, Tejgaon",8801708127036,,,,Self Delivery,,0,E-Com,,
Done,NOVM25,27-Nov,"Xiaomi TV A2 55""",2,66000,132000,Mr. Sujon,"Sutrapur, Bogura",8801711544322,,,,Self Delivery,,0,B2C,,
Done,NOVM25,27-Nov,Xiaomi TV A 2025 65 Inch,1,87000,87000,Mr. Sujon,"Sutrapur, Bogura",8801711544322,,,,Self Delivery,,0,B2B,,
Done,NOVM25,27-Nov,Xiaomi TV A 2025 65 Inch,1,70000,70000,New Khan Mobile Point ,"Victoria Road, Tangail Sadar. ",8801711909853,,,,Sundarban,,,0112 - Ahasanul Kabir,,
Done,NOVM25,29-Nov,Xiaomi TV A 2025 65 Inch,1,70000,70000,Silver Water Technologies Bangladesh Limited,"Plot: 9, ka/kha Ground Floor, Dhaka 1215, Tejgaon",8801708127036,,,,Self Delivery,,,E-Com,,
Done,NOVM25,29-Nov,Xiaomi TV A 2025 65 Inch,1,70000,70000,Bj Electronics,Chattogram,8801734640607,,,,No Preference,,,0025 - Imran Hossain - CTG,,
Done,NOVM25,29-Nov,Xiaomi TV A 2025 65 Inch,1,70000,70000,FM Electronics,Chattogram,8801824946334,,,,No Preference,,,0025 - Imran Hossain - CTG,,
Done,NOVM25,30-Nov,Xiaomi Air Fryer 4L,3,9000,27000,Shamim Electronics,Mirpur 10,8801675751113,,,,Self Delivery,,0,0035 - Md.Rejaul Islam Sujon,,
Done,DECM25,2-Dec,Xiaomi TV A Pro 43 Inch,1,36990,36990,Kokomo Sunset Resort,"Surjonarayanpur, Razendropur, Gazipur",8801762756642,,,,Self Delivery,,0,B2B,,
Done,DECM25,3-Dec,Xiaomi TV A 2025 55 Inch,1,55600,55600,Intimacy Computer & Solutions,"28/C-3, Toyenbee Circular Road (1st Floor), Motijheel C/A, Dhaka - 1000",8801915471745,,,,Self Delivery,,0,B2B,,
Done,DECM25,3-Dec,Xiaomi TV A 2025 65 Inch,5,70000,350000,Shamim Electronics ,"Jolladkhana, North Side Of Desco, Mirpur 10",8801911004589,,,,Self Delivery,,,0035 - Md.Rejaul Islam Sujon,,
Done,DECM25,3-Dec,"Xiaomi TV A 43"" FHD 2025",5,29990,149950,BJ Electronics,CTG,0,,,,Self Delivery,,0,0025 - Imran Hossain - CTG,,
Done,DECM25,3-Dec,Xiaomi TV A Pro 43 Inch,1,36990,36990,BJ Electronics,CTG,0,,,,Self Delivery,,0,0025 - Imran Hossain - CTG,,
Done,DECM25,3-Dec,Xiaomi A Pro 43 Inch QLED TV 2026,3,40990,122970,BJ Electronics,CTG,0,,,,Self Delivery,,0,0025 - Imran Hossain - CTG,,
Done,DECM25,3-Dec,Xiaomi TV A 2025 55 Inch,2,55990,111980,BJ Electronics,CTG,0,,,,Self Delivery,,0,0025 - Imran Hossain - CTG,,
Done,DECM25,3-Dec,Xiaomi TV A Pro 32 Inch,3,20990,62970,FM Electronics,CTG,0,,,,Self Delivery,,0,0025 - Imran Hossain - CTG,,
Done,DECM25,3-Dec,Xiaomi TV A Pro 43 Inch,3,36990,110970,FM Electronics,CTG,0,,,,Self Delivery,,0,0025 - Imran Hossain - CTG,,
Done,DECM25,3-Dec,Xiaomi A Pro 43 Inch QLED TV 2026,2,40990,81980,FM Electronics,CTG,0,,,,Self Delivery,,0,0025 - Imran Hossain - CTG,,
Done,DECM25,3-Dec,Xiaomi TV A Pro 32 Inch,3,20990,62970,Vision Electronics,CTG,0,,,,Self Delivery,,0,0025 - Imran Hossain - CTG,,
Done,DECM25,3-Dec,"Xiaomi TV A 43"" FHD 2025",3,29990,89970,Vision Electronics,CTG,0,,,,Self Delivery,,0,0025 - Imran Hossain - CTG,,
Done,DECM25,6-Dec,Xiaomi A Pro 75 Inch QLED TV 2026,1,132000,132000,C M Motahar hossain,"flat 2a, house 31, road 10, block b, bashundhara r/a, dhaka.","01973012160, 01976463555",,,,Self Delivery,,,0035 - Md.Rejaul Islam Sujon,,
Done,DECM25,7-Dec,"Xiaomi TV A Pro 55"" QLED 2025",1,65000,65000,H.M. Nazmul Karim,"Flat D8, 194 Madani Garden View (opposite Kalapata Restaurant), near momotaz masjid, Wast Agargaon","01718956686 ,  01747794198",,,,No Preference,MD Sir order,,B2C,,
Done,DECM25,10-Dec,Xiaomi TV A 2025 65 Inch,2,70000,140000,Star Tech & Engineering Limited,"6th floor, 28 Kazi Nazrul Islam Ave,Navana Zohura Square, Dhaka 1000.",8801709995415,,Multiplan City Center Level 9 Shop No 934,,Self Delivery,,0,B2B,,
Done,DECM25,13-Dec,Xiaomi TV S Mini QD LED 65 Inch 2025,1,121990,121990,Shamim Electronics ,"North Side Of Desco, Mirpur 10",8801911004589,,,,Self Delivery,,,0035 - Md.Rejaul Islam Sujon,,
Done,DECM25,15-Dec,A2 18K VIOMI AC Split (Non-Inverter) 1.5 Ton,2,41500,83000,M/S Nurul Enterprise,Sohrawardi College Banorgati Khulna ,8801923404406,,,,Self Delivery,,0,B2B,,
Done,DECM25,17-Dec,Xiaomi TV A 2025 65 Inch,1,70000,70000,UB Electronics ,"House- 04, Road- 17, Sector- 13, Uttara, Dhaka- 1230",8801765591144,,,,Self Delivery,,,0035 - Md.Rejaul Islam Sujon,,
Done,DECM25,17-Dec,Xiaomi TV A 2025 65 Inch,1,70000,70000,Amin Electronics ,"Shop: 1, Level: 1, Omar Shahjahan Tower, Dokkhinkhan, Uttara",8801908668577,,,,Self Delivery,,,0035 - Md.Rejaul Islam Sujon,,
Done,DECM25,17-Dec,Xiaomi TV A 2025 65 Inch,1,70000,70000,Silver Water Technologies Bangladesh Limited,"Plot: 9, ka/kha Ground Floor, Dhaka 1215, Tejgaon",8801708127036,,,,Self Delivery,,0,E-Com,,
Done,DECM25,17-Dec,Xiaomi A Pro 75 Inch QLED TV 2026,2,132000,264000,Star Tech & Engineering Limited,"6th floor, 28 Kazi Nazrul Islam Ave,Navana Zohura Square, Dhaka 1000.",8801709995415,,,,Self Delivery,,0,B2B,,
Done,DECM25,17-Dec,Xiaomi TV A 2025 65 Inch,2,70000,140000,Super electronics ,"Latif centre, Zinda Bazar Sylhet ",8801712124747,,,,Sundarban,,,0094 - Shaharia Khan,,
Done,DECM25,18-Dec,"Xiaomi TV A Pro 75"" QLED 2025",1,135990,135990,Ahamedul K. Chowdhury ,"APT: B4, House-36, Road-18, Block-B, Banani, Dhaka-1213, Opposite of Travel East Restaurant",8801711748875,,,,Self Delivery,,0,B2C,,
Done,DECM25,20-Dec,Xiaomi TV A 2025 65 Inch,5,70000,350000,Mr.Faruk ,Sadar Bogura ,8801716065446,,,,Sundarban,please do not share challan & invoice. ,,0019 - Hafizur Rahman,,
Done,DECM25,20-Dec,Xiaomi TV A 2025 65 Inch,1,70000,70000,Success Computer ,Mymensingh sadar,8801711682184,,Lt Col Moshiul Directing Staff House Number 340/4 Officers Quarters Defence Services Command and Staff Collge Mirpur Cantonment  ,1769006691,Self Delivery,,,0094 - Shaharia Khan,,
Done,DECM25,20-Dec,Xiaomi TV A 2025 65 Inch,1,70000,70000,New Japan Electronics ,"Stadium Market, Cumilla ",8801711392790,Mr. Sumon,"Puraton Chowdhury Para, Cumilla Sadar ",01711365810,Self Pick,Ledger e taka ache,,0024 - Taimur Hossain,,
Done,DECM25,20-Dec,Xiaomi TV A 2025 65 Inch,1,70000,70000,New Japan Electronics ,"Stadium Market, Cumilla ",8801711392790,,,,Self Pick,Ledger e taka ache,,0024 - Taimur Hossain,,
Done,DECM25,20-Dec,Xiaomi TV A 2025 65 Inch,1,70000,70000,Tech City,Simanta Square ,8801709651931,Md. Ehsan,"Kuthipara, Sreemaddi, Cumilla",8801712793027,No Preference,,,0033 - Imran Hossain - DHK,,
Done,DECM25,21-Dec,Xiaomi TV A 2025 65 Inch,2,70000,140000,Pretty Group,"House # 5/A, Road # 94, Gulshan- 2, Dhaka-1212, Bangladesh",8801992055664,,,,Self Delivery,,,B2C,,
Done,DECM25,21-Dec,Xiaomi TV A 2025 65 Inch,4,70000,280000,Bj Electronics,Ctg,8801734640607,,,,No Preference,,,0025 - Imran Hossain - CTG,,
Done,DECM25,21-Dec,Xiaomi TV A 2025 65 Inch,3,70000,210000,FM Electronics,Ctg,8801824946334,,,,No Preference,,,0025 - Imran Hossain - CTG,,
Done,DECM25,24-Dec,Xiaomi A Pro 43 Inch QLED TV 2026,1,40990,40990,Sayed Tanvir Hossain,"House 49/A, Road 4/A, Dhanmondi, Dhaka",8801714085765,,,,No Preference,Ref: MD Sir,,B2C,,
Done,DECM25,28-Dec,Xiaomi TV A 2025 65 Inch,1,70000,70000,UB Electronics ,"House: 4, Road: 17, Sector: 13, Uttara",8801866222090,,,,Self Delivery,,,0035 - Md.Rejaul Islam Sujon,,
Done,DECM25,30-Dec,Xiaomi TV A 2025 65 Inch,20,61000,1220000,Jitu,Alpona Plaza,8801723863710,,,,Self Delivery,,0,B2B,,
Done,Janu26,4-Jan,"Xiaomi TV A Pro 75"" QLED 2025",1,135990,135990,Mr. Biplob,"House# 25, Road# 02, Block #A, Dhaka Uddan, Mohammadpur, Dhaka",8801711524828,,,,No Preference,MD Sir Order,,B2C,,
Done,Janu26,5-Jan,Xiaomi TV A 2025 65 Inch,1,70000,70000,Silver Water Technologies Bangladesh Limited,"Plot: 9, ka/kha Ground Floor, Dhaka 1215, Tejgaon",8801708127036,,,,Self Delivery,,0,B2B,,
Done,Janu26,5-Jan,Xiaomi TV A 2025 65 Inch,2,70000,140000,Pretty Group,"House # 5/A, Road # 94, Gulshan- 2, Dhaka-1212, Bangladesh",8801992055664,,"S.suhi Industrial park ltd, Ashulia, Zamgora, Savar, Dhaka",,Self Delivery,,0,B2B,,
Done,Janu26,5-Jan,A2 12K VIOMI AC Split (Non-Inverter) 1 Ton,1,35000,35000,Cartup,"Rahman's Regnum Centre, Level 6, 191/1, Tejgaon C/A, Dhaka - 1208",8801321153711,,,,Self Delivery,,0,E-Com,,
Done,Janu26,5-Jan,Xiaomi TV A 2025 65 Inch,1,70000,70000,UB Electronics ,Uttara,8801745308008,Enroute International Limited ,"bKash Rampura Distribution House Level-4, House 391, DIT Road, West Rampura, Dhaka-1219",01947-624396,Self Delivery,,,0035 - Md.Rejaul Islam Sujon,,
Done,Janu26,6-Jan,Mi Jumbo Gel Ink Pen,1,545,545,Daraz,"Asfia Tower - 76, Road-11, Block-E,  Banani ",8801847420050,,,,No Preference,,,E-Com,,
Done,Janu26,7-Jan,Xiaomi TV A 2025 65 Inch,5,70000,350000,Star Tech & Engineering Limited,"6th floor, 28 Kazi Nazrul Islam Ave,Navana Zohura Square, Dhaka 1000.",8801709995415,,"127 Hazaribagh Road, Dhaka 1209 (Near tannery More Jame Mosjid) Former Apex  Tannery ",,Self Delivery,,0,B2B,,
Done,Janu26,10-Jan,Xiaomi TV A 2025 65 Inch,1,70000,70000,UB Electronics ,Uttara,8801745308008,,,,Self Delivery,,,0035 - Md.Rejaul Islam Sujon,,
Done,Janu26,11-Jan,Xiaomi TV A 2025 65 Inch,1,72000,72000,Susmita,"Flat 11-C, House- Zabel Ozora apartment , Plot- 1150,1151,1168,1169, Road- 27-28 (old-17&18)Basundhara Block I.","01770551873, 01819223791, 01745798680",,,,Self Delivery,,0,B2C,,
Done,Janu26,13-Jan,Xiaomi TV A 2025 65 Inch,4,70000,280000,Fakir Technologies Limited ,"89/2 Haque Chamber, West Panthapath, Dhaka-1215, Bangladesh.",8801711702395,,,,Self Delivery,Contact Person Name : Diganta Bhai,,0033 - Imran Hossain - DHK,,
Done,Janu26,13-Jan,A2 24K VIOMI AC Split (Non-Inverter) 2 Ton,2,57000,114000,Mr. Sujan,শংকর ইবনেসিনের অপোজিট হাউজ নাম্বার 67/B,8801613816610,,,,Self Delivery,MD Sir Order,0,B2C,,
Done,Janu26,15-Jan,A2 18K VIOMI AC Split (Non-Inverter) 1.5 Ton,2,43500,87000,Star Tech & Engineering Limited,"6th floor, 28 Kazi Nazrul Islam Ave,Navana Zohura Square, Dhaka 1000.",8801709995415,,"Shop-1303/1304, Level-13, Multiplan Center, New Elephant Road, Dhaka-1205.",,Self Delivery,,0,B2B,,
Done,Janu26,19-Jan,Mi Dual Mode Wireless Mouse Silent Edition,1,1090,1090,Silver Water Technologies Bangladesh Limited,"Plot: 9, ka/kha Ground Floor, Dhaka 1215, Tejgaon",8801708127036,,,,Self Pick,,,E-Com,,
Done,Janu26,20-Jan,Mi Dual Mode Wireless Mouse Silent Edition,1,1090,1090,Silver Water Technologies Bangladesh Limited,"Plot: 9, ka/kha Ground Floor, Dhaka 1215, Tejgaon",8801708127036,,,,Self Delivery,,0,E-Com,,
Done,Janu26,21-Jan,Xiaomi TV A 2025 65 Inch,2,70000,140000,Chowdhury Electronics ,Alpona Plaza ,8801917810576,,,,Self Delivery,,,0033 - Imran Hossain - DHK,,
Done,Janu26,24-Jan,A2 18K VIOMI AC Split (Non-Inverter) 1.5 Ton,1,42500,42500,Cartup,"Rahman's Regnum Centre, Level 6, 191/1, Tejgaon C/A, Dhaka - 1208",8801321153711,,,,Self Pick,,,E-Com,,
Done,Janu26,25-Jan,Xiaomi TV A 2025 65 Inch,1,70000,70000,Silver Water Technologies Bangladesh Limited,"Plot: 9, ka/kha Ground Floor, Dhaka 1215, Tejgaon	",8801708127036,,,,Self Delivery,,,E-Com,,
Done,Janu26,26-Jan,Xiaomi TV A 2025 65 Inch,7,70000,490000,Bj Electronics,Ctg,8801734640607,,,,No Preference,,,0025 - Imran Hossain - CTG,,
Done,Janu26,28-Jan,Xiaomi TV A 2025 65 Inch,2,70000,140000,Chowdhury Electronics ,Alpona Plaza ,8801917810576,,,,Self Delivery,,,0033 - Imran Hossain - DHK,,
Done,Janu26,31-Jan,Xiaomi TV A 2025 65 Inch,2,70000,140000,Chowdhury Electronics ,Alpona Plaza ,8801917810576,,,,Self Delivery,,,0033 - Imran Hossain - DHK,,
Done,Febr26,1-Feb,Xiaomi TV A 2025 65 Inch,2,70000,140000,Silver Water Technologies Bangladesh Limited,"Plot: 9, ka/kha Ground Floor, Dhaka 1215, Tejgaon",8801708127036,,,,Self Delivery,,0,E-Com,,
Done,Febr26,1-Feb,Mi Dual Mode Wireless Mouse Silent Edition,9,700,6300,Digital Innovation Fair,China Friendship Center,8801708521482,,,,Self Delivery,,0,B2B,,
Done,Febr26,1-Feb,Mi Jumbo Gel Ink Pen,1,600,600,Digital Innovation Fair,China Friendship Center,8801708521482,,,,Self Delivery,,0,B2B,,
Done,Febr26,1-Feb,Mi Motion-Activated Night Light 2,2,800,1600,Digital Innovation Fair,China Friendship Center,8801708521482,,,,Self Delivery,,0,B2B,,
Done,Febr26,2-Feb,Xiaomi TV A 2025 65 Inch,1,70000,70000,Computer Mela,"Beside Shonali Bank,Sadar,Jhenaidah ",8801712766642,,,,Sundarban,,,0026 - Ohidul Islam,,
Done,Febr26,3-Feb,Mi Dual Mode Wireless Mouse Silent Edition,1,1090,1090,Cartup,"Rahman's Regnum Centre, Level 6, 191/1, Tejgaon C/A, Dhaka - 1208",8801321153711,,,,Self Delivery,,0,E-Com,,
Done,Febr26,3-Feb,Xiaomi TV A 2025 65 Inch,1,70000,70000,Ratul Mobile Gallery ,"120 Siddik Bazar, Dhaka",8801976564268,,,,Self Delivery,Another Contact Number : 01676151051,,0033 - Imran Hossain - DHK,,
Done,Febr26,5-Feb,Xiaomi TV A 2025 65 Inch,5,70000,350000,Star Tech & Engineering Limited,"6th floor, 28 Kazi Nazrul Islam Ave,Navana Zohura Square, Dhaka 1000.",8801709995415,Star Tech Ltd. ,"Central warehouse  127 Hazaribagh Road, Dhaka 1209 (Near tannery More Jame Mosjid) Former Apex  Tannery",01713-651665 ,Self Delivery,,,E-Com,,
Done,Febr26,5-Feb,Xiaomi TV A Pro 43 Inch,1,37000,37000,Nilima Akhter,"H#105/A, Kathalabagan, tiloker goli, Dhaka - 1205",8801717037262,,,,Self Delivery,,,B2C,,
Done,Febr26,5-Feb,Xiaomi TV A 2025 65 Inch,5,70000,350000,Star Tech & Engineering Limited,"6th floor, 28 Kazi Nazrul Islam Ave,Navana Zohura Square, Dhaka 1000.",8801709995415,Star Tech Ltd,"Central warehouse  127 Hazaribagh Road, Dhaka 1209 (Near tannery More Jame Mosjid) Former Apex  Tannery ",01713-651665 ,Self Delivery,,,E-Com,,
Done,Febr26,7-Feb,Xiaomi TV A 2025 65 Inch,2,70000,140000,UB Electronics ,"04, Road- 17, Sector- 13, Uttara, Dhaka- 1230",8801765591144,,,,Self Delivery,,,0035 - Md.Rejaul Islam Sujon,,
Done,Febr26,7-Feb,Xiaomi TV A 2025 65 Inch,3,70000,210000,Chowdhury Electronics ,Alpona Plaza ,8801917810576,,,,Self Delivery,,,0033 - Imran Hossain - DHK,,
Done,Febr26,7-Feb,Xiaomi TV A 2025 65 Inch,2,70000,140000,Pretty Group,"House # 5/A, Road # 94, Gulshan- 2, Dhaka-1212, Bangladesh",8801992055664, ,"Salna, Gazipur",,Self Delivery,,,E-Com,,
Done,Febr26,8-Feb,Xiaomi TV A 2025 65 Inch,1,72000,72000,Robishop,"FlingEx Warehouse. 159/C Tejgaon Industrial Area, Dhaka, Bangladesh.",8801833623322,Mohammad abdul hi Siddique,"Masterpara, Gaibandha sadar ,Gaibandha,1200",01833184570,Self Delivery,,0,E-Com,,
Done,Febr26,8-Feb,A2 18K VIOMI AC Split (Non-Inverter) 1.5 Ton,1,43000,43000,M/S Nurul Enterprise,Sohrawardi College Banorgati Khulna ,8801923404406,,,,Self Delivery,,0,B2B,,
Done,Febr26,10-Feb,Xiaomi TV A 2025 65 Inch,1,70000,70000,Success Computer ,Mymensingh sadar,8801711682184,,"+880 1769-112345 Brig Gen Fida Mahmud House no 304, Building name: Chandramollika  Mirpur Cantonment",+880 1769-112345 ,Self Delivery,,,0094 - Shaharia Khan,,
Done,Febr26,15-Feb,Xiaomi TV A 2025 65 Inch,1,70000,70000,Tv Bazar ,Multiplan,8801881584115,,Bosundhora city basement 2 shop 16 ,01920105216,Self Delivery,,,0033 - Imran Hossain - DHK,,
Done,Febr26,15-Feb,Xiaomi TV A 2025 65 Inch,1,70000,70000,Md Shahab,Opposite Shankar Ibnesin House No. 67/B,8801613816610,,,,No Preference,MD Sir Order,,B2B,,
Done,Febr26,16-Feb,Xiaomi TV A 2025 65 Inch,10,70000,700000,Bj Electronics,Ctg,8801734640607,,,,No Preference,,,0025 - Imran Hossain - CTG,,
Done,Febr26,16-Feb,Xiaomi TV A 2025 65 Inch,5,70000,350000,FM Electronics,Ctg,8801734640607,,,,No Preference,,,0025 - Imran Hossain - CTG,,
Done,Febr26,18-Feb,Xiaomi TV A 2025 65 Inch,1,70000,70000,FM Electronics,Ctg,8801824946334,Mr Salauddin Majumder,"House no-308,road no-8A(old 15) flat no-B5,,left -5,,dhanmondi, Dhaka,beside diamond hotel.",01973464218,No Preference,,,0025 - Imran Hossain - CTG,,
Done,Febr26,18-Feb,Xiaomi Air Fryer Essential 6L,2,8203,16406,Shamim Electronics ,"প্যাকেজিং মসজিদ, ব্লক: ডি, এভিনিউ : ৫, হোল্ডিং :১/১, বিদ্যুৎ অফিস এর উত্তর পাশে , জল্লাদখানা-জুটপট্টি সংলগ্ন রোড, মিরপুর ১০ নং গোলচত্বর, Dhaka 1216",8801911004589,,,,Sundarban,,,0035 - Md.Rejaul Islam Sujon,,
Done,Febr26,18-Feb,Xiaomi TV A 2025 65 Inch,2,70000,140000,Chowdhury Electronics ,Alpona Plaza ,8801917810576,,,,Self Delivery,,,0033 - Imran Hossain - DHK,,
Done,Febr26,19-Feb,Xiaomi TV A 2025 65 Inch,2,70000,140000,Success Computer ,"18, Durgabari road, Mymensingh ",8801711682184,,,,Sundarban,,,0094 - Shaharia Khan,,
Done,Febr26,19-Feb,Xiaomi Air Fryer Essential 6L,5,8203,41015,Wholesale Electronics Narayanganj ,"Rajdhani Apurba Tower, Cashara, Narayanganj (Puraton ABC School)",8801888018887,,,,Sundarban,,,0112 - Ahasanul Kabir,,
Done,Febr26,19-Feb,Xiaomi TV A 2025 65 Inch,1,70000,70000,Silver Water Technologies Bangladesh Limited,"Plot: 9, ka/kha Ground Floor, Dhaka 1215, Tejgaon",8801708127036,,,,Self Delivery,,,E-Com,,
Done,Febr26,22-Feb,A2 18K VIOMI AC Split (Non-Inverter) 1.5 Ton,1,43000,43000,M/S Nurul Enterprise,Sohrawardi College Banorgati Khulna ,8801923404406,,,,Sundarban,,0,B2B,,
Done,Febr26,23-Feb,Redmi Buds 6 Play Black,1,1148,1148,Cartup,"Rahman's Regnum Centre, Level 6, 191/1, Tejgaon C/A, Dhaka - 1208",8801321153711,,,,Self Delivery,,0,E-Com,,
Done,Febr26,26-Feb,Xiaomi TV A 2025 65 Inch,6,70000,420000,Shamim Electronics ,"North side of desco, Jolladkhana, Mirpur 10",8801999949933,,,,Self Delivery,,,0035 - Md.Rejaul Islam Sujon,,
Done,Febr26,26-Feb,Redmi Buds 6 Play Black,1,1148,1148,Cartup,"Rahman's Regnum Centre, Level 6, 191/1, Tejgaon C/A, Dhaka - 1208",8801321153711,,,,Self Delivery,,0,E-Com,,
Done,Febr26,26-Feb,Xiaomi Air Fryer Essential 6L,2,8203,16406,Computer Park,"Sheak para more,24-25 KDA Avenue, Sadar,Khulna.",8801521240931,,,,Sundarban,,,0026 - Ohidul Islam,,
Done,Marc26,1-Mar,Redmi Buds 6 Play Black,1,1148,1148,Cartup,"Rahman's Regnum Centre, Level 6, 191/1, Tejgaon C/A, Dhaka - 1208",8801321153711,,,,Self Delivery,,0,E-Com,,
Done,Marc26,1-Mar,Xiaomi Air Fryer Essential 6L,5,8203,41015,World Electronics ,"Beside Serebangla Ideal School, Hakkani Mosjid 2nd floor,Polashpur Donia Sonirakhra",8801718244366,,,,Self Delivery,,,0033 - Imran Hossain - DHK,,
Done,Marc26,1-Mar,Xiaomi TV A 2025 65 Inch,10,70000,700000,Star Tech & Engineering Limited,"6th floor, 28 Kazi Nazrul Islam Ave,Navana Zohura Square, Dhaka 1000.",8801709995415,,"Central warehouse  127 Hazaribagh Road, Dhaka 1209 (Near tannery More Jame Mosjid) Former Apex  Tannery", 01713-651665 ,Self Delivery,,,E-Com,,
Done,Marc26,3-Mar,Xiaomi TV A 2025 65 Inch,1,75000,75000,Xiaomi Technologies Bangladesh Private Limited,"Concord Silvy, Plot # CWS A, 11A Gulshan Ave, Dhaka 1212",8801600344911,Tuba Enterprise ,"Tmss market, Sadar Bogura",8801772032783,Sundarban,,0,B2B,,
Done,Marc26,4-Mar,Xiaomi TV A 2025 65 Inch,5,70000,350000,Chowdhury Electronics ,Alpona Plaza ,8801917810576,,,,Self Delivery,,,0033 - Imran Hossain - DHK,,
Done,Marc26,4-Mar,Xiaomi TV A 2025 65 Inch,1,70000,70000,Silver Water Technologies Bangladesh Limited,"Plot: 9, ka/kha Ground Floor, Dhaka 1215, Tejgaon",8801708127036,,,,Self Delivery,,0,E-Com,,
Done,Marc26,5-Mar,Xiaomi TV A 2025 65 Inch,1,75000,75000,Xiaomi Technologies Bangladesh Private Limited,"Concord Silvy, Plot # CWS A, 11A Gulshan Ave, Dhaka 1212",8801600344911,Ishat Enterprise,Rasel Shopping Market (1st Floor) Katakhali More-Fakirhat-Bagerhat-9350,8801711338176,Self Delivery,,0,B2B,,
Done,Marc26,5-Mar,Xiaomi TV A 2025 65 Inch,1,75000,75000,Xiaomi Technologies Bangladesh Private Limited,"Concord Silvy, Plot # CWS A, 11A Gulshan Ave, Dhaka 1212",8801600344911,SH Telecom,Basundhara City- Dhaka.,8801739617845,Self Delivery,,0,B2B,,
Done,Marc26,5-Mar,"Xiaomi TV A2 55""",1,52990,52990,Mr Sujan,"Dhanmondi, Dhaka",8801613816610,,,,Self Delivery,,0,B2C,,
Done,Marc26,5-Mar,Xiaomi TV A 2025 65 Inch,1,70000,70000,UB Electronics ,Uttara,8801765591144,,,,Self Pick,,,0035 - Md.Rejaul Islam Sujon,,
Done,Marc26,7-Mar,Xiaomi TV A 2025 65 Inch,1,75000,75000,Xiaomi Technologies Bangladesh Private Limited,"Concord Silvy, Plot # CWS A, 11A Gulshan Ave, Dhaka 1212",8801600344911,Sunfia Telecom,1st Floor-Zilla Parishad Super Market-Station Road-Rangpur,8801963915131,Self Delivery,,0,B2B,,
Done,Marc26,8-Mar,Xiaomi TV A 2025 65 Inch,1,75000,75000,Xiaomi Technologies Bangladesh Private Limited,"Concord Silvy, Plot # CWS A, 11A Gulshan Ave, Dhaka 1212",8801600344911,Messrs Soha Enterprise | Partner Tangail (RDS),House-10- Block-A- Taltola- Akur Takur Para- Tangail,8801727012342,Sundarban,,0,B2B,,
Done,Marc26,8-Mar,Xiaomi TV A 2025 65 Inch,2,70000,140000,Super electronics ,"Latif centre, Zinda Bazar Sylhet ",8801712124747,,,,Sundarban,,,0094 - Shaharia Khan,,
Done,Marc26,9-Mar,Xiaomi TV A 2025 65 Inch,1,75000,75000,Xiaomi Technologies Bangladesh Private Limited,"Concord Silvy, Plot # CWS A, 11A Gulshan Ave, Dhaka 1212",8801600344911,S M Enterprise | Partner Cox's Bazar (RDS),Ashrafia Barmis Market-Main Road Cox’s Bazar-Bangladesh,8801865594733,Self Delivery,,0,B2B,,
Done,Marc26,9-Mar,A2 24K VIOMI AC Split (Non-Inverter) 2 Ton,1,57000,57000,Amaya Industries,Amaya Industries HQ,8801753919191,,,,Self Delivery,,0,B2B,,
Done,Marc26,9-Mar,Xiaomi TV A 2025 65 Inch,1,70000,70000,Wholesale Electronics City,"Adabor mosjid Market, 2nd floor, Mohammadpur ",8801935770110,,,,Self Delivery,,,0033 - Imran Hossain - DHK,,
Done,Marc26,10-Mar,Xiaomi TV A 2025 65 Inch,1,75000,75000,Xiaomi Technologies Bangladesh Private Limited,"Concord Silvy, Plot # CWS A, 11A Gulshan Ave, Dhaka 1212",8801600344911,"World Trade Center-Mirpur, (RDS)","House-1010,9th Floor,Shah Ali Plaza, Mirpur 10, Dhaka 1216.",1914300743,Self Delivery,,0,B2B,,
Done,Marc26,10-Mar,Xiaomi TV A 2025 65 Inch,1,70000,70000,Silver Water Technologies Bangladesh Limited,"Plot: 9, ka/kha Ground Floor, Dhaka 1215, Tejgaon",8801708127036,,,,Self Delivery,,0,E-Com,,
Done,Marc26,12-Mar,A2 12K VIOMI AC Split (Non-Inverter) 1 Ton,1,35000,35000,Success Computer ,Mymensingh sadar,8801711682184," Lt Col Humayun House 26, road 5,  janata housing,  Taltola, (Panir Tank ar Pichone),  Agargoan, Dhaka. 01769021501","Delivery to  Lt Col Humayun House 26, road 5,  janata housing,  Taltola, (Panir Tank ar Pichone),  Agargoan, Dhaka. ",01769021501,Sundarban,,,0094 - Shaharia Khan,,
Done,Marc26,12-Mar,Xiaomi TV A 2025 65 Inch,1,75000,75000,Xiaomi Technologies Bangladesh Private Limited,"Concord Silvy, Plot # CWS A, 11A Gulshan Ave, Dhaka 1212",8801600344911,Vagabond Mobile Sales Center | Partner Barisal (RDS),Adv. Shahin complex-2nd floor- kakolir more Barisal Sadar.,8801708499460,Self Delivery,,0,B2B,,
Done,Marc26,15-Mar,Xiaomi TV A 2025 65 Inch,1,70000,70000,Bepari Telecom ,"Savar City center, 4th Floor, Shop No : 3045",8801714466680,,,,Self Delivery,,,0033 - Imran Hossain - DHK,,
Done,Marc26,15-Mar,Xiaomi TV A 2025 65 Inch,1,70000,70000,Silver Water Technologies Bangladesh Limited,"Plot: 9, ka/kha Ground Floor, Dhaka 1215, Tejgaon",8801708127036,,,,Self Delivery,,,E-Com,,
Done,Marc26,16-Mar,Xiaomi TV A 2025 65 Inch,1,70000,70000,Deens Mobile,"Level: 04.Block: C.Shop: 21.Jamuna Future Park, Dhaka.",8801841910067,,,,Self Delivery,,0,B2B,,
Done,Marc26,29-Mar,Xiaomi TV A 2025 65 Inch,1,70000,70000,New Friends Electronics ,"Shop no 29, Stadium 1 no gate",8801817097172,,,,Self Pick,Advanced already in his ledger 1 Lac ,,0033 - Imran Hossain - DHK,,
Done,Marc26,29-Mar,Xiaomi TV A 2025 65 Inch,1,70000,70000,Deens Mobile,"Level: 04.Block: C.Shop: 21.Jamuna Future Park, Dhaka",8801841910067,Sumon Chakrobarty,"Deens Jashore Holding No-37 Rokon Tower M.K Road, Bongobazar, Jessore.",01720346267,Sundarban,,,B2C,,
Cancelation,Marc26,29-Mar,Xiaomi TV A 2025 65 Inch,,,0,Success Computer ,"Success Computer & Engineers 
18, Durgabari road 
Mymensingh 
01711682184",1711682184,,,,Sundarban,,,0094 - Shaharia Khan,,
Done,Marc26,29-Mar,Xiaomi TV A 2025 65 Inch,2,70000,140000,New Friends Electronics ,"Stadium 1 no Gate, Shop No : 29",8801817097172,,,,Self Delivery,,,0033 - Imran Hossain - DHK,,
Done,Marc26,30-Mar,Mi Dual Mode Wireless Mouse Silent Edition,1,1090,1090,Cartup,"Rahman's Regnum Centre, Level 6, 191/1, Tejgaon C/A, Dhaka - 1208",8801321153711,,,,Self Delivery,,0,E-Com,,
Done,Marc26,31-Mar,Mi Dual Mode Wireless Mouse Silent Edition,1,1090,1090,Silver Water Technologies Bangladesh Limited,"Plot: 9, ka/kha Ground Floor, Dhaka 1215, Tejgaon",8801708127036,,,,Self Pick,,0,E-Com,,
Done,Apr26,1-Apr,Xiaomi Air Fryer 6L,1,8203,8203,Sofiq electronics ,"Modhukhali Bazar, Modhukhali, Faridpur ",8801705033553,,,,Sundarban,,,0026 - Ohidul Islam,,
Done,Apr26,9-Apr,Xiaomi TV A 2025 65 Inch,1,70000,70000,Md Mahfujur Rahman Ohi,"Air Headquarter, Dhaka Cantonment",8801769993102,,,,Self Pick,,,0035 - Md.Rejaul Islam Sujon,,
Done,Apr26,11-Apr,Xiaomi TV A 2025 65 Inch,8,70000,560000,Star Tech & Engineering Limited,"6th floor, 28 Kazi Nazrul Islam Ave,Navana Zohura Square, Dhaka 1000.",8801709995415,,,,Self Delivery,,0,B2B,,
Done,Apr26,13-Apr,Xiaomi TV A 2025 65 Inch,1,70000,70000,Abu Naser Ahmed,"House-29 (2nd floor), Road-12, Block-C, Mirpur-12 , Near 2no ward community centre","01755556125, 01819288646",,,,Self Delivery,,0,B2B,,
Done,Apr26,13-Apr,Redmi Buds 6 Play Black,1,1148,1148,Cartup,"Rahman's Regnum Centre, Level 6, 191/1, Tejgaon C/A, Dhaka - 1208",8801321153711,,,,Self Delivery,,0,E-Com,,
Done,Apr26,13-Apr,A2 24K VIOMI AC Split (Non-Inverter) 2 Ton,3,53500,160500,MS Shiraj & co,"505,Alauddin tower,garrikhana Road,Jessore. ",8801711805320,,,,Sundarban,,,0026 - Ohidul Islam,,
Done,Apr26,15-Apr,Xiaomi Air Fryer 6L,2,8203,16406,Smart home appliance ,"Alipur,sadar,Faridpur ",8801318300516,,,,Sundarban,,,0026 - Ohidul Islam,,
Done,Apr26,15-Apr,A2 24K VIOMI AC Split (Non-Inverter) 2 Ton,15,56000,840000,Osman Agro Industries,"Akhera, Mohadevpur, Naogaon",8801761491551,,,,Self Delivery,,,B2C,,
Done,Apr26,16-Apr,A2 24K VIOMI AC Split (Non-Inverter) 2 Ton,1,53500,53500,M/S Shiraz & Co,"505,Alauddin Tower,8Garikhana Road,sadar,Jessore. ",8801711805320,,,,Sundarban,,,0026 - Ohidul Islam,,
Done,Apr26,18-Apr,Redmi Buds 6 Play Black,2,1148,2296,Cartup,"Rahman's Regnum Centre, Level 6, 191/1, Tejgaon C/A, Dhaka - 1208",8801321153711,,,,Self Pick,,0,E-Com,,
Done,Apr26,18-Apr,Redmi Buds 6 Play Blue,1,1148,1148,Cartup,"Rahman's Regnum Centre, Level 6, 191/1, Tejgaon C/A, Dhaka - 1208",8801321153711,,,,Self Delivery,,0,E-Com,,
Done,Apr26,20-Apr,Mi Dual Mode Wireless Mouse Silent Edition,1,1090,1090,Cartup,"Rahman's Regnum Centre, Level 6, 191/1, Tejgaon C/A, Dhaka - 1208",8801321153711,,,,Self Delivery,,0,E-Com,,
Done,Apr26,22-Apr,A2 12K VIOMI AC Split (Non-Inverter) 1 Ton,2,35000,70000,Star Tech & Engineering Limited,"6th floor, 28 Kazi Nazrul Islam Ave,Navana Zohura Square, Dhaka 1000.",8801709995415,,,,Self Delivery,,0,B2B,,
Done,Apr26,22-Apr,Xiaomi TV A 2025 65 Inch,1,70000,70000,Silver Water Technologies Bangladesh Limited,"Plot: 9, ka/kha Ground Floor, Dhaka 1215, Tejgaon",8801708127036,,,,Self Delivery,,0,E-Com,,
Done,Apr26,22-Apr,Xiaomi TV A 2025 65 Inch,5,70000,350000,New Friends Electronics ,"Stadium 1 no gate, Shop No 29",8801817097172,,,,No Preference,,,0033 - Imran Hossain - DHK,,
Done,Apr26,23-Apr,A2 24K VIOMI AC Split (Non-Inverter) 2 Ton,1,56000,56000,M/S Nurul Enterprise,Sohrawardi College Banorgati Khulna ,8801923404406,,,,Sundarban,,0,B2B,,
Done,Apr26,26-Apr,A2 24K VIOMI AC Split (Non-Inverter) 2 Ton,2,53500,107000,M/S Shiraz & Co,"8 garikhana road,505 Alauddin tower, Jessore ",8801711805320,Sk.Babar Ali. Intraco(BD) Associated Ltd.," Intraco(BD) Associated Ltd. 78, Motijheel C/A, 5th Floor, Dhaka-1000. ",8801713018593,Self Pick,,,0026 - Ohidul Islam,,
Done,Apr26,26-Apr,A2 12K VIOMI AC Split (Non-Inverter) 1 Ton,5,35000,175000,Star Tech & Engineering Limited,"6th floor, 28 Kazi Nazrul Islam Ave,Navana Zohura Square, Dhaka 1000.",8801709995415,Star Tech Ltd,"Central warehouse , 127 Hazaribagh Road, Dhaka 1209 (Near tannery More Jame Mosjid) Former Apex  Tannery ",01713-651665,Self Delivery,,,E-Com,,
Done,Apr26,27-Apr,Xiaomi TV A 2025 65 Inch,1,72000,72000,Mahtab International,"41/A, Maloncha Abashik Area, Opda Road, Savar, Dhaka",8801714109272,,,,Self Delivery,,0,B2B,,
Done,Apr26,27-Apr,Xiaomi TV A 2025 65 Inch,1,70000,70000,UB Electronics ,Uttara,8801765591144,,,,Self Delivery,,,0035 - Md.Rejaul Islam Sujon,,
,May26,3-May,"Xiaomi TV A Pro 43"" QLED 2025",1,37000,37000,Salauddin Ahmed ,"Mukto Bangla Shopping, Level: 3, Shop: 411",8801675330769,Shamim Electronics ,"Jolladkhana, North Side of desco, Mirpur 10 ",,Self Delivery,,,0035 - Md.Rejaul Islam Sujon,,
,May26,13-May,"Xiaomi TV A Pro 43"" QLED 2025",1,40990,40990,Shohan Electronics ,Hard metal gallery Dakbangla khulna,8801726728024,,,,Self Delivery,,0,B2B,,
,May26,10-Jun,A2 12K VIOMI AC Split (Non-Inverter) 1 Ton,1,35000,35000,Masum,Jhenaidah sadar ,8801792433805,,,,Sundarban,,0,B2C,,
,May26,2-Jul,Mi Dual Mode Wireless Mouse Silent Edition,1,1090,1090,Cartup,"Rahman's Regnum Centre, Level 6, 191/1, Tejgaon C/A, Dhaka - 1208",8801321153711,,,,Self Delivery,,0,B2B,,
,May26,4-Jul,A2 12K VIOMI AC Split (Non-Inverter) 1 Ton,1,35000,35000,Star Tech & Engineering Limited,"6th floor, 28 Kazi Nazrul Islam Ave,Navana Zohura Square, Dhaka 1000.",8801709995415,,"Shop-1303/1304, Level-13, Multiplan Center, New Elephant Road, Dhaka-1205.",,Self Delivery,,0,B2B,,
,May26,19-Jul,Mi Dual Mode Wireless Mouse Silent Edition,1,1090,1090,Cartup,"Rahman's Regnum Centre, Level 6, 191/1, Tejgaon C/A, Dhaka - 1208",8801321153711,,,,Self Delivery,,0,E-Com,,
,May26,25-Jul,A2 24K VIOMI AC Split (Non-Inverter) 2 Ton,2,56000,112000,Osman Agro Industries,"Akhera, Mohadevpur, Naogaon",8801761491551,,,,Self Delivery,,0,B2B,,
,May26,27-Jul,Mi Dual Mode Wireless Mouse Silent Edition,1,1090,1090,Cartup,"Rahman's Regnum Centre, Level 6, 191/1, Tejgaon C/A, Dhaka - 1208",8801321153711,,,,Self Delivery,,0,E-Com,,
,May26,2-Aug,A2 24K VIOMI AC Split (Non-Inverter) 2 Ton,3,56000,168000,Mizan Bhai (MD sir),"Turkish bazaar & Resturent Road 13/C house 48 block E, Banani",8801711541356,,,,No Preference,,0,B2C,,
,May26,16-Aug,A2 24K VIOMI AC Split (Non-Inverter) 2 Ton,1,56000,56000,Star Tech & Engineering Limited,"6th floor, 28 Kazi Nazrul Islam Ave,Navana Zohura Square, Dhaka 1000.",8801709995415,,,,Self Delivery,,0,B2B,,
,May26,27-Aug,A2 24K VIOMI AC Split (Non-Inverter) 2 Ton,1,54000,54000,M/S Nurul Enterprise,Sohrawardi College Banorgati Khulna ,8801923404406,,,,Self Delivery,,0,B2B,,
,May26,9-Sep,A2 12K VIOMI AC Split (Non-Inverter) 1 Ton,1,35000,35000,Star Tech & Engineering Limited,"6th floor, 28 Kazi Nazrul Islam Ave,Navana Zohura Square, Dhaka 1000.",8801709995415,,"Shop-1303/1304, Level-13, Multiplan Center, New Elephant Road, Dhaka-1205.",,Self Delivery,,0,B2B,,
,May26,12-Sep,A2 12K VIOMI AC Split (Non-Inverter) 1 Ton,1,35000,35000,Base Corporation,"Suite - 1/A, Level - 6, Sahera Tropical Center, 218 New Elephant Road, Dhaka - 1205",8801976896744,,,,Self Delivery,,0,B2B,,
,May26,17-Sep,A2 24K VIOMI AC Split (Non-Inverter) 2 Ton,1,55000,55000,Electropia Limited,"149/2, Arambagh, Motijheel, Dhaka-1000",8801638333111,,,,Self Delivery,,0,B2C,,
,May26,,,,,0,,,,,,,,,,,,
,May26,,,,,0,,,,,,,,,,,,
,May26,,,,,0,,,,,,,,,,,,
,May26,,,,,0,,,,,,,,,,,,
,May26,,,,,0,,,,,,,,,,,,
,May26,,,,,0,,,,,,,,,,,,
,May26,,,,,0,,,,,,,,,,,,
,May26,,,,,0,,,,,,,,,,,,
,May26,,,,,0,,,,,,,,,,,,
,May26,,,,,0,,,,,,,,,,,,
,May26,,,,,0,,,,,,,,,,,,
,May26,,,,,0,,,,,,,,,,,,
,May26,,,,,0,,,,,,,,,,,,
,May26,,,,,0,,,,,,,,,,,,
,May26,,,,,0,,,,,,,,,,,,
,May26,,,,,0,,,,,,,,,,,,
,May26,,,,,0,,,,,,,,,,,,
,May26,,,,,0,,,,,,,,,,,,
,May26,,,,,0,,,,,,,,,,,,
,May26,,,,,0,,,,,,,,,,,,
,May26,,,,,0,,,,,,,,,,,,
,May26,,,,,0,,,,,,,,,,,,
,May26,,,,,0,,,,,,,,,,,,
,May26,,,,,0,,,,,,,,,,,,
,May26,,,,,0,,,,,,,,,,,,
,May26,,,,,0,,,,,,,,,,,,
,May26,,,,,0,,,,,,,,,,,,
,May26,,,,,0,,,,,,,,,,,,
,May26,,,,,0,,,,,,,,,,,,
,May26,,,,,0,,,,,,,,,,,,
,May26,,,,,0,,,,,,,,,,,,
,May26,,,,,0,,,,,,,,,,,,
,May26,,,,,0,,,,,,,,,,,,
,May26,,,,,0,,,,,,,,,,,,
,May26,,,,,0,,,,,,,,,,,,
,May26,,,,,0,,,,,,,,,,,,
,May26,,,,,0,,,,,,,,,,,,
,May26,,,,,0,,,,,,,,,,,,
,May26,,,,,0,,,,,,,,,,,,
,May26,,,,,0,,,,,,,,,,,,
,May26,,,,,0,,,,,,,,,,,,
,May26,,,,,0,,,,,,,,,,,,
,May26,,,,,0,,,,,,,,,,,,
,May26,,,,,0,,,,,,,,,,,,
,May26,,,,,0,,,,,,,,,,,,
,May26,,,,,0,,,,,,,,,,,,
,May26,,,,,0,,,,,,,,,,,,
,May26,,,,,0,,,,,,,,,,,,
,May26,,,,,0,,,,,,,,,,,,
,May26,,,,,0,,,,,,,,,,,,
,May26,,,,,0,,,,,,,,,,,,
,May26,,,,,0,,,,,,,,,,,,
,May26,,,,,0,,,,,,,,,,,,
,May26,,,,,0,,,,,,,,,,,,
,May26,,,,,0,,,,,,,,,,,,
,May26,,,,,0,,,,,,,,,,,,
,May26,,,,,0,,,,,,,,,,,,
,May26,,,,,0,,,,,,,,,,,,
,May26,,,,,0,,,,,,,,,,,,
,May26,,,,,0,,,,,,,,,,,,
,May26,,,,,0,,,,,,,,,,,,
,May26,,,,,0,,,,,,,,,,,,
,May26,,,,,0,,,,,,,,,,,,
,May26,,,,,0,,,,,,,,,,,,
,May26,,,,,0,,,,,,,,,,,,
,May26,,,,,0,,,,,,,,,,,,
,May26,,,,,0,,,,,,,,,,,,
,May26,,,,,0,,,,,,,,,,,,
,May26,,,,,0,,,,,,,,,,,,
,May26,,,,,0,,,,,,,,,,,,
,May26,,,,,0,,,,,,,,,,,,
,May26,,,,,0,,,,,,,,,,,,
,May26,,,,,0,,,,,,,,,,,,
,May26,,,,,0,,,,,,,,,,,,
,May26,,,,,0,,,,,,,,,,,,
,May26,,,,,0,,,,,,,,,,,,
,May26,,,,,0,,,,,,,,,,,,
,May26,,,,,0,,,,,,,,,,,,
,May26,,,,,0,,,,,,,,,,,,
,May26,,,,,0,,,,,,,,,,,,
,May26,,,,,0,,,,,,,,,,,,
,May26,,,,,0,,,,,,,,,,,,
,May26,,,,,0,,,,,,,,,,,,
,May26,,,,,0,,,,,,,,,,,,
,May26,,,,,0,,,,,,,,,,,,
,May26,,,,,0,,,,,,,,,,,,
,May26,,,,,0,,,,,,,,,,,,
,May26,,,,,0,,,,,,,,,,,,
,May26,,,,,0,,,,,,,,,,,,
,May26,,,,,0,,,,,,,,,,,,
,May26,,,,,0,,,,,,,,,,,,
,May26,,,,,0,,,,,,,,,,,,
,May26,,,,,0,,,,,,,,,,,,
,May26,,,,,0,,,,,,,,,,,,
,May26,,,,,0,,,,,,,,,,,,
,May26,,,,,0,,,,,,,,,,,,
,May26,,,,,0,,,,,,,,,,,,
,May26,,,,,0,,,,,,,,,,,,
,May26,,,,,0,,,,,,,,,,,,
,May26,,,,,0,,,,,,,,,,,,
,May26,,,,,0,,,,,,,,,,,,
,May26,,,,,0,,,,,,,,,,,,
,May26,,,,,0,,,,,,,,,,,,
,May26,,,,,0,,,,,,,,,,,,
,May26,,,,,0,,,,,,,,,,,,
,May26,,,,,0,,,,,,,,,,,,
,May26,,,,,0,,,,,,,,,,,,
,May26,,,,,0,,,,,,,,,,,,
,May26,,,,,0,,,,,,,,,,,,
,May26,,,,,0,,,,,,,,,,,,
,May26,,,,,0,,,,,,,,,,,,
,May26,,,,,0,,,,,,,,,,,,
,May26,,,,,0,,,,,,,,,,,,
,May26,,,,,0,,,,,,,,,,,,
,May26,,,,,0,,,,,,,,,,,,
,May26,,,,,0,,,,,,,,,,,,
,May26,,,,,0,,,,,,,,,,,,
,May26,,,,,0,,,,,,,,,,,,
,May26,,,,,0,,,,,,,,,,,,
,May26,,,,,0,,,,,,,,,,,,
,,,,,,0,,,,,,,,,,,,
,,,,,,0,,,,,,,,,,,,
,,,,,,0,,,,,,,,,,,,
,,,,,,0,,,,,,,,,,,,
,,,,,,0,,,,,,,,,,,,
,,,,,,0,,,,,,,,,,,,
,,,,,,0,,,,,,,,,,,,
,,,,,,0,,,,,,,,,,,,
,,,,,,0,,,,,,,,,,,,
,,,,,,0,,,,,,,,,,,,
,,,,,,0,,,,,,,,,,,,
,,,,,,0,,,,,,,,,,,,
,,,,,,0,,,,,,,,,,,,
,,,,,,0,,,,,,,,,,,,
,,,,,,0,,,,,,,,,,,,
,,,,,,0,,,,,,,,,,,,
,,,,,,0,,,,,,,,,,,,
,,,,,,0,,,,,,,,,,,,
,,,,,,0,,,,,,,,,,,,
,,,,,,0,,,,,,,,,,,,
,,,,,,0,,,,,,,,,,,,
,,,,,,0,,,,,,,,,,,,
,,,,,,0,,,,,,,,,,,,
,,,,,,0,,,,,,,,,,,,
,,,,,,0,,,,,,,,,,,,
,,,,,,0,,,,,,,,,,,,
,,,,,,0,,,,,,,,,,,,
,,,,,,0,,,,,,,,,,,,
,,,,,,0,,,,,,,,,,,,
,,,,,,0,,,,,,,,,,,,
,,,,,,0,,,,,,,,,,,,
,,,,,,0,,,,,,,,,,,,
,,,,,,0,,,,,,,,,,,,
,,,,,,0,,,,,,,,,,,,
,,,,,,0,,,,,,,,,,,,
,,,,,,0,,,,,,,,,,,,
,,,,,,0,,,,,,,,,,,,
,,,,,,0,,,,,,,,,,,,
,,,,,,0,,,,,,,,,,,,
,,,,,,0,,,,,,,,,,,,
,,,,,,0,,,,,,,,,,,,
,,,,,,0,,,,,,,,,,,,
,,,,,,0,,,,,,,,,,,,
,,,,,,0,,,,,,,,,,,,
,,,,,,0,,,,,,,,,,,,
,,,,,,0,,,,,,,,,,,,
,,,,,,0,,,,,,,,,,,,
,,,,,,0,,,,,,,,,,,,
,,,,,,0,,,,,,,,,,,,
,,,,,,0,,,,,,,,,,,,
,,,,,,0,,,,,,,,,,,,
,,,,,,0,,,,,,,,,,,,
,,,,,,0,,,,,,,,,,,,
,,,,,,0,,,,,,,,,,,,
,,,,,,0,,,,,,,,,,,,
,,,,,,0,,,,,,,,,,,,
,,,,,,0,,,,,,,,,,,,
,,,,,,0,,,,,,,,,,,,
,,,,,,0,,,,,,,,,,,,
,,,,,,0,,,,,,,,,,,,
,,,,,,0,,,,,,,,,,,,
,,,,,,0,,,,,,,,,,,,
,,,,,,0,,,,,,,,,,,,
,,,,,,0,,,,,,,,,,,,
,,,,,,0,,,,,,,,,,,,
,,,,,,0,,,,,,,,,,,,
,,,,,,0,,,,,,,,,,,,
,,,,,,0,,,,,,,,,,,,
,,,,,,0,,,,,,,,,,,,
,,,,,,0,,,,,,,,,,,,
,,,,,,0,,,,,,,,,,,,
,,,,,,0,,,,,,,,,,,,
,,,,,,0,,,,,,,,,,,,
,,,,,,0,,,,,,,,,,,,
,,,,,,0,,,,,,,,,,,,
,,,,,,0,,,,,,,,,,,,
,,,,,,0,,,,,,,,,,,,
,,,,,,0,,,,,,,,,,,,
,,,,,,0,,,,,,,,,,,,
,,,,,,0,,,,,,,,,,,,
,,,,,,0,,,,,,,,,,,,
,,,,,,0,,,,,,,,,,,,
,,,,,,0,,,,,,,,,,,,
,,,,,,0,,,,,,,,,,,,
,,,,,,0,,,,,,,,,,,,
,,,,,,0,,,,,,,,,,,,
,,,,,,0,,,,,,,,,,,,
,,,,,,0,,,,,,,,,,,,
,,,,,,0,,,,,,,,,,,,
,,,,,,0,,,,,,,,,,,,
,,,,,,0,,,,,,,,,,,,
,,,,,,0,,,,,,,,,,,,
,,,,,,0,,,,,,,,,,,,
,,,,,,0,,,,,,,,,,,,
,,,,,,0,,,,,,,,,,,,
,,,,,,0,,,,,,,,,,,,
,,,,,,0,,,,,,,,,,,,
,,,,,,0,,,,,,,,,,,,
,,,,,,0,,,,,,,,,,,,
,,,,,,0,,,,,,,,,,,,
,,,,,,0,,,,,,,,,,,,
,,,,,,0,,,,,,,,,,,,
,,,,,,0,,,,,,,,,,,,
,,,,,,0,,,,,,,,,,,,
,,,,,,0,,,,,,,,,,,,
,,,,,,0,,,,,,,,,,,,
,,,,,,0,,,,,,,,,,,,
,,,,,,0,,,,,,,,,,,,
,,,,,,0,,,,,,,,,,,,
,,,,,,0,,,,,,,,,,,,
,,,,,,0,,,,,,,,,,,,
,,,,,,0,,,,,,,,,,,,
,,,,,,0,,,,,,,,,,,,
,,,,,,0,,,,,,,,,,,,
,,,,,,0,,,,,,,,,,,,
,,,,,,0,,,,,,,,,,,,
,,,,,,0,,,,,,,,,,,,
,,,,,,0,,,,,,,,,,,,
,,,,,,0,,,,,,,,,,,,
,,,,,,0,,,,,,,,,,,,
,,,,,,0,,,,,,,,,,,,
,,,,,,0,,,,,,,,,,,,
,,,,,,0,,,,,,,,,,,,
,,,,,,0,,,,,,,,,,,,
,,,,,,0,,,,,,,,,,,,
,,,,,,0,,,,,,,,,,,,
,,,,,,0,,,,,,,,,,,,
,,,,,,0,,,,,,,,,,,,
,,,,,,0,,,,,,,,,,,,
,,,,,,0,,,,,,,,,,,,
,,,,,,0,,,,,,,,,,,,
,,,,,,0,,,,,,,,,,,,
,,,,,,0,,,,,,,,,,,,
,,,,,,0,,,,,,,,,,,,
,,,,,,0,,,,,,,,,,,,
,,,,,,0,,,,,,,,,,,,
,,,,,,0,,,,,,,,,,,,
,,,,,,0,,,,,,,,,,,,
,,,,,,0,,,,,,,,,,,,
,,,,,,0,,,,,,,,,,,,
,,,,,,0,,,,,,,,,,,,
,,,,,,0,,,,,,,,,,,,
,,,,,,0,,,,,,,,,,,,
,,,,,,0,,,,,,,,,,,,
,,,,,,0,,,,,,,,,,,,
,,,,,,0,,,,,,,,,,,,
,,,,,,0,,,,,,,,,,,,
,,,,,,0,,,,,,,,,,,,
,,,,,,0,,,,,,,,,,,,
,,,,,,0,,,,,,,,,,,,
,,,,,,0,,,,,,,,,,,,
,,,,,,0,,,,,,,,,,,,
,,,,,,0,,,,,,,,,,,,
,,,,,,0,,,,,,,,,,,,
,,,,,,0,,,,,,,,,,,,
,,,,,,0,,,,,,,,,,,,
,,,,,,0,,,,,,,,,,,,
,,,,,,0,,,,,,,,,,,,
,,,,,,0,,,,,,,,,,,,
,,,,,,0,,,,,,,,,,,,
,,,,,,0,,,,,,,,,,,,
,,,,,,0,,,,,,,,,,,,
,,,,,,0,,,,,,,,,,,,
,,,,,,0,,,,,,,,,,,,
,,,,,,0,,,,,,,,,,,,
,,,,,,0,,,,,,,,,,,,
,,,,,,0,,,,,,,,,,,,
,,,,,,0,,,,,,,,,,,,
,,,,,,0,,,,,,,,,,,,
,,,,,,0,,,,,,,,,,,,
,,,,,,0,,,,,,,,,,,,
,,,,,,0,,,,,,,,,,,,
,,,,,,0,,,,,,,,,,,,
,,,,,,0,,,,,,,,,,,,
,,,,,,0,,,,,,,,,,,,
,,,,,,0,,,,,,,,,,,,
,,,,,,0,,,,,,,,,,,,
,,,,,,0,,,,,,,,,,,,
,,,,,,0,,,,,,,,,,,,
,,,,,,0,,,,,,,,,,,,
,,,,,,0,,,,,,,,,,,,
,,,,,,0,,,,,,,,,,,,
,,,,,,0,,,,,,,,,,,,
,,,,,,0,,,,,,,,,,,,
,,,,,,0,,,,,,,,,,,,
,,,,,,0,,,,,,,,,,,,
,,,,,,0,,,,,,,,,,,,
,,,,,,0,,,,,,,,,,,,
,,,,,,0,,,,,,,,,,,,
,,,,,,0,,,,,,,,,,,,
,,,,,,0,,,,,,,,,,,,
,,,,,,0,,,,,,,,,,,,
,,,,,,0,,,,,,,,,,,,
,,,,,,0,,,,,,,,,,,,
,,,,,,0,,,,,,,,,,,,
,,,,,,0,,,,,,,,,,,,
,,,,,,0,,,,,,,,,,,,
,,,,,,0,,,,,,,,,,,,
,,,,,,0,,,,,,,,,,,,
,,,,,,0,,,,,,,,,,,,
,,,,,,0,,,,,,,,,,,,
,,,,,,0,,,,,,,,,,,,
,,,,,,0,,,,,,,,,,,,
,,,,,,0,,,,,,,,,,,,
,,,,,,0,,,,,,,,,,,,
,,,,,,0,,,,,,,,,,,,
,,,,,,0,,,,,,,,,,,,
,,,,,,0,,,,,,,,,,,,
,,,,,,0,,,,,,,,,,,,
,,,,,,0,,,,,,,,,,,,
,,,,,,0,,,,,,,,,,,,
,,,,,,0,,,,,,,,,,,,
,,,,,,0,,,,,,,,,,,,
,,,,,,0,,,,,,,,,,,,
,,,,,,0,,,,,,,,,,,,
,,,,,,0,,,,,,,,,,,,
,,,,,,0,,,,,,,,,,,,
,,,,,,0,,,,,,,,,,,,
,,,,,,0,,,,,,,,,,,,
,,,,,,0,,,,,,,,,,,,
,,,,,,0,,,,,,,,,,,,
,,,,,,0,,,,,,,,,,,,
,,,,,,0,,,,,,,,,,,,
,,,,,,0,,,,,,,,,,,,
,,,,,,0,,,,,,,,,,,,
,,,,,,0,,,,,,,,,,,,
,,,,,,0,,,,,,,,,,,,
,,,,,,0,,,,,,,,,,,,
,,,,,,0,,,,,,,,,,,,
,,,,,,0,,,,,,,,,,,,
,,,,,,0,,,,,,,,,,,,
,,,,,,0,,,,,,,,,,,,
,,,,,,0,,,,,,,,,,,,
,,,,,,0,,,,,,,,,,,,
,,,,,,0,,,,,,,,,,,,
,,,,,,0,,,,,,,,,,,,
,,,,,,0,,,,,,,,,,,,
,,,,,,0,,,,,,,,,,,,
,,,,,,0,,,,,,,,,,,,
,,,,,,0,,,,,,,,,,,,
,,,,,,0,,,,,,,,,,,,
,,,,,,0,,,,,,,,,,,,
,,,,,,0,,,,,,,,,,,,
,,,,,,0,,,,,,,,,,,,
,,,,,,0,,,,,,,,,,,,
,,,,,,0,,,,,,,,,,,,
,,,,,,0,,,,,,,,,,,,
,,,,,,0,,,,,,,,,,,,
,,,,,,0,,,,,,,,,,,,
,,,,,,0,,,,,,,,,,,,
,,,,,,0,,,,,,,,,,,,
,,,,,,0,,,,,,,,,,,,
,,,,,,0,,,,,,,,,,,,
,,,,,,0,,,,,,,,,,,,
,,,,,,0,,,,,,,,,,,,
,,,,,,0,,,,,,,,,,,,
,,,,,,0,,,,,,,,,,,,
,,,,,,0,,,,,,,,,,,,
,,,,,,0,,,,,,,,,,,,
,,,,,,0,,,,,,,,,,,,
,,,,,,0,,,,,,,,,,,,
,,,,,,0,,,,,,,,,,,,
,,,,,,0,,,,,,,,,,,,
,,,,,,0,,,,,,,,,,,,
,,,,,,0,,,,,,,,,,,,
,,,,,,0,,,,,,,,,,,,
,,,,,,0,,,,,,,,,,,,
,,,,,,0,,,,,,,,,,,,
,,,,,,0,,,,,,,,,,,,
,,,,,,0,,,,,,,,,,,,
,,,,,,0,,,,,,,,,,,,
,,,,,,0,,,,,,,,,,,,
,,,,,,0,,,,,,,,,,,,
,,,,,,0,,,,,,,,,,,,
,,,,,,0,,,,,,,,,,,,
,,,,,,0,,,,,,,,,,,,
,,,,,,0,,,,,,,,,,,,
,,,,,,0,,,,,,,,,,,,
,,,,,,0,,,,,,,,,,,,
,,,,,,0,,,,,,,,,,,,
,,,,,,0,,,,,,,,,,,,
,,,,,,0,,,,,,,,,,,,
,,,,,,0,,,,,,,,,,,,
,,,,,,0,,,,,,,,,,,,
,,,,,,0,,,,,,,,,,,,
,,,,,,0,,,,,,,,,,,,
,,,,,,0,,,,,,,,,,,,
,,,,,,0,,,,,,,,,,,,
,,,,,,0,,,,,,,,,,,,
,,,,,,0,,,,,,,,,,,,
,,,,,,0,,,,,,,,,,,,
,,,,,,0,,,,,,,,,,,,
,,,,,,0,,,,,,,,,,,,
,,,,,,0,,,,,,,,,,,,
,,,,,,0,,,,,,,,,,,,
,,,,,,0,,,,,,,,,,,,
,,,,,,0,,,,,,,,,,,,
,,,,,,0,,,,,,,,,,,,
,,,,,,0,,,,,,,,,,,,
,,,,,,0,,,,,,,,,,,,
,,,,,,0,,,,,,,,,,,,
,,,,,,0,,,,,,,,,,,,
,,,,,,0,,,,,,,,,,,,
,,,,,,0,,,,,,,,,,,,
,,,,,,0,,,,,,,,,,,,
,,,,,,0,,,,,,,,,,,,
,,,,,,0,,,,,,,,,,,,
,,,,,,0,,,,,,,,,,,,
,,,,,,0,,,,,,,,,,,,
,,,,,,0,,,,,,,,,,,,
,,,,,,0,,,,,,,,,,,,
,,,,,,0,,,,,,,,,,,,
,,,,,,0,,,,,,,,,,,,
,,,,,,0,,,,,,,,,,,,
,,,,,,0,,,,,,,,,,,,
,,,,,,0,,,,,,,,,,,,
,,,,,,0,,,,,,,,,,,,
,,,,,,0,,,,,,,,,,,,
,,,,,,0,,,,,,,,,,,,
,,,,,,0,,,,,,,,,,,,
,,,,,,0,,,,,,,,,,,,
,,,,,,0,,,,,,,,,,,,
,,,,,,0,,,,,,,,,,,,
,,,,,,0,,,,,,,,,,,,
,,,,,,0,,,,,,,,,,,,
,,,,,,0,,,,,,,,,,,,
,,,,,,0,,,,,,,,,,,,
,,,,,,0,,,,,,,,,,,,
,,,,,,0,,,,,,,,,,,,
,,,,,,0,,,,,,,,,,,,
,,,,,,0,,,,,,,,,,,,
,,,,,,0,,,,,,,,,,,,
,,,,,,0,,,,,,,,,,,,
,,,,,,0,,,,,,,,,,,,
,,,,,,0,,,,,,,,,,,,
,,,,,,0,,,,,,,,,,,,
,,,,,,0,,,,,,,,,,,,
,,,,,,0,,,,,,,,,,,,
,,,,,,0,,,,,,,,,,,,
,,,,,,0,,,,,,,,,,,,
,,,,,,0,,,,,,,,,,,,
,,,,,,0,,,,,,,,,,,,
,,,,,,0,,,,,,,,,,,,
,,,,,,0,,,,,,,,,,,,
,,,,,,0,,,,,,,,,,,,
,,,,,,0,,,,,,,,,,,,
,,,,,,0,,,,,,,,,,,,
,,,,,,0,,,,,,,,,,,,
,,,,,,0,,,,,,,,,,,,
,,,,,,0,,,,,,,,,,,,
,,,,,,0,,,,,,,,,,,,
,,,,,,0,,,,,,,,,,,,
,,,,,,0,,,,,,,,,,,,
,,,,,,0,,,,,,,,,,,,
,,,,,,0,,,,,,,,,,,,
,,,,,,0,,,,,,,,,,,,
,,,,,,0,,,,,,,,,,,,
,,,,,,0,,,,,,,,,,,,
,,,,,,0,,,,,,,,,,,,
,,,,,,0,,,,,,,,,,,,
,,,,,,0,,,,,,,,,,,,
,,,,,,0,,,,,,,,,,,,
,,,,,,0,,,,,,,,,,,,
,,,,,,0,,,,,,,,,,,,
,,,,,,0,,,,,,,,,,,,
,,,,,,0,,,,,,,,,,,,
,,,,,,0,,,,,,,,,,,,
,,,,,,0,,,,,,,,,,,,
,,,,,,0,,,,,,,,,,,,
,,,,,,0,,,,,,,,,,,,
,,,,,,0,,,,,,,,,,,,
,,,,,,0,,,,,,,,,,,,
,,,,,,0,,,,,,,,,,,,
,,,,,,0,,,,,,,,,,,,
,,,,,,0,,,,,,,,,,,,
,,,,,,0,,,,,,,,,,,,
,,,,,,0,,,,,,,,,,,,
,,,,,,0,,,,,,,,,,,,
,,,,,,0,,,,,,,,,,,,
,,,,,,0,,,,,,,,,,,,
,,,,,,0,,,,,,,,,,,,
,,,,,,0,,,,,,,,,,,,
,,,,,,0,,,,,,,,,,,,
,,,,,,0,,,,,,,,,,,,
,,,,,,0,,,,,,,,,,,,
,,,,,,0,,,,,,,,,,,,
,,,,,,0,,,,,,,,,,,,
,,,,,,0,,,,,,,,,,,,
,,,,,,0,,,,,,,,,,,,
,,,,,,0,,,,,,,,,,,,
,,,,,,0,,,,,,,,,,,,
,,,,,,0,,,,,,,,,,,,
,,,,,,0,,,,,,,,,,,,
,,,,,,0,,,,,,,,,,,,
,,,,,,0,,,,,,,,,,,,
,,,,,,0,,,,,,,,,,,,
,,,,,,0,,,,,,,,,,,,
,,,,,,0,,,,,,,,,,,,
,,,,,,0,,,,,,,,,,,,
,,,,,,0,,,,,,,,,,,,
,,,,,,0,,,,,,,,,,,,
,,,,,,0,,,,,,,,,,,,
,,,,,,0,,,,,,,,,,,,
,,,,,,0,,,,,,,,,,,,
,,,,,,0,,,,,,,,,,,,
,,,,,,0,,,,,,,,,,,,
,,,,,,0,,,,,,,,,,,,
,,,,,,0,,,,,,,,,,,,
,,,,,,0,,,,,,,,,,,,
,,,,,,0,,,,,,,,,,,,
,,,,,,0,,,,,,,,,,,,
,,,,,,0,,,,,,,,,,,,
,,,,,,0,,,,,,,,,,,,
,,,,,,0,,,,,,,,,,,,
,,,,,,0,,,,,,,,,,,,
,,,,,,0,,,,,,,,,,,,
,,,,,,0,,,,,,,,,,,,
,,,,,,0,,,,,,,,,,,,
,,,,,,0,,,,,,,,,,,,
,,,,,,0,,,,,,,,,,,,
,,,,,,0,,,,,,,,,,,,
,,,,,,0,,,,,,,,,,,,
,,,,,,0,,,,,,,,,,,,
,,,,,,0,,,,,,,,,,,,
,,,,,,0,,,,,,,,,,,,
,,,,,,0,,,,,,,,,,,,
,,,,,,0,,,,,,,,,,,,
,,,,,,0,,,,,,,,,,,,
,,,,,,0,,,,,,,,,,,,
,,,,,,0,,,,,,,,,,,,
,,,,,,0,,,,,,,,,,,,
,,,,,,0,,,,,,,,,,,,
,,,,,,0,,,,,,,,,,,,
,,,,,,0,,,,,,,,,,,,
,,,,,,0,,,,,,,,,,,,
,,,,,,0,,,,,,,,,,,,
,,,,,,0,,,,,,,,,,,,
,,,,,,0,,,,,,,,,,,,
,,,,,,0,,,,,,,,,,,,
,,,,,,0,,,,,,,,,,,,
,,,,,,0,,,,,,,,,,,,
,,,,,,0,,,,,,,,,,,,
,,,,,,0,,,,,,,,,,,,
,,,,,,0,,,,,,,,,,,,
,,,,,,0,,,,,,,,,,,,
,,,,,,0,,,,,,,,,,,,
,,,,,,0,,,,,,,,,,,,
,,,,,,0,,,,,,,,,,,,
,,,,,,0,,,,,,,,,,,,
,,,,,,0,,,,,,,,,,,,
,,,,,,0,,,,,,,,,,,,
,,,,,,0,,,,,,,,,,,,
,,,,,,0,,,,,,,,,,,,
,,,,,,0,,,,,,,,,,,,
,,,,,,0,,,,,,,,,,,,
,,,,,,0,,,,,,,,,,,,
,,,,,,0,,,,,,,,,,,,
,,,,,,0,,,,,,,,,,,,
,,,,,,0,,,,,,,,,,,,
,,,,,,0,,,,,,,,,,,,
,,,,,,0,,,,,,,,,,,,
,,,,,,0,,,,,,,,,,,,
,,,,,,0,,,,,,,,,,,,
,,,,,,0,,,,,,,,,,,,
,,,,,,0,,,,,,,,,,,,
,,,,,,0,,,,,,,,,,,,
,,,,,,0,,,,,,,,,,,,
,,,,,,0,,,,,,,,,,,,
,,,,,,0,,,,,,,,,,,,
,,,,,,0,,,,,,,,,,,,
,,,,,,0,,,,,,,,,,,,
,,,,,,0,,,,,,,,,,,,
,,,,,,0,,,,,,,,,,,,
,,,,,,0,,,,,,,,,,,,
,,,,,,0,,,,,,,,,,,,
,,,,,,0,,,,,,,,,,,,
,,,,,,0,,,,,,,,,,,,
,,,,,,0,,,,,,,,,,,,
,,,,,,0,,,,,,,,,,,,
,,,,,,0,,,,,,,,,,,,
,,,,,,0,,,,,,,,,,,,
,,,,,,0,,,,,,,,,,,,
,,,,,,0,,,,,,,,,,,,
,,,,,,0,,,,,,,,,,,,
,,,,,,0,,,,,,,,,,,,
,,,,,,0,,,,,,,,,,,,
,,,,,,0,,,,,,,,,,,,
,,,,,,0,,,,,,,,,,,,
,,,,,,0,,,,,,,,,,,,
,,,,,,0,,,,,,,,,,,,
,,,,,,0,,,,,,,,,,,,
,,,,,,0,,,,,,,,,,,,
,,,,,,0,,,,,,,,,,,,
,,,,,,0,,,,,,,,,,,,
,,,,,,0,,,,,,,,,,,,
,,,,,,0,,,,,,,,,,,,
,,,,,,0,,,,,,,,,,,,
,,,,,,0,,,,,,,,,,,,
,,,,,,0,,,,,,,,,,,,
,,,,,,0,,,,,,,,,,,,
,,,,,,0,,,,,,,,,,,,
,,,,,,0,,,,,,,,,,,,
,,,,,,0,,,,,,,,,,,,
,,,,,,0,,,,,,,,,,,,
,,,,,,0,,,,,,,,,,,,
,,,,,,0,,,,,,,,,,,,
,,,,,,0,,,,,,,,,,,,
,,,,,,0,,,,,,,,,,,,
,,,,,,0,,,,,,,,,,,,
,,,,,,0,,,,,,,,,,,,
,,,,,,0,,,,,,,,,,,,
,,,,,,0,,,,,,,,,,,,
,,,,,,0,,,,,,,,,,,,
,,,,,,0,,,,,,,,,,,,
,,,,,,0,,,,,,,,,,,,
,,,,,,0,,,,,,,,,,,,
,,,,,,0,,,,,,,,,,,,
,,,,,,0,,,,,,,,,,,,
,,,,,,0,,,,,,,,,,,,
,,,,,,0,,,,,,,,,,,,
,,,,,,0,,,,,,,,,,,,
,,,,,,0,,,,,,,,,,,,
,,,,,,0,,,,,,,,,,,,
,,,,,,0,,,,,,,,,,,,
,,,,,,0,,,,,,,,,,,,
,,,,,,0,,,,,,,,,,,,
,,,,,,0,,,,,,,,,,,,
,,,,,,0,,,,,,,,,,,,
,,,,,,0,,,,,,,,,,,,
,,,,,,0,,,,,,,,,,,,
,,,,,,0,,,,,,,,,,,,
,,,,,,0,,,,,,,,,,,,
,,,,,,0,,,,,,,,,,,,
,,,,,,0,,,,,,,,,,,,
,,,,,,0,,,,,,,,,,,,
,,,,,,0,,,,,,,,,,,,
,,,,,,0,,,,,,,,,,,,
,,,,,,0,,,,,,,,,,,,
,,,,,,0,,,,,,,,,,,,
,,,,,,0,,,,,,,,,,,,
,,,,,,0,,,,,,,,,,,,
,,,,,,0,,,,,,,,,,,,
,,,,,,0,,,,,,,,,,,,
,,,,,,0,,,,,,,,,,,,
,,,,,,0,,,,,,,,,,,,
,,,,,,0,,,,,,,,,,,,
,,,,,,0,,,,,,,,,,,,
,,,,,,0,,,,,,,,,,,,
,,,,,,0,,,,,,,,,,,,
,,,,,,0,,,,,,,,,,,,
,,,,,,0,,,,,,,,,,,,
,,,,,,0,,,,,,,,,,,,
,,,,,,0,,,,,,,,,,,,
,,,,,,0,,,,,,,,,,,,
,,,,,,0,,,,,,,,,,,,
,,,,,,0,,,,,,,,,,,,
,,,,,,0,,,,,,,,,,,,
,,,,,,0,,,,,,,,,,,,
,,,,,,0,,,,,,,,,,,,
,,,,,,0,,,,,,,,,,,,
,,,,,,0,,,,,,,,,,,,
,,,,,,0,,,,,,,,,,,,
,,,,,,0,,,,,,,,,,,,
,,,,,,0,,,,,,,,,,,,
,,,,,,0,,,,,,,,,,,,
,,,,,,0,,,,,,,,,,,,
,,,,,,0,,,,,,,,,,,,
,,,,,,0,,,,,,,,,,,,
,,,,,,0,,,,,,,,,,,,
,,,,,,0,,,,,,,,,,,,
,,,,,,0,,,,,,,,,,,,
,,,,,,0,,,,,,,,,,,,
,,,,,,0,,,,,,,,,,,,
,,,,,,0,,,,,,,,,,,,
,,,,,,0,,,,,,,,,,,,
,,,,,,0,,,,,,,,,,,,
,,,,,,0,,,,,,,,,,,,
,,,,,,0,,,,,,,,,,,,
,,,,,,0,,,,,,,,,,,,
,,,,,,0,,,,,,,,,,,,
,,,,,,0,,,,,,,,,,,,
,,,,,,0,,,,,,,,,,,,
,,,,,,0,,,,,,,,,,,,
,,,,,,0,,,,,,,,,,,,
,,,,,,0,,,,,,,,,,,,
,,,,,,0,,,,,,,,,,,,
,,,,,,0,,,,,,,,,,,,
,,,,,,0,,,,,,,,,,,,
,,,,,,0,,,,,,,,,,,,
,,,,,,0,,,,,,,,,,,,
,,,,,,0,,,,,,,,,,,,
,,,,,,0,,,,,,,,,,,,
,,,,,,0,,,,,,,,,,,,
,,,,,,0,,,,,,,,,,,,
,,,,,,0,,,,,,,,,,,,
,,,,,,0,,,,,,,,,,,,
,,,,,,0,,,,,,,,,,,,
,,,,,,0,,,,,,,,,,,,
,,,,,,0,,,,,,,,,,,,
,,,,,,0,,,,,,,,,,,,
,,,,,,0,,,,,,,,,,,,
,,,,,,0,,,,,,,,,,,,
,,,,,,0,,,,,,,,,,,,
,,,,,,0,,,,,,,,,,,,
,,,,,,0,,,,,,,,,,,,
,,,,,,0,,,,,,,,,,,,
,,,,,,0,,,,,,,,,,,,
,,,,,,0,,,,,,,,,,,,
,,,,,,0,,,,,,,,,,,,
,,,,,,0,,,,,,,,,,,,
,,,,,,0,,,,,,,,,,,,
,,,,,,0,,,,,,,,,,,,
,,,,,,0,,,,,,,,,,,,
,,,,,,0,,,,,,,,,,,,
,,,,,,0,,,,,,,,,,,,
,,,,,,0,,,,,,,,,,,,
,,,,,,0,,,,,,,,,,,,
,,,,,,0,,,,,,,,,,,,
,,,,,,0,,,,,,,,,,,,
,,,,,,0,,,,,,,,,,,,
,,,,,,0,,,,,,,,,,,,
,,,,,,0,,,,,,,,,,,,
,,,,,,0,,,,,,,,,,,,
,,,,,,0,,,,,,,,,,,,
,,,,,,0,,,,,,,,,,,,
,,,,,,0,,,,,,,,,,,,
,,,,,,0,,,,,,,,,,,,
,,,,,,0,,,,,,,,,,,,
,,,,,,0,,,,,,,,,,,,
,,,,,,0,,,,,,,,,,,,
,,,,,,0,,,,,,,,,,,,
,,,,,,0,,,,,,,,,,,,
,,,,,,0,,,,,,,,,,,,
,,,,,,0,,,,,,,,,,,,
,,,,,,0,,,,,,,,,,,,
,,,,,,0,,,,,,,,,,,,
,,,,,,0,,,,,,,,,,,,
,,,,,,0,,,,,,,,,,,,
,,,,,,0,,,,,,,,,,,,
,,,,,,0,,,,,,,,,,,,
,,,,,,0,,,,,,,,,,,,
,,,,,,0,,,,,,,,,,,,
,,,,,,0,,,,,,,,,,,,
,,,,,,0,,,,,,,,,,,,
,,,,,,0,,,,,,,,,,,,
,,,,,,0,,,,,,,,,,,,
,,,,,,0,,,,,,,,,,,,
,,,,,,0,,,,,,,,,,,,
,,,,,,0,,,,,,,,,,,,
,,,,,,0,,,,,,,,,,,,
,,,,,,0,,,,,,,,,,,,
,,,,,,0,,,,,,,,,,,,
,,,,,,0,,,,,,,,,,,,
,,,,,,0,,,,,,,,,,,,
,,,,,,0,,,,,,,,,,,,
,,,,,,0,,,,,,,,,,,,
,,,,,,0,,,,,,,,,,,,
,,,,,,0,,,,,,,,,,,,
,,,,,,0,,,,,,,,,,,,
,,,,,,0,,,,,,,,,,,,
,,,,,,0,,,,,,,,,,,,
,,,,,,0,,,,,,,,,,,,
,,,,,,0,,,,,,,,,,,,
,,,,,,0,,,,,,,,,,,,
,,,,,,0,,,,,,,,,,,,
,,,,,,0,,,,,,,,,,,,
,,,,,,0,,,,,,,,,,,,
,,,,,,0,,,,,,,,,,,,
,,,,,,0,,,,,,,,,,,,
,,,,,,0,,,,,,,,,,,,
,,,,,,0,,,,,,,,,,,,
,,,,,,0,,,,,,,,,,,,
,,,,,,0,,,,,,,,,,,,
,,,,,,0,,,,,,,,,,,,
,,,,,,0,,,,,,,,,,,,
,,,,,,0,,,,,,,,,,,,
,,,,,,0,,,,,,,,,,,,
,,,,,,0,,,,,,,,,,,,
,,,,,,0,,,,,,,,,,,,
,,,,,,0,,,,,,,,,,,,
,,,,,,0,,,,,,,,,,,,
,,,,,,0,,,,,,,,,,,,
,,,,,,0,,,,,,,,,,,,
,,,,,,0,,,,,,,,,,,,
,,,,,,0,,,,,,,,,,,,
,,,,,,0,,,,,,,,,,,,
,,,,,,0,,,,,,,,,,,,
,,,,,,0,,,,,,,,,,,,
,,,,,,0,,,,,,,,,,,,
,,,,,,0,,,,,,,,,,,,
,,,,,,0,,,,,,,,,,,,
,,,,,,0,,,,,,,,,,,,
,,,,,,0,,,,,,,,,,,,
,,,,,,0,,,,,,,,,,,,
,,,,,,0,,,,,,,,,,,,
,,,,,,0,,,,,,,,,,,,
,,,,,,0,,,,,,,,,,,,
,,,,,,0,,,,,,,,,,,,
,,,,,,0,,,,,,,,,,,,
,,,,,,0,,,,,,,,,,,,
,,,,,,0,,,,,,,,,,,,
,,,,,,0,,,,,,,,,,,,
,,,,,,0,,,,,,,,,,,,
,,,,,,0,,,,,,,,,,,,
,,,,,,0,,,,,,,,,,,,
,,,,,,0,,,,,,,,,,,,
,,,,,,0,,,,,,,,,,,,
,,,,,,0,,,,,,,,,,,,
,,,,,,0,,,,,,,,,,,,
,,,,,,0,,,,,,,,,,,,
,,,,,,0,,,,,,,,,,,,
,,,,,,0,,,,,,,,,,,,
,,,,,,0,,,,,,,,,,,,
,,,,,,0,,,,,,,,,,,,
,,,,,,0,,,,,,,,,,,,
,,,,,,0,,,,,,,,,,,,
,,,,,,0,,,,,,,,,,,,
,,,,,,0,,,,,,,,,,,,
,,,,,,0,,,,,,,,,,,,
,,,,,,0,,,,,,,,,,,,
,,,,,,0,,,,,,,,,,,,
,,,,,,0,,,,,,,,,,,,
,,,,,,0,,,,,,,,,,,,
,,,,,,0,,,,,,,,,,,,
,,,,,,0,,,,,,,,,,,,
,,,,,,0,,,,,,,,,,,,
,,,,,,0,,,,,,,,,,,,
,,,,,,0,,,,,,,,,,,,
,,,,,,0,,,,,,,,,,,,
,,,,,,0,,,,,,,,,,,,
,,,,,,0,,,,,,,,,,,,
,,,,,,0,,,,,,,,,,,,
,,,,,,0,,,,,,,,,,,,
,,,,,,0,,,,,,,,,,,,
,,,,,,0,,,,,,,,,,,,
,,,,,,0,,,,,,,,,,,,
,,,,,,0,,,,,,,,,,,,
,,,,,,0,,,,,,,,,,,,
,,,,,,0,,,,,,,,,,,,
,,,,,,0,,,,,,,,,,,,
,,,,,,0,,,,,,,,,,,,
,,,,,,0,,,,,,,,,,,,
,,,,,,0,,,,,,,,,,,,
,,,,,,0,,,,,,,,,,,,
,,,,,,0,,,,,,,,,,,,
,,,,,,0,,,,,,,,,,,,
,,,,,,0,,,,,,,,,,,,
,,,,,,0,,,,,,,,,,,,
,,,,,,0,,,,,,,,,,,,
,,,,,,0,,,,,,,,,,,,
,,,,,,0,,,,,,,,,,,,
,,,,,,0,,,,,,,,,,,,
,,,,,,0,,,,,,,,,,,,
,,,,,,0,,,,,,,,,,,,
,,,,,,0,,,,,,,,,,,,
,,,,,,0,,,,,,,,,,,,
,,,,,,0,,,,,,,,,,,,
,,,,,,0,,,,,,,,,,,,
,,,,,,0,,,,,,,,,,,,
,,,,,,0,,,,,,,,,,,,
,,,,,,0,,,,,,,,,,,,
,,,,,,0,,,,,,,,,,,,
,,,,,,0,,,,,,,,,,,,
,,,,,,0,,,,,,,,,,,,
,,,,,,0,,,,,,,,,,,,
,,,,,,0,,,,,,,,,,,,
,,,,,,0,,,,,,,,,,,,
,,,,,,0,,,,,,,,,,,,
,,,,,,0,,,,,,,,,,,,
,,,,,,0,,,,,,,,,,,,
,,,,,,0,,,,,,,,,,,,
,,,,,,0,,,,,,,,,,,,
,,,,,,0,,,,,,,,,,,,
,,,,,,0,,,,,,,,,,,,
,,,,,,0,,,,,,,,,,,,
,,,,,,0,,,,,,,,,,,,
,,,,,,0,,,,,,,,,,,,
,,,,,,0,,,,,,,,,,,,
,,,,,,0,,,,,,,,,,,,
,,,,,,0,,,,,,,,,,,,
,,,,,,0,,,,,,,,,,,,
,,,,,,0,,,,,,,,,,,,
,,,,,,0,,,,,,,,,,,,
,,,,,,0,,,,,,,,,,,,
,,,,,,0,,,,,,,,,,,,
,,,,,,0,,,,,,,,,,,,
,,,,,,0,,,,,,,,,,,,
,,,,,,0,,,,,,,,,,,,
,,,,,,0,,,,,,,,,,,,
,,,,,,0,,,,,,,,,,,,
,,,,,,0,,,,,,,,,,,,
,,,,,,0,,,,,,,,,,,,
,,,,,,0,,,,,,,,,,,,
,,,,,,0,,,,,,,,,,,,
,,,,,,0,,,,,,,,,,,,
,,,,,,0,,,,,,,,,,,,
,,,,,,0,,,,,,,,,,,,
,,,,,,0,,,,,,,,,,,,
,,,,,,0,,,,,,,,,,,,
,,,,,,0,,,,,,,,,,,,
,,,,,,0,,,,,,,,,,,,
,,,,,,0,,,,,,,,,,,,
,,,,,,0,,,,,,,,,,,,
,,,,,,0,,,,,,,,,,,,
,,,,,,0,,,,,,,,,,,,
,,,,,,0,,,,,,,,,,,,
,,,,,,0,,,,,,,,,,,,
,,,,,,0,,,,,,,,,,,,
,,,,,,0,,,,,,,,,,,,
,,,,,,0,,,,,,,,,,,,
,,,,,,0,,,,,,,,,,,,
,,,,,,0,,,,,,,,,,,,
,,,,,,0,,,,,,,,,,,,
,,,,,,0,,,,,,,,,,,,
,,,,,,0,,,,,,,,,,,,
,,,,,,0,,,,,,,,,,,,
,,,,,,0,,,,,,,,,,,,
,,,,,,0,,,,,,,,,,,,
,,,,,,0,,,,,,,,,,,,
,,,,,,0,,,,,,,,,,,,
,,,,,,0,,,,,,,,,,,,
,,,,,,0,,,,,,,,,,,,
,,,,,,0,,,,,,,,,,,,
,,,,,,0,,,,,,,,,,,,
,,,,,,0,,,,,,,,,,,,
,,,,,,0,,,,,,,,,,,,
,,,,,,0,,,,,,,,,,,,
,,,,,,0,,,,,,,,,,,,
,,,,,,0,,,,,,,,,,,,
,,,,,,0,,,,,,,,,,,,
,,,,,,0,,,,,,,,,,,,
,,,,,,0,,,,,,,,,,,,
,,,,,,0,,,,,,,,,,,,
,,,,,,0,,,,,,,,,,,,
,,,,,,0,,,,,,,,,,,,
,,,,,,0,,,,,,,,,,,,
,,,,,,0,,,,,,,,,,,,
,,,,,,0,,,,,,,,,,,,
,,,,,,0,,,,,,,,,,,,
,,,,,,0,,,,,,,,,,,,
,,,,,,0,,,,,,,,,,,,
,,,,,,0,,,,,,,,,,,,
,,,,,,0,,,,,,,,,,,,
,,,,,,0,,,,,,,,,,,,
,,,,,,0,,,,,,,,,,,,
,,,,,,0,,,,,,,,,,,,
,,,,,,0,,,,,,,,,,,,
,,,,,,0,,,,,,,,,,,,
,,,,,,0,,,,,,,,,,,,
,,,,,,0,,,,,,,,,,,,
,,,,,,0,,,,,,,,,,,,
,,,,,,0,,,,,,,,,,,,
,,,,,,0,,,,,,,,,,,,
,,,,,,0,,,,,,,,,,,,
,,,,,,0,,,,,,,,,,,,
,,,,,,0,,,,,,,,,,,,
,,,,,,0,,,,,,,,,,,,
,,,,,,0,,,,,,,,,,,,
,,,,,,0,,,,,,,,,,,,
,,,,,,0,,,,,,,,,,,,
,,,,,,0,,,,,,,,,,,,
,,,,,,0,,,,,,,,,,,,
,,,,,,0,,,,,,,,,,,,
,,,,,,0,,,,,,,,,,,,
,,,,,,0,,,,,,,,,,,,
,,,,,,0,,,,,,,,,,,,
,,,,,,0,,,,,,,,,,,,
,,,,,,0,,,,,,,,,,,,
,,,,,,0,,,,,,,,,,,,
,,,,,,0,,,,,,,,,,,,
,,,,,,0,,,,,,,,,,,,
,,,,,,0,,,,,,,,,,,,
,,,,,,0,,,,,,,,,,,,
,,,,,,0,,,,,,,,,,,,
,,,,,,0,,,,,,,,,,,,
,,,,,,0,,,,,,,,,,,,
,,,,,,0,,,,,,,,,,,,
,,,,,,0,,,,,,,,,,,,
,,,,,,0,,,,,,,,,,,,
,,,,,,0,,,,,,,,,,,,
,,,,,,0,,,,,,,,,,,,
,,,,,,0,,,,,,,,,,,,
,,,,,,0,,,,,,,,,,,,
,,,,,,0,,,,,,,,,,,,
,,,,,,0,,,,,,,,,,,,
,,,,,,0,,,,,,,,,,,,
,,,,,,0,,,,,,,,,,,,
,,,,,,0,,,,,,,,,,,,
,,,,,,0,,,,,,,,,,,,
,,,,,,0,,,,,,,,,,,,
,,,,,,0,,,,,,,,,,,,
,,,,,,0,,,,,,,,,,,,
,,,,,,0,,,,,,,,,,,,
,,,,,,0,,,,,,,,,,,,
,,,,,,0,,,,,,,,,,,,
,,,,,,0,,,,,,,,,,,,
,,,,,,0,,,,,,,,,,,,
,,,,,,0,,,,,,,,,,,,
,,,,,,0,,,,,,,,,,,,
,,,,,,0,,,,,,,,,,,,
,,,,,,0,,,,,,,,,,,,
,,,,,,0,,,,,,,,,,,,
,,,,,,0,,,,,,,,,,,,
,,,,,,0,,,,,,,,,,,,
,,,,,,0,,,,,,,,,,,,
,,,,,,0,,,,,,,,,,,,
,,,,,,0,,,,,,,,,,,,
,,,,,,0,,,,,,,,,,,,
,,,,,,0,,,,,,,,,,,,
,,,,,,0,,,,,,,,,,,,
,,,,,,0,,,,,,,,,,,,
,,,,,,0,,,,,,,,,,,,
,,,,,,0,,,,,,,,,,,,
,,,,,,0,,,,,,,,,,,,
,,,,,,0,,,,,,,,,,,,
,,,,,,0,,,,,,,,,,,,
,,,,,,0,,,,,,,,,,,,
,,,,,,0,,,,,,,,,,,,
,,,,,,0,,,,,,,,,,,,
,,,,,,0,,,,,,,,,,,,
,,,,,,0,,,,,,,,,,,,
,,,,,,0,,,,,,,,,,,,
,,,,,,0,,,,,,,,,,,,
,,,,,,0,,,,,,,,,,,,
,,,,,,0,,,,,,,,,,,,
,,,,,,0,,,,,,,,,,,,
,,,,,,0,,,,,,,,,,,,
,,,,,,0,,,,,,,,,,,,
,,,,,,0,,,,,,,,,,,,
,,,,,,0,,,,,,,,,,,,
,,,,,,0,,,,,,,,,,,,
,,,,,,0,,,,,,,,,,,,
,,,,,,0,,,,,,,,,,,,
,,,,,,0,,,,,,,,,,,,
,,,,,,0,,,,,,,,,,,,
,,,,,,0,,,,,,,,,,,,
,,,,,,0,,,,,,,,,,,,
,,,,,,0,,,,,,,,,,,,
,,,,,,0,,,,,,,,,,,,
,,,,,,0,,,,,,,,,,,,
,,,,,,0,,,,,,,,,,,,
,,,,,,0,,,,,,,,,,,,
,,,,,,0,,,,,,,,,,,,
,,,,,,0,,,,,,,,,,,,
,,,,,,0,,,,,,,,,,,,
,,,,,,0,,,,,,,,,,,,
,,,,,,0,,,,,,,,,,,,
,,,,,,0,,,,,,,,,,,,
,,,,,,0,,,,,,,,,,,,
,,,,,,0,,,,,,,,,,,,
,,,,,,0,,,,,,,,,,,,
,,,,,,0,,,,,,,,,,,,
,,,,,,0,,,,,,,,,,,,
,,,,,,0,,,,,,,,,,,,
,,,,,,0,,,,,,,,,,,,
,,,,,,0,,,,,,,,,,,,
,,,,,,0,,,,,,,,,,,,
,,,,,,0,,,,,,,,,,,,
,,,,,,0,,,,,,,,,,,,
,,,,,,0,,,,,,,,,,,,
,,,,,,0,,,,,,,,,,,,
,,,,,,0,,,,,,,,,,,,
,,,,,,0,,,,,,,,,,,,
,,,,,,0,,,,,,,,,,,,
,,,,,,0,,,,,,,,,,,,
,,,,,,0,,,,,,,,,,,,
,,,,,,0,,,,,,,,,,,,
,,,,,,0,,,,,,,,,,,,
,,,,,,0,,,,,,,,,,,,
,,,,,,0,,,,,,,,,,,,
,,,,,,0,,,,,,,,,,,,
,,,,,,0,,,,,,,,,,,,
,,,,,,0,,,,,,,,,,,,
,,,,,,0,,,,,,,,,,,,
,,,,,,0,,,,,,,,,,,,
,,,,,,0,,,,,,,,,,,,
,,,,,,0,,,,,,,,,,,,
,,,,,,0,,,,,,,,,,,,
,,,,,,0,,,,,,,,,,,,
,,,,,,0,,,,,,,,,,,,
,,,,,,0,,,,,,,,,,,,
,,,,,,0,,,,,,,,,,,,
,,,,,,0,,,,,,,,,,,,
,,,,,,0,,,,,,,,,,,,
,,,,,,0,,,,,,,,,,,,
,,,,,,0,,,,,,,,,,,,
,,,,,,0,,,,,,,,,,,,
,,,,,,0,,,,,,,,,,,,
,,,,,,0,,,,,,,,,,,,
,,,,,,0,,,,,,,,,,,,
,,,,,,0,,,,,,,,,,,,
,,,,,,0,,,,,,,,,,,,
,,,,,,0,,,,,,,,,,,,
,,,,,,0,,,,,,,,,,,,
,,,,,,0,,,,,,,,,,,,
,,,,,,0,,,,,,,,,,,,
,,,,,,0,,,,,,,,,,,,
,,,,,,0,,,,,,,,,,,,
,,,,,,0,,,,,,,,,,,,
,,,,,,0,,,,,,,,,,,,
,,,,,,0,,,,,,,,,,,,
,,,,,,0,,,,,,,,,,,,
,,,,,,0,,,,,,,,,,,,
,,,,,,0,,,,,,,,,,,,
,,,,,,0,,,,,,,,,,,,
,,,,,,0,,,,,,,,,,,,
,,,,,,0,,,,,,,,,,,,
,,,,,,0,,,,,,,,,,,,
,,,,,,0,,,,,,,,,,,,
,,,,,,0,,,,,,,,,,,,
,,,,,,0,,,,,,,,,,,,
,,,,,,0,,,,,,,,,,,,
,,,,,,0,,,,,,,,,,,,
,,,,,,0,,,,,,,,,,,,
,,,,,,0,,,,,,,,,,,,
,,,,,,0,,,,,,,,,,,,
,,,,,,0,,,,,,,,,,,,
,,,,,,0,,,,,,,,,,,,
,,,,,,0,,,,,,,,,,,,
,,,,,,0,,,,,,,,,,,,
,,,,,,0,,,,,,,,,,,,
,,,,,,0,,,,,,,,,,,,
,,,,,,0,,,,,,,,,,,,
,,,,,,0,,,,,,,,,,,,
,,,,,,0,,,,,,,,,,,,
,,,,,,0,,,,,,,,,,,,
,,,,,,0,,,,,,,,,,,,
,,,,,,0,,,,,,,,,,,,
,,,,,,0,,,,,,,,,,,,
,,,,,,0,,,,,,,,,,,,
,,,,,,0,,,,,,,,,,,,
,,,,,,0,,,,,,,,,,,,
,,,,,,0,,,,,,,,,,,,
,,,,,,0,,,,,,,,,,,,
,,,,,,0,,,,,,,,,,,,
,,,,,,0,,,,,,,,,,,,
,,,,,,0,,,,,,,,,,,,
,,,,,,0,,,,,,,,,,,,
,,,,,,0,,,,,,,,,,,,
,,,,,,0,,,,,,,,,,,,
,,,,,,0,,,,,,,,,,,,
,,,,,,0,,,,,,,,,,,,
,,,,,,0,,,,,,,,,,,,
,,,,,,0,,,,,,,,,,,,
,,,,,,0,,,,,,,,,,,,
,,,,,,0,,,,,,,,,,,,
,,,,,,0,,,,,,,,,,,,
,,,,,,0,,,,,,,,,,,,
,,,,,,0,,,,,,,,,,,,
,,,,,,0,,,,,,,,,,,,
,,,,,,0,,,,,,,,,,,,
,,,,,,0,,,,,,,,,,,,
,,,,,,0,,,,,,,,,,,,
,,,,,,0,,,,,,,,,,,,
,,,,,,0,,,,,,,,,,,,
,,,,,,0,,,,,,,,,,,,
,,,,,,0,,,,,,,,,,,,
,,,,,,0,,,,,,,,,,,,
,,,,,,0,,,,,,,,,,,,
,,,,,,0,,,,,,,,,,,,
,,,,,,0,,,,,,,,,,,,
,,,,,,0,,,,,,,,,,,,
,,,,,,0,,,,,,,,,,,,
,,,,,,0,,,,,,,,,,,,
,,,,,,0,,,,,,,,,,,,
,,,,,,0,,,,,,,,,,,,
,,,,,,0,,,,,,,,,,,,
,,,,,,0,,,,,,,,,,,,
,,,,,,0,,,,,,,,,,,,
,,,,,,0,,,,,,,,,,,,
,,,,,,0,,,,,,,,,,,,
,,,,,,0,,,,,,,,,,,,
,,,,,,0,,,,,,,,,,,,
,,,,,,0,,,,,,,,,,,,
,,,,,,0,,,,,,,,,,,,
,,,,,,0,,,,,,,,,,,,
,,,,,,0,,,,,,,,,,,,
,,,,,,0,,,,,,,,,,,,
,,,,,,0,,,,,,,,,,,,
,,,,,,0,,,,,,,,,,,,
,,,,,,0,,,,,,,,,,,,
,,,,,,0,,,,,,,,,,,,
,,,,,,0,,,,,,,,,,,,
,,,,,,0,,,,,,,,,,,,
,,,,,,0,,,,,,,,,,,,
,,,,,,0,,,,,,,,,,,,
,,,,,,0,,,,,,,,,,,,
,,,,,,0,,,,,,,,,,,,
,,,,,,0,,,,,,,,,,,,
,,,,,,0,,,,,,,,,,,,
,,,,,,0,,,,,,,,,,,,
,,,,,,0,,,,,,,,,,,,
,,,,,,0,,,,,,,,,,,,
,,,,,,0,,,,,,,,,,,,
,,,,,,0,,,,,,,,,,,,
,,,,,,0,,,,,,,,,,,,
,,,,,,0,,,,,,,,,,,,
,,,,,,0,,,,,,,,,,,,
,,,,,,0,,,,,,,,,,,,
,,,,,,0,,,,,,,,,,,,
,,,,,,0,,,,,,,,,,,,
,,,,,,0,,,,,,,,,,,,
,,,,,,0,,,,,,,,,,,,
,,,,,,0,,,,,,,,,,,,
,,,,,,0,,,,,,,,,,,,
,,,,,,0,,,,,,,,,,,,
,,,,,,0,,,,,,,,,,,,
,,,,,,0,,,,,,,,,,,,
,,,,,,0,,,,,,,,,,,,
,,,,,,0,,,,,,,,,,,,
,,,,,,0,,,,,,,,,,,,
,,,,,,0,,,,,,,,,,,,
,,,,,,0,,,,,,,,,,,,
,,,,,,0,,,,,,,,,,,,
,,,,,,0,,,,,,,,,,,,
,,,,,,0,,,,,,,,,,,,
,,,,,,0,,,,,,,,,,,,
,,,,,,0,,,,,,,,,,,,
,,,,,,0,,,,,,,,,,,,
,,,,,,0,,,,,,,,,,,,
,,,,,,0,,,,,,,,,,,,
,,,,,,0,,,,,,,,,,,,
,,,,,,0,,,,,,,,,,,,
,,,,,,0,,,,,,,,,,,,
,,,,,,0,,,,,,,,,,,,
,,,,,,0,,,,,,,,,,,,
,,,,,,0,,,,,,,,,,,,
,,,,,,0,,,,,,,,,,,,
,,,,,,0,,,,,,,,,,,,
,,,,,,0,,,,,,,,,,,,
,,,,,,0,,,,,,,,,,,,
,,,,,,0,,,,,,,,,,,,
,,,,,,0,,,,,,,,,,,,
,,,,,,0,,,,,,,,,,,,
,,,,,,0,,,,,,,,,,,,
,,,,,,0,,,,,,,,,,,,
,,,,,,0,,,,,,,,,,,,
,,,,,,0,,,,,,,,,,,,
,,,,,,0,,,,,,,,,,,,
,,,,,,0,,,,,,,,,,,,
,,,,,,0,,,,,,,,,,,,
,,,,,,0,,,,,,,,,,,,
,,,,,,0,,,,,,,,,,,,
,,,,,,0,,,,,,,,,,,,
,,,,,,0,,,,,,,,,,,,
,,,,,,0,,,,,,,,,,,,
,,,,,,0,,,,,,,,,,,,
,,,,,,0,,,,,,,,,,,,
,,,,,,0,,,,,,,,,,,,
,,,,,,0,,,,,,,,,,,,
,,,,,,0,,,,,,,,,,,,
,,,,,,0,,,,,,,,,,,,
,,,,,,0,,,,,,,,,,,,
,,,,,,0,,,,,,,,,,,,
,,,,,,0,,,,,,,,,,,,
,,,,,,0,,,,,,,,,,,,
,,,,,,0,,,,,,,,,,,,
,,,,,,0,,,,,,,,,,,,
,,,,,,0,,,,,,,,,,,,
,,,,,,0,,,,,,,,,,,,
,,,,,,0,,,,,,,,,,,,
,,,,,,0,,,,,,,,,,,,
,,,,,,0,,,,,,,,,,,,
,,,,,,0,,,,,,,,,,,,
,,,,,,0,,,,,,,,,,,,
,,,,,,0,,,,,,,,,,,,
,,,,,,0,,,,,,,,,,,,
,,,,,,0,,,,,,,,,,,,
,,,,,,0,,,,,,,,,,,,
,,,,,,0,,,,,,,,,,,,
,,,,,,0,,,,,,,,,,,,
,,,,,,0,,,,,,,,,,,,
,,,,,,0,,,,,,,,,,,,
,,,,,,0,,,,,,,,,,,,
,,,,,,0,,,,,,,,,,,,
,,,,,,0,,,,,,,,,,,,
,,,,,,0,,,,,,,,,,,,
,,,,,,0,,,,,,,,,,,,
,,,,,,0,,,,,,,,,,,,
,,,,,,0,,,,,,,,,,,,
,,,,,,0,,,,,,,,,,,,
,,,,,,0,,,,,,,,,,,,
,,,,,,0,,,,,,,,,,,,
,,,,,,0,,,,,,,,,,,,
,,,,,,0,,,,,,,,,,,,
,,,,,,0,,,,,,,,,,,,
,,,,,,0,,,,,,,,,,,,
,,,,,,0,,,,,,,,,,,,
,,,,,,0,,,,,,,,,,,,
,,,,,,0,,,,,,,,,,,,
,,,,,,0,,,,,,,,,,,,
,,,,,,0,,,,,,,,,,,,
,,,,,,0,,,,,,,,,,,,
,,,,,,0,,,,,,,,,,,,
,,,,,,0,,,,,,,,,,,,
,,,,,,0,,,,,,,,,,,,
,,,,,,0,,,,,,,,,,,,
,,,,,,0,,,,,,,,,,,,
,,,,,,0,,,,,,,,,,,,
,,,,,,0,,,,,,,,,,,,
,,,,,,0,,,,,,,,,,,,
,,,,,,0,,,,,,,,,,,,
,,,,,,0,,,,,,,,,,,,
,,,,,,0,,,,,,,,,,,,
,,,,,,0,,,,,,,,,,,,
,,,,,,0,,,,,,,,,,,,
,,,,,,0,,,,,,,,,,,,
,,,,,,0,,,,,,,,,,,,
,,,,,,0,,,,,,,,,,,,
,,,,,,0,,,,,,,,,,,,
,,,,,,0,,,,,,,,,,,,
,,,,,,0,,,,,,,,,,,,
,,,,,,0,,,,,,,,,,,,
,,,,,,0,,,,,,,,,,,,
,,,,,,0,,,,,,,,,,,,
,,,,,,0,,,,,,,,,,,,
,,,,,,0,,,,,,,,,,,,
,,,,,,0,,,,,,,,,,,,
,,,,,,0,,,,,,,,,,,,
,,,,,,0,,,,,,,,,,,,
,,,,,,0,,,,,,,,,,,,
,,,,,,0,,,,,,,,,,,,
,,,,,,0,,,,,,,,,,,,
,,,,,,0,,,,,,,,,,,,
,,,,,,0,,,,,,,,,,,,
,,,,,,0,,,,,,,,,,,,
,,,,,,0,,,,,,,,,,,,
,,,,,,0,,,,,,,,,,,,
,,,,,,0,,,,,,,,,,,,
,,,,,,0,,,,,,,,,,,,
,,,,,,0,,,,,,,,,,,,
,,,,,,0,,,,,,,,,,,,
,,,,,,0,,,,,,,,,,,,
,,,,,,0,,,,,,,,,,,,
,,,,,,0,,,,,,,,,,,,
,,,,,,0,,,,,,,,,,,,
,,,,,,0,,,,,,,,,,,,
,,,,,,0,,,,,,,,,,,,
,,,,,,0,,,,,,,,,,,,
,,,,,,0,,,,,,,,,,,,
,,,,,,0,,,,,,,,,,,,
,,,,,,0,,,,,,,,,,,,
,,,,,,0,,,,,,,,,,,,
,,,,,,0,,,,,,,,,,,,
,,,,,,0,,,,,,,,,,,,
,,,,,,0,,,,,,,,,,,,
,,,,,,0,,,,,,,,,,,,
,,,,,,0,,,,,,,,,,,,
,,,,,,0,,,,,,,,,,,,
,,,,,,0,,,,,,,,,,,,
,,,,,,0,,,,,,,,,,,,
,,,,,,0,,,,,,,,,,,,
,,,,,,0,,,,,,,,,,,,
,,,,,,0,,,,,,,,,,,,
,,,,,,0,,,,,,,,,,,,
,,,,,,0,,,,,,,,,,,,
,,,,,,0,,,,,,,,,,,,
,,,,,,0,,,,,,,,,,,,
,,,,,,0,,,,,,,,,,,,
,,,,,,0,,,,,,,,,,,,
,,,,,,0,,,,,,,,,,,,
,,,,,,0,,,,,,,,,,,,
,,,,,,0,,,,,,,,,,,,
,,,,,,0,,,,,,,,,,,,
,,,,,,0,,,,,,,,,,,,
,,,,,,0,,,,,,,,,,,,
,,,,,,0,,,,,,,,,,,,
,,,,,,0,,,,,,,,,,,,
,,,,,,0,,,,,,,,,,,,